0.073281,0.18896,0.30422,0.064531,0.063385,0.078646,0.46958,0.24948
0.064271,0.13323,0.30349,0.05776,0.058802,0.071719,0.48547,0.23693
0.062083,0.14568,0.25859,0.054635,0.056042,0.078021,0.3824,0.21365
0.064427,0.15885,0.28568,0.059792,0.059687,0.079219,0.34901,0.16615
0.060208,0.15411,0.30135,0.060937,0.057396,0.071823,0.5225,0.16776
0.058229,0.16854,0.35219,0.060937,0.061615,0.08474,0.4049,0.25068
0.053281,0.1312,0.26146,0.053594,0.048333,0.055781,0.4,0.1588
0.057031,0.13187,0.29208,0.048646,0.049167,0.066198,0.38271,0.18906
0.052448,0.13729,0.30651,0.051302,0.050417,0.074115,0.39495,0.21802
0.058594,0.13292,0.27724,0.047344,0.059583,0.060781,0.3862,0.18
0.05901,0.14016,0.34667,0.054948,0.049635,0.051875,0.31589,0.23391
0.069115,0.14036,0.32594,0.056406,0.053542,0.087813,0.46974,0.26182
0.057396,0.12964,0.37901,0.057188,0.058802,0.060729,0.36057,0.16656
0.056458,0.14615,0.30203,0.051354,0.062031,0.0725,0.38542,0.21526
0.058125,0.14646,0.32594,0.055417,0.05875,0.07724,0.48083,0.21755
0.058333,0.16458,0.29875,0.063073,0.065521,0.080573,0.47313,0.19661
0.064687,0.18281,0.35948,0.057604,0.061719,0.077135,0.34198,0.25458
0.073177,0.16599,0.34896,0.061771,0.064062,0.07474,0.34391,0.27115
0.061406,0.14344,0.30875,0.054375,0.049323,0.066823,0.39005,0.19833
0.06875,0.16729,0.33083,0.055,0.055104,0.072813,0.46375,0.21854
0.17036,0.24703,0.57333,0.072552,0.076927,0.24026,0.63708,0.29344
0.06526,0.11708,0.44156,0.051198,0.059375,0.15854,0.65802,0.22167
0.079792,0.10766,0.44839,0.060365,0.071406,0.23214,0.47552,0.22901
0.084219,0.10036,0.41922,0.063177,0.061094,0.19948,0.52141,0.21703
0.081927,0.10141,0.41005,0.060521,0.06875,0.14922,0.67635,0.24089
0.084271,0.16448,0.46047,0.064531,0.068646,0.18547,0.71302,0.24823
0.08849,0.12234,0.43312,0.060677,0.058177,0.17844,0.55281,0.18734
0.081667,0.13281,0.41813,0.071667,0.063333,0.17698,0.63073,0.21641
0.076354,0.14266,0.5012,0.060312,0.056719,0.21594,0.58151,0.21589
0.069635,0.19557,0.35375,0.058073,0.061719,0.16568,0.51995,0.24469
0.0775,0.12443,0.38964,0.054896,0.065052,0.14026,0.68484,0.31562
0.077448,0.17328,0.47583,0.062917,0.067865,0.16964,0.60854,0.26026
0.072656,0.155,0.32208,0.061875,0.065,0.23005,0.53672,0.21708
0.078073,0.18,0.36531,0.057552,0.058281,0.21281,0.68865,0.22797
0.094948,0.17646,0.47172,0.064115,0.060469,0.2488,0.64432,0.17672
0.083177,0.18359,0.43302,0.06151,0.065365,0.2749,0.51792,0.16771
0.090469,0.2151,0.4974,0.072552,0.071667,0.24714,0.57833,0.1674
0.076563,0.21375,0.55391,0.071771,0.074583,0.28974,0.48276,0.20693
0.081042,0.2238,0.42495,0.067708,0.057292,0.25266,0.56953,0.24854
0.093385,0.19469,0.54,0.073021,0.065417,0.26948,0.49536,0.2076
0.2087,0.17938,0.65302,0.092448,0.081354,0.2226,0.8501,0.37094
0.089635,0.16318,0.58042,0.075469,0.074531,0.24729,0.72875,0.22599
0.073385,0.12313,0.50286,0.063125,0.063802,0.13375,0.54109,0.2001
0.093594,0.1438,0.50901,0.066667,0.060417,0.1701,0.71177,0.22375
0.06599,0.16948,0.59042,0.066198,0.067344,0.16151,0.69672,0.23615
0.08625,0.17422,0.4974,0.068437,0.06224,0.23005,0.75234,0.25141
0.10641,0.1626,0.55167,0.077656,0.077188,0.18115,0.68052,0.31062
0.15266,0.19385,0.55297,0.072656,0.076302,0.22865,0.64818,0.29448
0.15375,0.15417,0.50516,0.075833,0.074115,0.15474,0.72323,0.25953
0.085573,0.1774,0.57969,0.074688,0.065521,0.20359,0.78172,0.24286
0.12875,0.14896,0.48156,0.06625,0.057969,0.15932,0.5301,0.2124
0.11042,0.14833,0.49953,0.068802,0.070365,0.18812,0.7726,0.25323
0.13109,0.17661,0.51776,0.074844,0.075365,0.1888,0.5825,0.2138
0.16167,0.16151,0.48083,0.063906,0.061823,0.12349,0.60932,0.25885
0.12672,0.16833,0.48401,0.07474,0.069271,0.2325,0.59505,0.26484
0.062865,0.17776,0.42385,0.071042,0.069687,0.16964,0.6088,0.21979
0.10276,0.15474,0.43953,0.06599,0.062604,0.17271,0.59521,0.23365
0.12708,0.20531,0.53219,0.085365,0.069427,0.17859,0.61984,0.21177
0.11724,0.16062,0.52391,0.07375,0.065781,0.15714,0.68286,0.28354
0.11839,0.16271,0.50964,0.083646,0.07125,0.16464,0.62604,0.28026
0.24729,0.17339,0.71036,0.10135,0.085781,0.33948,0.51703,0.31901
0.097552,0.13443,0.60453,0.092552,0.074479,0.21844,0.60958,0.28635
0.11917,0.16109,0.63099,0.093385,0.070521,0.18615,0.68063,0.41911
0.16734,0.2251,0.57688,0.087083,0.082187,0.35745,0.59609,0.31604
0.15563,0.1974,0.70266,0.10125,0.091302,0.28927,0.52141,0.25453
0.071615,0.15693,0.5963,0.10281,0.072292,0.25953,0.59953,0.24948
0.06724,0.14255,0.66844,0.1087,0.085052,0.31938,0.60917,0.25292
0.078958,0.15484,0.56766,0.10651,0.079896,0.27693,0.61422,0.22984
0.066719,0.14026,0.67974,0.096823,0.084219,0.28104,0.54266,0.21068
0.078854,0.15323,0.71568,0.10156,0.078021,0.3337,0.52865,0.21302
0.073438,0.18052,0.68443,0.11792,0.080833,0.30839,0.52641,0.19958
0.093854,0.15021,0.66036,0.10286,0.083646,0.33276,0.62786,0.22594
0.068542,0.14146,0.59161,0.1125,0.085521,0.31328,0.55167,0.26464
0.089115,0.17125,0.86474,0.10979,0.080625,0.34542,0.61667,0.26448
0.075,0.13964,0.67224,0.10479,0.079948,0.32896,0.5587,0.21505
0.078125,0.17214,0.63422,0.10031,0.084375,0.31792,0.56333,0.2787
0.084583,0.15594,0.58453,0.10896,0.086927,0.33109,0.47063,0.25031
0.092396,0.17844,0.65036,0.11135,0.084375,0.29714,0.59547,0.23099
0.083021,0.19807,0.69646,0.14432,0.11734,0.41391,0.5024,0.20229
0.072865,0.1675,0.70859,0.09974,0.077813,0.27563,0.57849,0.23786
0.13208,0.1813,0.71708,0.15776,0.065833,0.093125,0.22979,0.23729
0.11781,0.22219,0.77385,0.13125,0.069948,0.071094,0.18141,0.26307
0.10854,0.14927,0.59474,0.11677,0.060677,0.084375,0.21766,0.21328
0.10693,0.1538,0.56161,0.11203,0.061042,0.066302,0.15901,0.14349
0.13781,0.15901,0.53984,0.09974,0.055156,0.07276,0.23427,0.22099
0.10339,0.2249,0.90479,0.16406,0.09375,0.080833,0.16052,0.185
0.12359,0.19719,0.63375,0.1287,0.072396,0.078385,0.19927,0.26214
0.10823,0.18156,0.63443,0.12151,0.062083,0.068854,0.13177,0.24552
0.12641,0.20432,0.77271,0.12885,0.061146,0.07026,0.17016,0.29635
0.11276,0.16625,0.5874,0.1238,0.05776,0.060365,0.15068,0.24438
0.10635,0.15651,0.6151,0.11432,0.0625,0.061302,0.1549,0.21672
0.12354,0.17083,0.7501,0.12411,0.077292,0.064896,0.13182,0.23151
0.10401,0.1513,0.77438,0.12589,0.070885,0.07151,0.14615,0.25974
0.12604,0.155,0.62901,0.097969,0.05849,0.066615,0.20302,0.30224
0.10026,0.14698,0.63089,0.11953,0.059687,0.054062,0.15245,0.2525
0.09375,0.16578,0.59427,0.11583,0.055,0.048906,0.13698,0.19958
0.10849,0.18307,0.86094,0.14109,0.076823,0.066719,0.16312,0.2563
0.11354,0.25839,0.85667,0.15953,0.081094,0.073021,0.17807,0.28109
0.10302,0.21385,0.79292,0.14146,0.056927,0.068854,0.14724,0.20052
0.15203,0.20635,0.83521,0.16531,0.079062,0.076198,0.15458,0.31526
0.17719,0.54958,0.76719,0.13823,0.068542,0.22005,0.1725,0.18443
0.14089,0.41089,0.69036,0.093021,0.046563,0.11521,0.16026,0.15745
0.11609,0.31042,0.74339,0.10099,0.048281,0.13484,0.15052,0.24453
0.14229,0.50958,0.67833,0.089167,0.048802,0.19969,0.15156,0.16547
0.17161,0.36505,0.74781,0.12031,0.058438,0.13443,0.19203,0.21188
0.16677,0.41745,0.6849,0.10198,0.045156,0.13271,0.17391,0.18042
0.14661,0.39057,0.63766,0.10417,0.04901,0.13833,0.17318,0.19448
0.14115,0.47687,0.51708,0.090938,0.054792,0.12797,0.17,0.21776
0.12172,0.3576,0.64823,0.10094,0.04974,0.11354,0.15573,0.17693
0.16932,0.49615,0.72333,0.10432,0.047656,0.15078,0.17667,0.17156
0.1425,0.40464,0.67557,0.089896,0.050104,0.14688,0.20911,0.2551
0.14641,0.44958,0.55589,0.091146,0.049896,0.15432,0.16057,0.20109
0.16099,0.37703,0.72339,0.12802,0.054062,0.090417,0.20875,0.23063
0.16453,0.52281,0.90698,0.12875,0.053906,0.11703,0.22328,0.21563
0.22052,0.58542,0.73161,0.13844,0.070729,0.25432,0.30583,0.29734
0.17948,0.50271,0.89766,0.13516,0.058177,0.15135,0.18932,0.18583
0.14453,0.36828,0.84078,0.11036,0.044271,0.099323,0.15568,0.18146
0.18349,0.52859,0.78391,0.13594,0.049063,0.13396,0.16292,0.18229
0.20156,0.43562,0.72885,0.10417,0.052656,0.14755,0.17193,0.17385
0.17167,0.47464,0.81224,0.11479,0.047969,0.15917,0.1813,0.1874
0.22828,0.43734,0.60516,0.20708,0.076927,0.12344,0.16401,0.40016
0.1951,0.40224,0.46969,0.063802,0.04849,0.13693,0.11708,0.32557
0.24677,0.45823,0.5276,0.10115,0.069531,0.19443,0.16797,0.36698
0.215,0.27521,0.40375,0.074167,0.046146,0.16167,0.17417,0.38516
0.25073,0.28969,0.42208,0.091979,0.093385,0.29135,0.29589,0.47302
0.2351,0.40698,0.47333,0.091927,0.096406,0.1475,0.16724,0.35432
0.29667,0.52708,0.6451,0.13573,0.066615,0.10026,0.19583,0.42609
0.1975,0.36708,0.48172,0.077813,0.052708,0.095885,0.14068,0.24938
0.20313,0.37354,0.44682,0.09224,0.047448,0.13464,0.13073,0.26188
0.22505,0.40734,0.45594,0.10802,0.060521,0.14583,0.13911,0.27141
0.18198,0.44484,0.53187,0.092031,0.05849,0.1425,0.17031,0.26578
0.23604,0.35161,0.44813,0.091302,0.053177,0.066458,0.07526,0.17708
0.24078,0.28849,0.4526,0.13062,0.07349,0.30646,0.17453,0.35724
0.26526,0.39224,0.57953,0.12708,0.063958,0.11563,0.12745,0.37422
0.25672,0.3363,0.50026,0.11771,0.07026,0.23661,0.18781,0.32375
0.24802,0.4199,0.4926,0.093594,0.061042,0.1324,0.18536,0.38068
0.23995,0.2426,0.36854,0.09401,0.058073,0.17719,0.20776,0.40573
0.24615,0.39344,0.47172,0.10453,0.059479,0.12276,0.20526,0.29099
0.22422,0.32974,0.5499,0.0775,0.056771,0.1312,0.13943,0.22078
0.22755,0.48562,0.4862,0.093073,0.066562,0.15229,0.1813,0.32229
0.12411,0.22271,0.74109,0.13083,0.055885,0.11896,0.21339,0.22422
0.1175,0.19609,0.78484,0.15438,0.065052,0.094635,0.20135,0.23281
0.084167,0.18417,0.68714,0.12172,0.054583,0.10344,0.1324,0.23464
0.08401,0.20422,0.83432,0.1424,0.060937,0.069635,0.16521,0.25734
0.080208,0.23,0.75849,0.12766,0.053594,0.10109,0.16406,0.21859
0.089688,0.19031,0.80052,0.12042,0.063594,0.060781,0.11281,0.17026
0.091458,0.1776,0.68297,0.1076,0.047031,0.066875,0.13349,0.22031
0.090573,0.19094,0.86385,0.13281,0.060937,0.074531,0.11578,0.21063
0.067448,0.1776,0.85146,0.18125,0.066615,0.081823,0.15849,0.19125
0.072813,0.15417,0.80125,0.13031,0.055573,0.090677,0.14302,0.19917
0.088542,0.22807,0.78839,0.14198,0.05875,0.095573,0.13484,0.20589
0.087344,0.16776,0.78349,0.14672,0.062917,0.088542,0.15109,0.25115
0.090365,0.22177,0.88078,0.12552,0.050833,0.057188,0.090677,0.22422
0.080885,0.17635,0.81245,0.13177,0.053073,0.064635,0.1075,0.19479
0.084479,0.17656,0.58677,0.12063,0.05151,0.11557,0.12167,0.20698
0.17214,0.19651,0.6451,0.12859,0.07474,0.15193,0.23151,0.30786
0.13609,0.21229,0.6512,0.12453,0.062188,0.12089,0.18844,0.23573
0.081354,0.16432,0.74531,0.11698,0.070052,0.11661,0.14042,0.26453
0.073177,0.18927,0.84089,0.12672,0.05099,0.10245,0.14745,0.22089
0.097865,0.23563,0.68141,0.12641,0.063281,0.12651,0.15937,0.21536
0.26115,0.45151,0.88578,0.2538,0.10703,0.12672,0.96854,0.615
0.26255,0.29318,0.64693,0.17099,0.089792,0.12792,0.30458,0.43339
0.24234,0.28193,0.99031,0.16656,0.094844,0.15016,0.15573,0.43953
0.20224,0.25672,1.0993,0.17307,0.090573,0.23505,0.42516,0.39807
0.19312,0.24839,0.7463,0.15771,0.08901,0.22797,0.52031,0.65698
0.27432,0.24578,1.0486,0.16589,0.096562,0.2026,0.52464,0.56823
0.25906,0.33443,1.1395,0.22078,0.088438,0.13474,0.54063,0.62089
0.27635,0.24474,0.99708,0.21297,0.099323,0.21401,0.34375,0.50078
0.28693,0.34844,1.1675,0.23651,0.11557,0.20359,0.49521,0.5476
0.2851,0.19594,1.1244,0.23792,0.09724,0.13609,0.46568,0.6676
0.23703,0.22667,0.95536,0.24234,0.11151,0.14297,0.33755,0.63474
0.22635,0.14875,0.77068,0.16479,0.080469,0.19401,0.46896,0.69083
0.24208,0.19151,0.99234,0.24656,0.094531,0.2137,0.35984,0.54073
0.29135,0.19776,0.87005,0.2274,0.091927,0.15443,0.14865,0.55167
0.2601,0.21641,0.89115,0.21563,0.10443,0.20635,0.48729,0.65552
0.25115,0.48542,0.92771,0.21208,0.076927,0.20807,0.39859,0.66422
0.27687,0.22536,1.0233,0.31005,0.10792,0.17911,0.49865,0.7563
0.32953,0.24104,1.062,0.26969,0.11198,0.18052,0.29943,0.55552
0.30177,0.19948,1.0123,0.20552,0.10323,0.13568,0.69516,0.63099
0.28333,0.2276,1.0839,0.23234,0.10089,0.17349,0.62839,0.52536
0.2462,0.21563,0.9101,0.19875,0.081042,0.13094,0.44859,0.62865
0.2863,0.43411,1.0241,0.20536,0.11797,0.24026,0.51307,0.33474
0.24635,0.49969,0.8749,0.21568,0.1075,0.2775,0.33813,0.28823
0.25062,0.40036,0.90969,0.18068,0.096302,0.23432,0.40917,0.34578
0.29438,0.40677,0.9663,0.21255,0.09875,0.28505,0.44729,0.33745
0.22974,0.41203,1.134,0.22859,0.10464,0.28708,0.34646,0.38536
0.24974,0.40651,0.80823,0.28651,0.10917,0.23938,0.30786,0.33781
0.21682,0.38406,1.1299,0.20547,0.10979,0.22693,0.31188,0.4475
0.32141,0.54646,0.97344,0.30229,0.10432,0.26547,0.35,0.38786
0.19365,0.3101,1.0459,0.17776,0.11448,0.36172,0.21057,0.45323
0.21958,0.39328,1.0708,0.18974,0.12844,0.21146,0.2124,0.45214
0.18432,0.28474,0.95854,0.18724,0.094948,0.23177,0.21859,0.38495
0.21302,0.42047,1.0655,0.21531,0.10411,0.20208,0.3224,0.4674
0.16115,0.22901,0.90432,0.23604,0.10479,0.22755,0.19646,0.44807
0.20557,0.28151,1.0101,0.23953,0.085104,0.22094,0.23146,0.35839
0.17974,0.30766,1.0306,0.19922,0.087969,0.20615,0.22161,0.3949
0.24208,0.32453,1.0735,0.25745,0.10984,0.19797,0.19172,0.42839
0.18396,0.32896,1.0113,0.22266,0.079375,0.20771,0.20375,0.35792
0.17823,0.3463,1.0094,0.18469,0.089583,0.17682,0.17927,0.48161
0.16948,0.27323,1.0259,0.24198,0.087188,0.20448,0.19729,0.36266
0.17698,0.26354,1.1009,0.30812,0.11458,0.21974,0.26172,0.43359
0.17802,0.2562,0.89229,0.2599,0.086979,0.15646,0.24964,0.5137
0.56349,0.44505,0.79609,0.2425,0.12073,0.19958,0.69177,0.34594
0.49604,0.3937,0.87531,0.21786,0.12417,0.19146,0.88469,0.36625
0.52161,0.44495,0.94797,0.27323,0.13781,0.34828,1.4136,0.37943
0.48708,0.33396,0.77521,0.19891,0.10969,0.1762,1.0167,0.295
0.34958,0.28036,0.62979,0.17875,0.097552,0.19276,1.411,0.23359
0.56677,0.44792,0.63161,0.22703,0.10703,0.21755,1.2572,0.2513
0.55516,0.25521,0.69094,0.17604,0.10734,0.20354,1.2631,0.30568
0.32563,0.29052,0.53208,0.17125,0.11891,0.2337,1.4181,0.32708
0.52547,0.3299,0.6712,0.19286,0.09526,0.18818,1.2411,0.26656
0.47302,0.3638,0.52818,0.22214,0.11339,0.18109,1.028,0.2162
0.34391,0.31214,0.71448,0.19547,0.11276,0.2049,1.2143,0.21151
0.67391,0.31161,0.82208,0.22161,0.13057,0.20672,1.2548,0.31245
0.45313,0.33339,0.67766,0.19687,0.11531,0.21656,1.1818,0.22286
0.46271,0.2824,0.63703,0.17771,0.090781,0.18656,1.1581,0.19406
0.53844,0.34573,0.7726,0.26896,0.14083,0.21448,1.2591,0.22698
0.40219,0.25943,0.5775,0.20401,0.11542,0.16693,0.80609,0.19125
0.40505,0.32318,0.6849,0.25125,0.10396,0.15458,0.81214,0.20932
0.49057,0.31896,0.60766,0.27964,0.11776,0.19453,0.94891,0.23844
0.43979,0.43005,0.96781,0.31672,0.13568,0.18974,1.116,0.27
0.31307,0.43896,0.82958,0.29161,0.12068,0.18776,0.92479,0.25203
0.35229,0.37188,0.85271,0.3238,0.1312,0.14438,0.83943,0.2562
0.33833,0.33776,1.0175,0.47771,0.14354,0.17479,0.36682,0.51823
0.2412,0.30927,0.95125,0.30505,0.10005,0.11922,0.24307,0.34542
0.29219,0.33661,1.0439,0.30193,0.10312,0.14307,0.33964,0.43083
0.24094,0.31885,1.0145,0.33594,0.11333,0.13943,0.29984,0.46156
0.23266,0.25458,0.90417,0.32844,0.11526,0.11063,0.17422,0.32385
0.16573,0.31005,1.1506,0.35328,0.12578,0.145,0.29656,0.52281
0.15776,0.25005,0.90214,0.2675,0.11052,0.10182,0.225,0.42073
0.12604,0.21656,0.87693,0.29391,0.10187,0.089427,0.19995,0.34344
0.20969,0.3024,0.99635,0.35417,0.11583,0.11281,0.17271,0.39437
0.16635,0.2737,1.1407,0.24969,0.085208,0.13651,0.23641,0.34958
0.1824,0.23432,0.89297,0.28437,0.10708,0.22062,0.25104,0.33687
0.17974,0.31771,0.97724,0.30896,0.098958,0.16193,0.24813,0.49917
0.17552,0.34682,1.0374,0.28672,0.10964,0.12932,0.27677,0.50302
0.20948,0.32818,1.1178,0.32302,0.13776,0.16135,0.25922,0.42042
0.15031,0.28307,0.97276,0.31302,0.10927,0.15568,0.27063,0.34458
0.11964,0.2612,0.8625,0.31474,0.10057,0.1426,0.21995,0.36656
0.16724,0.29401,1.0839,0.43464,0.11552,0.095104,0.2151,0.44635
0.18417,0.26245,1.051,0.36286,0.10516,0.1026,0.19151,0.41057
0.30594,0.33036,1.0923,0.40719,0.11182,0.10745,0.2588,0.3875
0.1538,0.26703,1.0784,0.24771,0.10708,0.13391,0.18714,0.33437
0.14516,0.31005,1.0311,0.35396,0.12203,0.13167,0.25766,0.35938
0.22406,0.1825,0.86677,0.20406,0.11016,0.1088,1.0333,0.52729
0.30703,0.35349,0.95406,0.22818,0.12391,0.12828,1.1754,0.76839
0.2212,0.32021,0.95328,0.2425,0.12302,0.14073,1.1046,0.63651
0.23036,0.43036,1.0323,0.2288,0.11531,0.16839,1.216,0.80802
0.23068,0.2038,1.0016,0.18906,0.092083,0.089063,0.8151,0.58651
0.21625,0.24609,1.0119,0.19646,0.093646,0.10771,0.9824,0.56885
0.27255,0.26865,1.0714,0.24385,0.10479,0.12193,1.1016,0.69333
0.23318,0.21391,0.8574,0.26021,0.11354,0.14078,1.2256,0.67083
0.19906,0.59984,0.98786,0.16906,0.084323,0.073802,0.6862,0.52302
0.22016,0.64745,1.1473,0.24432,0.12,0.11917,1.1592,0.74656
0.2075,0.64964,1.1684,0.19286,0.11839,0.11339,1.0301,0.46594
0.22542,0.21693,1.1408,0.22021,0.11411,0.11271,0.96047,0.72146
0.2226,0.46469,1.1585,0.23724,0.15318,0.13161,0.8326,0.50219
0.22568,0.43016,1.0937,0.24906,0.11901,0.14719,1.2818,0.8388
0.25427,0.35505,1.0836,0.22865,0.11646,0.11448,0.77182,0.56385
0.2075,0.4938,1.0416,0.21328,0.10714,0.14177,1.1466,0.7174
0.27109,0.29026,1.1133,0.26859,0.11,0.12031,0.98146,0.76099
0.22922,0.34141,1.1119,0.29542,0.11552,0.11224,1.1033,0.75109
0.22984,0.50031,1.0536,0.26948,0.13229,0.11573,1.0947,0.65807
0.22375,0.37484,1.1142,0.22599,0.10307,0.10156,0.97604,0.70531
0.22938,0.3301,0.96417,0.25776,0.11766,0.11391,0.94609,0.58932
0.29224,0.42073,1.0882,0.29302,0.11677,0.12995,0.9887,0.71276
0.25688,0.49578,1.0822,0.27328,0.10724,0.11516,1.0729,0.84698
0.22047,0.49484,1.1823,0.37495,0.15422,0.16464,1.1446,0.60766
0.21849,0.51354,0.98828,0.30797,0.13307,0.13557,1.0703,0.64281
0.26349,0.3762,1.1398,0.23589,0.12802,0.13625,1.1529,0.72578
0.30203,0.51547,1.2388,0.31318,0.12849,0.12417,1.1262,0.59859
0.26922,0.47938,1.2703,0.30672,0.15203,0.17099,1.361,0.78354
0.24714,0.29833,1.1897,0.38807,0.15797,0.16911,1.3513,0.88901
0.24641,0.44536,1.1342,0.37714,0.16724,0.15307,1.2295,0.64187
0.23135,0.30276,1.1102,0.30938,0.125,0.13505,1.1304,0.57807
0.26021,0.20922,1.2221,0.30177,0.11552,0.11036,0.99318,0.65859
0.22391,0.24438,1.0282,0.26823,0.1199,0.14495,1.0868,0.61208
0.3075,0.28474,1.0262,0.22969,0.13406,0.15182,1.0946,0.56625
0.19891,0.28911,1.3092,0.26094,0.12755,0.15776,1.2374,0.70828
0.28937,0.50141,1.2125,0.28625,0.13141,0.13839,1.1517,0.60958
0.25516,0.31078,1.2623,0.32401,0.12432,0.11646,1.1313,0.7324
0.27516,0.31812,1.2308,0.34375,0.1574,0.14156,1.1258,0.56948
0.23365,0.32948,1.2347,0.25406,0.13266,0.13167,1.1621,0.61568
0.25594,0.40042,1.2618,0.31766,0.15068,0.17359,1.1993,0.6901
0.27453,0.25495,1.2594,0.31479,0.1513,0.12729,0.90266,0.57714
0.28208,0.21781,1.1091,0.35958,0.12943,0.12073,1.2585,0.69823
0.22995,0.5612,1.1079,0.23328,0.13859,0.15063,1.1284,0.59562
0.21255,0.47323,1.2172,0.25297,0.16495,0.1637,1.2059,0.54563
0.24042,0.5974,1.1881,0.27552,0.1576,0.20594,1.2388,0.53953
0.31182,0.55505,1.2962,0.33318,0.14635,0.17583,1.3419,0.67651
0.24156,0.28687,1.2415,0.22891,0.14813,0.11505,0.95333,0.45943
0.26547,0.31688,1.1127,0.30073,0.13635,0.13422,1.1473,0.68698
0.20479,0.32036,1.133,0.30417,0.12797,0.1175,0.98854,0.5037
0.295,0.35505,1.3193,0.41896,0.17875,0.18286,1.2634,0.66948
0.24693,0.37719,1.3185,0.36474,0.17781,0.15417,1.1775,0.66604
0.30188,0.32578,0.97411,0.36042,0.1362,0.13016,1.0963,0.68948
0.24547,0.29839,1.0435,0.3787,0.10161,0.15151,1.0518,0.71781
0.26016,0.34031,1.046,0.38109,0.13193,0.14979,1.1459,0.65328
0.24875,0.29516,0.9738,0.35198,0.12188,0.16172,1.2275,0.87922
0.21922,0.30542,1.1728,0.35177,0.10479,0.14521,1.0874,0.78792
0.17547,0.28219,0.93276,0.39708,0.098021,0.13828,1.1506,0.70979
0.25016,0.37562,1.0528,0.41089,0.11844,0.14828,1.0334,0.67807
0.29401,0.38953,1.0749,0.38865,0.13609,0.12224,1.1131,0.76781
0.26786,0.37849,1.1148,0.49589,0.12516,0.13505,1.1249,0.77036
0.23672,0.4374,1.0063,0.46146,0.13016,0.11469,0.95547,0.6849
0.27604,0.32161,1.159,0.44333,0.13052,0.17828,1.0582,0.77573
0.32464,0.35594,1.0942,0.42714,0.15448,0.14635,0.94594,0.60094
0.21635,0.34089,1.0081,0.31078,0.096562,0.11891,1.0416,0.61635
0.31615,0.54964,1.156,0.53781,0.13688,0.16042,1.2024,0.89964
0.26125,0.32901,1.1436,0.44786,0.13833,0.13078,1.0875,0.74719
0.22875,0.31531,0.99583,0.39672,0.11047,0.10276,0.98208,0.55927
0.24052,0.3026,1.2384,0.40266,0.10599,0.12339,1.023,0.66812
0.26182,0.40469,1.125,0.49255,0.12068,0.096146,0.88151,0.61927
0.22609,0.30734,1.2112,0.34687,0.12255,0.14036,0.90906,0.55115
0.25734,0.33255,1.2133,0.41219,0.13292,0.12052,0.99917,0.6113
0.2263,0.22792,0.86099,0.38547,0.096094,0.10109,0.85719,0.55391
0.29469,0.31656,1.1449,0.50505,0.12901,0.12562,1.0041,0.58943
0.27224,0.34036,1.2657,0.44057,0.11833,0.1375,1.1696,0.8326
0.23026,0.31635,1.2439,0.41193,0.1238,0.15594,1.1595,0.6612
0.22562,0.30708,1.0504,0.45797,0.12677,0.11792,1.1836,0.59969
0.25141,0.29729,1.1723,0.44458,0.13016,0.15448,1.1569,0.7151
0.33552,0.38964,1.2117,0.39542,0.11068,0.11818,0.89547,0.72755
0.2676,0.38906,1.1178,0.50161,0.12672,0.11271,1.0296,0.72229
0.2549,0.31635,0.99313,0.3737,0.099062,0.14641,1.1347,0.73677
0.2026,0.31359,1.1089,0.43297,0.10953,0.12021,1.0464,0.86307
0.21953,0.28115,0.91328,0.40141,0.10724,0.09526,0.78958,0.47656
0.24672,0.30005,1.0036,0.48036,0.12635,0.12177,1.0351,0.7675
0.23771,0.25661,1.0228,0.48417,0.11135,0.098594,1.0658,0.68078
0.25911,0.31328,1.1312,0.38432,0.13062,0.13187,1.1358,0.72385
0.2151,0.27115,1.0478,0.4251,0.12266,0.11958,1.0357,0.70698
0.17068,0.26958,0.88344,0.42417,0.11917,0.095521,1.0664,0.56594
0.21292,0.29292,1.0218,0.36094,0.10531,0.12724,1.1744,0.71729
0.23313,0.26542,0.92297,0.39448,0.11536,0.12906,0.99089,0.58052
0.20172,0.25635,0.90568,0.48328,0.11297,0.24813,0.92089,0.50979
0.22141,0.35917,1.0391,0.36672,0.11917,0.13609,0.96339,0.62703
0.2175,0.31698,0.86958,0.3537,0.10078,0.097917,0.95214,0.63536
0.22031,0.32443,1.0667,0.40281,0.10885,0.097865,0.97224,0.63859
0.16583,0.30594,0.91552,0.37438,0.11307,0.10922,1.0778,0.60589
0.22604,0.23156,0.95286,0.34745,0.11531,0.12297,0.84271,0.50438
0.22854,0.34625,1.0092,0.40339,0.10688,0.1213,1.0123,0.58224
0.18297,0.3238,1.1064,0.34193,0.094687,0.093698,0.80807,0.52047
0.22135,0.24609,0.9225,0.42677,0.094531,0.12042,1.0647,0.72469
0.24083,0.25719,1.0114,0.40687,0.10224,0.11583,0.98276,0.78536
0.23135,0.28365,0.89104,0.44307,0.11995,0.10135,0.66802,0.52094
0.18536,0.25901,1.0552,0.41938,0.12438,0.12073,0.98344,0.62984
0.27318,0.26734,1.0616,0.41672,0.12609,0.12958,1.0008,0.52604
0.46469,0.6387,0.84214,0.21344,0.12604,0.50354,1.2232,0.55521
0.50281,0.5325,0.94146,0.14813,0.1113,0.48771,1.304,0.54906
0.65203,0.43646,0.79188,0.1287,0.10146,0.38536,1.334,0.48307
0.32036,0.59698,0.90057,0.16865,0.12729,0.48922,1.3278,0.61344
0.58677,0.48964,0.83583,0.23958,0.11292,0.42141,1.3514,0.57531
0.55052,0.46656,0.84865,0.21427,0.12083,0.41943,1.2612,0.47484
0.39464,0.59474,0.74693,0.12052,0.095312,0.22891,1.4275,0.50432
0.49573,0.75328,0.94714,0.24109,0.10057,0.39687,1.3519,0.43016
0.52958,0.61,1.0127,0.23297,0.11313,0.54521,1.4889,0.65573
0.45953,0.70495,0.88724,0.21531,0.092552,0.33234,1.1179,0.5338
0.25734,0.53859,0.86661,0.25135,0.11219,0.41667,1.3617,0.70854
0.36432,0.49203,0.94953,0.2626,0.087865,0.28411,1.2814,0.67365
0.41099,0.56104,0.81219,0.1863,0.10349,0.28599,1.4086,0.64427
0.4138,0.4012,0.77135,0.21115,0.12229,0.37828,1.2752,0.74891
0.76958,0.46536,0.96344,0.23573,0.10385,0.32667,1.3972,0.65323
0.4338,0.64328,0.78563,0.2524,0.12318,0.34625,1.3771,0.52146
0.48484,0.71458,0.8963,0.3149,0.12516,0.51484,1.3353,0.72339
0.79693,0.58422,0.96422,0.23479,0.11573,0.2926,1.4971,0.76063
0.4763,0.67063,0.80458,0.37589,0.14833,0.31323,1.3593,0.67318
0.52198,0.73333,0.87099,0.31036,0.10505,0.26786,1.3913,0.61844
0.61828,0.70427,1.0193,0.33495,0.1399,0.36057,1.3953,0.79047
0.60255,0.72083,0.90917,0.30938,0.10516,0.24125,1.3268,0.74411
0.5213,0.85818,0.84245,0.39255,0.14953,0.31438,1.3724,0.79089
0.49802,0.72151,0.90406,0.35438,0.12802,0.25865,1.3472,0.98333
0.75635,0.77328,1.0332,0.43224,0.15948,0.34281,1.3836,1.0024
0.58562,0.55599,0.9188,0.28505,0.12089,0.25604,1.4053,0.91219
0.59474,0.78938,0.82661,0.43708,0.14474,0.29594,1.2834,0.90917
0.4276,0.69583,0.8125,0.36068,0.12557,0.25781,1.2193,0.82818
0.64911,0.81932,0.96953,0.4575,0.17625,0.28839,1.1806,0.84984
0.42797,0.74984,0.9599,0.41823,0.12047,0.25,1.2912,0.91812
0.6274,0.74005,0.76052,0.41911,0.15531,0.43266,1.2692,0.94339
0.46536,0.50948,0.97667,0.43016,0.1274,0.33969,1.4446,0.90953
0.52599,0.59453,0.82922,0.43109,0.11635,0.27505,1.3753,0.92901
0.45552,0.56714,1.1128,0.31396,0.11542,0.28563,1.3688,1.0653
0.45068,0.67937,1.0271,0.38448,0.13792,0.26885,1.3493,1.0643
0.45328,0.55443,0.85495,0.36156,0.11276,0.2388,1.1366,0.98146
0.52854,0.55865,0.76271,0.40594,0.13083,0.30557,1.1723,0.77594
0.55188,0.55568,0.69901,0.33375,0.10359,0.27245,1.2123,0.84505
0.43682,0.4162,0.8875,0.23984,0.093854,0.32646,1.2052,0.85547
0.39172,0.4663,0.7925,0.28063,0.073177,0.19276,0.97021,0.6512
0.4751,0.59057,0.78823,0.31677,0.10688,0.26911,1.1599,0.75776
0.34172,0.35021,0.72323,0.35979,0.11661,0.33583,1.0374,0.68937
0.65667,0.4212,0.76214,0.27693,0.078177,0.21323,1.2353,0.7249
0.43026,0.5251,0.93161,0.38536,0.10792,0.25911,1.3888,1.0916
0.29958,0.35281,0.83068,0.27016,0.095729,0.28063,1.1564,1.0022
0.61807,0.63057,0.7226,0.35026,0.11474,0.25365,1.2845,0.84078
0.59146,0.44641,1.09,0.35073,0.11542,0.30479,1.3904,1.0111
0.43406,0.48427,0.85859,0.27068,0.097656,0.24021,1.169,0.92589
0.61964,0.45901,0.77245,0.41057,0.11141,0.27891,1.2115,0.9376
0.37839,0.54646,0.95828,0.3851,0.093646,0.22177,1.2809,0.96042
0.37896,0.54344,1.0249,0.37854,0.11167,0.27167,1.273,1.1341
0.46302,0.30807,0.92875,0.47245,0.12719,0.26755,0.82745,0.76385
0.31964,0.30333,1.0689,0.59281,0.13156,0.18271,0.71896,0.8501
0.3888,0.25974,0.95198,0.64057,0.15589,0.1638,0.70406,0.87255
0.34495,0.26464,0.88448,0.51557,0.13823,0.18313,0.75682,0.80167
0.25453,0.21219,0.83297,0.52927,0.13568,0.15115,0.6449,0.65594
0.31193,0.21583,0.7276,0.47141,0.11536,0.12104,0.61964,0.71135
0.2851,0.23219,0.80552,0.39979,0.096302,0.15995,0.75203,0.71469
0.24375,0.20516,0.88099,0.48479,0.11677,0.15318,0.56703,0.68307
0.21755,0.20625,0.94276,0.57437,0.10193,0.13891,0.71245,0.61562
0.27958,0.21146,0.86542,0.6225,0.17724,0.13646,0.71771,0.77698
0.22823,0.20693,0.81563,0.51359,0.11922,0.14141,0.69865,0.73281
0.37339,0.25109,0.91906,0.44104,0.10771,0.1338,0.62839,0.75526
0.32104,0.225,0.83469,0.51953,0.14432,0.18484,0.82552,0.70214
0.17672,0.23583,0.89094,0.46615,0.10807,0.20609,0.77766,0.73995
0.21526,0.23802,0.89635,0.52333,0.10521,0.11219,0.55245,0.63219
0.17917,0.17833,0.89344,0.47651,0.097604,0.13552,0.59057,0.8076
0.24604,0.18026,0.96589,0.49792,0.099531,0.13151,0.59156,0.60896
0.29083,0.23547,1.0339,0.45427,0.099896,0.14891,0.79068,0.83641
0.24552,0.17917,0.81953,0.4625,0.1038,0.15646,0.48229,0.51974
0.20589,0.17844,0.82339,0.36547,0.11042,0.25021,0.61661,0.60656
0.26359,0.20057,0.97979,0.51682,0.12099,0.13844,0.58552,0.69896
0.28583,0.21344,1.0862,0.5362,0.11646,0.18411,0.83906,0.95146
0.30797,0.27708,1.0902,0.65073,0.12464,0.20177,0.68312,0.84448
0.26115,0.20594,1.0107,0.55297,0.11531,0.13052,0.60885,0.79714
0.24536,0.18245,0.88854,0.53844,0.14146,0.13344,0.63604,0.64505
0.29266,0.18984,0.82214,0.47479,0.12885,0.13245,0.55052,0.66156
0.25693,0.2299,0.89776,0.38583,0.10578,0.1526,0.65349,0.74698
0.31208,0.26755,0.89542,0.61062,0.15333,0.18391,0.64625,0.80135
0.37651,0.24193,0.8487,0.47505,0.1424,0.13635,0.63245,0.76302
0.28698,0.19182,0.75682,0.46604,0.14234,0.17609,0.46651,0.65516
0.30849,0.25734,0.91948,0.50948,0.11526,0.13401,0.71854,0.73573
0.21922,0.21557,0.8974,0.46359,0.10875,0.12974,0.58172,0.67708
0.26125,0.20094,0.74885,0.43479,0.1038,0.1387,0.72484,0.785
0.29656,0.22927,0.86932,0.46922,0.11422,0.1387,0.66214,0.7024
0.20552,0.16344,0.66589,0.55057,0.13568,0.16318,0.73276,0.69724
0.20865,0.17635,0.81281,0.41099,0.12719,0.1401,0.56349,0.58016
0.20297,0.17385,0.83688,0.37672,0.09901,0.15026,0.67719,0.73531
0.23865,0.1776,0.80516,0.42453,0.1,0.1025,0.5138,0.64276
0.2251,0.18865,0.93276,0.46281,0.099948,0.14781,0.59875,0.59234
0.26453,0.15937,0.7237,0.44688,0.11073,0.18573,0.55406,0.44312
0.28068,0.22021,1.0551,0.57964,0.15151,0.17885,0.58047,0.68948
0.33224,0.23458,0.98526,0.55646,0.12932,0.16042,0.43703,0.71208
0.24339,0.21854,0.93073,0.42766,0.10568,0.12609,0.52297,0.61687
0.25703,0.22932,0.8925,0.42057,0.11479,0.15391,0.66698,0.57167
0.23563,0.15823,0.84646,0.37224,0.088125,0.11318,0.64234,0.65432
0.23443,0.1512,0.73062,0.34953,0.10141,0.12604,0.57047,0.61417
0.17922,0.16688,0.8076,0.42724,0.099792,0.1238,0.66068,0.57854
0.21188,0.20292,0.89656,0.39266,0.10187,0.18604,0.54354,0.57021
0.25224,0.18063,0.7488,0.42922,0.10109,0.15125,0.59354,0.65677
0.22958,0.23266,1.0032,0.4975,0.10365,0.13568,0.56458,0.64859
0.21302,0.18094,0.85995,0.3138,0.085573,0.15557,0.72443,0.6788
0.22625,0.18286,0.89474,0.49615,0.11635,0.15359,0.73016,0.6687
0.26703,0.19417,0.87823,0.42146,0.094323,0.13375,0.53651,0.63542
0.22318,0.2075,0.87292,0.34245,0.089688,0.13068,0.39839,0.49557
0.13141,0.13724,0.59281,0.10151,0.075313,0.0975,0.37479,0.27146
0.10411,0.16453,0.53432,0.10276,0.071094,0.11099,0.53109,0.21771
0.11063,0.1263,0.63292,0.099323,0.074531,0.11115,0.4575,0.23443
0.10599,0.15031,0.68198,0.10792,0.07,0.091302,0.48729,0.26427
0.10187,0.11755,0.46948,0.087813,0.06651,0.09349,0.38417,0.27552
0.11135,0.13276,0.50969,0.097344,0.069375,0.11875,0.38083,0.25859
0.1749,0.18276,0.67146,0.12729,0.069427,0.1087,0.51885,0.29271
0.1149,0.18286,0.58797,0.11677,0.080885,0.12953,0.45635,0.39568
0.1451,0.18,0.63339,0.10635,0.070573,0.12109,0.48771,0.30323
0.11729,0.1775,0.61687,0.098646,0.07526,0.10583,0.50328,0.22318
0.10276,0.15115,0.68521,0.089375,0.066823,0.080781,0.44984,0.26302
0.11036,0.14625,0.48333,0.091042,0.06849,0.097135,0.54536,0.38193
0.1349,0.16875,0.5374,0.090781,0.065156,0.086198,0.46583,0.30359
0.096302,0.12609,0.44292,0.083906,0.061771,0.09474,0.51635,0.26859
0.10365,0.17458,0.54542,0.086875,0.07276,0.099948,0.40464,0.27734
0.1313,0.18667,0.58479,0.10927,0.072656,0.12229,0.57,0.33109
0.10031,0.20339,0.62729,0.11245,0.077083,0.10208,0.51057,0.30021
0.11047,0.22391,0.5862,0.12937,0.063802,0.085156,0.39281,0.25932
0.10344,0.14349,0.55984,0.082969,0.065312,0.094427,0.3887,0.34948
0.12896,0.19948,0.59656,0.12313,0.067604,0.090365,0.4549,0.30964
0.1051,0.15026,0.55896,0.096562,0.073854,0.13651,0.44297,0.32219
0.082656,0.13943,0.47406,0.085365,0.07401,0.085365,0.43693,0.2201
0.10875,0.20161,0.50047,0.081562,0.07099,0.125,0.52438,0.28422
0.12677,0.29849,0.63031,0.10891,0.099635,0.12276,0.46089,0.25682
0.095729,0.16646,0.53896,0.10656,0.069271,0.077656,0.39656,0.29151
0.12307,0.17745,0.71646,0.10781,0.074896,0.10401,0.37865,0.31964
0.090417,0.18135,0.62599,0.10302,0.071146,0.08651,0.35781,0.23391
0.092969,0.19604,0.66083,0.095937,0.078385,0.09599,0.48479,0.25078
0.10552,0.16646,0.62359,0.10312,0.072188,0.082083,0.3312,0.36526
0.097865,0.20005,0.57984,0.099687,0.078281,0.087917,0.40078,0.35724
0.10276,0.16276,0.54479,0.093854,0.088333,0.10922,0.36474,0.35557
0.1013,0.23589,0.68786,0.094115,0.075417,0.080885,0.42411,0.26958
0.097917,0.20661,0.6724,0.090573,0.071302,0.089375,0.39568,0.31797
0.15359,0.19932,0.61813,0.11714,0.071771,0.093229,0.36396,0.30135
0.11109,0.21786,0.68135,0.12141,0.087396,0.099531,0.33807,0.28307
0.091719,0.17172,0.67255,0.10052,0.070156,0.098437,0.42234,0.26396
0.1051,0.21953,0.65219,0.11833,0.085885,0.097448,0.43219,0.28469
0.11979,0.16828,0.6588,0.12104,0.086771,0.099115,0.46448,0.33141
0.11417,0.18682,0.7501,0.12781,0.071927,0.10052,0.51115,0.40453
0.079844,0.19125,0.47859,0.09349,0.067656,0.083281,0.38766,0.33234
0.10312,0.16719,0.60245,0.10063,0.070052,0.090469,0.42823,0.30964
0.089479,0.19542,0.56693,0.08849,0.07099,0.07526,0.39818,0.26318
0.12536,0.23156,0.61859,0.098385,0.072292,0.068229,0.34807,0.35964
0.084427,0.23484,0.68401,0.099375,0.057031,0.068229,0.33687,0.28563
0.081198,0.19411,0.61594,0.095417,0.059479,0.078125,0.38359,0.3749
0.095417,0.1324,0.64547,0.086979,0.067344,0.083021,0.41625,0.39646
0.10583,0.16255,0.73229,0.1251,0.075521,0.092083,0.39802,0.34641
0.10698,0.19479,0.55844,0.10464,0.069531,0.099687,0.40667,0.29953
0.14677,0.23042,0.69995,0.15135,0.077135,0.086667,0.44844,0.3575
0.16911,0.24057,0.68297,0.13891,0.079427,0.19677,0.59849,0.38677
0.10224,0.15865,0.61349,0.097917,0.072708,0.12557,0.55542,0.29682
0.11359,0.19516,0.62453,0.12063,0.072396,0.15693,0.49865,0.34323
0.11141,0.19885,0.7749,0.13229,0.079062,0.14656,0.61807,0.27193
0.12172,0.17885,0.74651,0.12901,0.070625,0.13865,0.48141,0.36432
0.10432,0.19167,0.71734,0.13396,0.08401,0.13839,0.51589,0.32589
0.11349,0.17734,0.80745,0.13443,0.075313,0.12911,0.52396,0.31193
0.15292,0.19479,0.70484,0.13083,0.081615,0.1276,0.56964,0.34687
0.1501,0.2425,0.73276,0.14974,0.078125,0.1401,0.58906,0.43266
0.1088,0.19813,0.86594,0.15401,0.081615,0.11318,0.54641,0.42812
0.1163,0.21495,0.83297,0.12125,0.085312,0.16677,0.55271,0.36891
0.11875,0.19505,0.88161,0.14016,0.078906,0.15594,0.54474,0.37276
0.11276,0.18198,0.82474,0.11615,0.074479,0.15797,0.59344,0.27432
0.13568,0.17135,0.64828,0.11281,0.076302,0.16953,0.55068,0.29719
0.096771,0.2238,0.76693,0.11427,0.080625,0.14734,0.54797,0.36625
0.13318,0.19167,0.74557,0.11964,0.080781,0.11688,0.60599,0.35271
0.10589,0.22682,0.75901,0.15036,0.087292,0.14641,0.43396,0.31438
0.11286,0.19401,0.86703,0.14948,0.091979,0.11984,0.44193,0.34724
0.098698,0.19339,0.75396,0.12427,0.061302,0.12391,0.42667,0.32599
0.10109,0.20229,0.73464,0.10458,0.087656,0.15161,0.50609,0.37193
0.10849,0.19068,0.78391,0.10922,0.076875,0.13781,0.53479,0.36609
0.17245,0.18438,0.77589,0.13271,0.080625,0.12245,0.54818,0.34573
0.11807,0.1912,0.93224,0.12833,0.092604,0.20536,0.54104,0.3451
0.096094,0.16938,0.72057,0.12161,0.07276,0.15089,0.49927,0.38219
0.093438,0.19875,0.82339,0.15125,0.092135,0.15427,0.70771,0.34932
0.08724,0.22234,0.78354,0.1501,0.078854,0.1238,0.55552,0.34563
0.08276,0.18625,0.77464,0.13833,0.078229,0.10568,0.43448,0.32125
0.085677,0.20318,0.79432,0.10615,0.059635,0.10573,0.55312,0.34776
0.11875,0.20828,0.72276,0.10073,0.07276,0.15745,0.50245,0.38557
0.11328,0.23042,0.82818,0.13844,0.091927,0.13672,0.53599,0.41005
0.089635,0.22333,0.7276,0.13479,0.083646,0.12927,0.51609,0.31599
0.09224,0.1875,0.87266,0.13016,0.093438,0.13745,0.46516,0.37823
0.095573,0.21594,0.85479,0.15724,0.092448,0.13323,0.47234,0.29219
0.091198,0.16604,0.85391,0.13411,0.071354,0.14,0.62828,0.34333
0.098229,0.18734,0.83068,0.1488,0.08974,0.1187,0.4326,0.42333
0.088802,0.18729,0.85766,0.10177,0.064167,0.11495,0.48979,0.38635
0.094219,0.18932,0.8162,0.1201,0.099792,0.12755,0.48786,0.38141
0.089792,0.16151,0.78479,0.12521,0.069792,0.10438,0.39417,0.44141
0.11125,0.21583,0.88458,0.15859,0.080312,0.12203,0.51354,0.34854
0.10286,0.18406,0.76906,0.13844,0.078385,0.10771,0.53297,0.36359
0.1038,0.20656,0.83505,0.15755,0.09026,0.10813,0.3788,0.32516
0.13437,0.2351,0.80208,0.14927,0.10427,0.15474,0.61943,0.3237
0.2162,0.52917,0.9413,0.14,0.099062,0.16203,0.55896,0.39943
0.11255,0.17927,0.88505,0.17979,0.10641,0.13365,0.4326,0.2701
0.11734,0.19943,0.87865,0.13766,0.082135,0.13474,0.46604,0.2587
0.096979,0.17542,0.97,0.16755,0.088385,0.18615,0.5099,0.41969
0.10318,0.18807,0.9537,0.18594,0.087917,0.19,0.61932,0.36755
0.094479,0.2049,0.99333,0.17203,0.085885,0.10052,0.3913,0.27151
0.10589,0.22734,0.9063,0.15177,0.095208,0.13672,0.48156,0.42807
0.29333,0.27526,0.75943,0.12635,0.089167,0.19516,0.49667,0.46849
0.21396,0.34036,0.81224,0.11255,0.10266,0.19917,0.71776,0.41609
0.36292,0.3525,0.92339,0.12911,0.097552,0.22292,0.72188,0.52078
0.24953,0.31719,0.71411,0.11812,0.099115,0.30724,0.72885,0.64224
0.27401,0.31984,0.73604,0.11297,0.1099,0.21693,0.6849,0.37672
0.18313,0.36094,0.79219,0.12901,0.10792,0.25464,0.68734,0.3612
0.25661,0.45359,0.82318,0.12854,0.10271,0.22396,0.68833,0.39313
0.26354,0.52094,0.90292,0.12745,0.11552,0.27807,0.60089,0.46344
0.20839,0.44089,0.91094,0.11172,0.080208,0.16818,0.61589,0.45953
0.20901,0.41375,0.89719,0.1299,0.12271,0.22151,0.63953,0.49021
0.19693,0.4426,0.8076,0.12594,0.095937,0.17958,0.56286,0.37755
0.18432,0.45552,0.81646,0.11432,0.090313,0.17661,0.64531,0.42469
0.27,0.51292,0.90625,0.11422,0.096042,0.21802,0.70922,0.4837
0.25323,0.40896,0.81349,0.11109,0.093281,0.2151,0.75302,0.57099
0.25995,0.43823,1.0141,0.14036,0.09901,0.14427,0.58135,0.54484
0.15365,0.26698,0.44844,0.063229,0.086094,0.19224,0.63505,0.30099
0.1624,0.33583,0.67021,0.083906,0.088438,0.30573,0.71833,0.31974
0.18229,0.35495,0.69276,0.097448,0.088177,0.19703,0.61448,0.26047
0.10766,0.24016,0.49286,0.079375,0.086771,0.17109,0.51115,0.19359
0.15531,0.24458,0.51854,0.078594,0.07849,0.19646,0.58385,0.30411
0.19214,0.32646,0.5851,0.090521,0.069792,0.21547,0.55969,0.33229
0.15958,0.29818,0.51786,0.084271,0.087188,0.19901,0.5638,0.30229
0.14219,0.33437,0.59714,0.07099,0.08026,0.21156,0.68479,0.30109
0.10745,0.26599,0.48089,0.0675,0.066146,0.15974,0.51714,0.33781
0.13641,0.31458,0.66323,0.097083,0.074427,0.20031,0.57542,0.40589
0.19443,0.31292,0.50375,0.075469,0.09349,0.21302,0.63604,0.52932
0.15766,0.30995,0.57891,0.08599,0.087031,0.19615,0.75979,0.46198
0.19042,0.35214,0.58229,0.07625,0.076042,0.23938,0.72734,0.36427
0.13854,0.32141,0.54854,0.083385,0.093229,0.19568,0.61797,0.31844
0.14875,0.33005,0.62078,0.085052,0.081927,0.19094,0.56833,0.41151
0.15063,0.31479,0.59057,0.079531,0.081719,0.22411,0.69188,0.35349
0.20536,0.37974,0.58182,0.10859,0.088646,0.17807,0.61693,0.34437
0.16437,0.28125,0.64958,0.08,0.084792,0.22052,0.67417,0.39552
0.15016,0.27953,0.66104,0.069844,0.083437,0.24026,0.70125,0.45766
0.14948,0.32318,0.7774,0.10797,0.082604,0.19354,0.59672,0.31969
0.17021,0.35828,0.63354,0.085625,0.078125,0.20271,0.63281,0.33302
0.16391,0.34396,0.74453,0.083698,0.081667,0.2313,0.70729,0.42036
0.15516,0.2951,0.69057,0.087135,0.096354,0.20479,0.67297,0.37688
0.20214,0.4624,0.71068,0.080052,0.10719,0.2049,0.73438,0.43656
0.16062,0.40807,0.50161,0.07349,0.10057,0.25479,0.72906,0.4624
0.14745,0.35995,0.55349,0.088333,0.10672,0.27927,0.68198,0.43521
0.17724,0.32979,0.62443,0.07776,0.084792,0.25922,0.61568,0.36604
0.1487,0.39615,0.69109,0.086927,0.080521,0.20656,0.60932,0.40401
0.19193,0.30635,0.72427,0.091615,0.081771,0.22432,0.70047,0.46063
0.21172,0.33328,0.58682,0.08776,0.078073,0.18229,0.60214,0.35786
0.1749,0.37943,0.7824,0.090469,0.069427,0.19995,0.59198,0.35042
0.23745,0.31161,0.6575,0.097083,0.10031,0.19922,0.68349,0.42354
0.23318,0.39443,0.80047,0.099635,0.098802,0.24469,0.61089,0.34437
0.14641,0.29281,0.78448,0.093385,0.10286,0.23958,0.60255,0.39542
0.15443,0.38255,0.84365,0.1126,0.097292,0.24505,0.62625,0.36651
0.41859,0.28771,0.86271,0.1688,0.10005,0.30896,0.45849,0.47823
0.28292,0.19547,0.82891,0.14281,0.10932,0.32406,0.51807,0.34417
0.16958,0.18839,0.92135,0.16312,0.095365,0.30958,0.57328,0.31927
0.10323,0.2199,0.80026,0.15682,0.12224,0.40187,0.60557,0.31062
0.089427,0.21406,0.92,0.14724,0.085417,0.2951,0.43917,0.34234
0.1062,0.16484,0.83234,0.13104,0.091563,0.27052,0.49458,0.3025
0.12526,0.16828,0.88708,0.14547,0.098594,0.24531,0.51083,0.25167
0.10844,0.13948,0.90599,0.1499,0.099792,0.25833,0.50109,0.39969
0.29802,0.18203,0.72953,0.13021,0.068906,0.12677,0.45052,0.32375
0.10854,0.15198,0.78557,0.12464,0.078385,0.1863,0.45063,0.26214
0.13818,0.19005,0.89219,0.14276,0.091667,0.20547,0.45156,0.37005
0.1488,0.1837,0.73828,0.14984,0.11286,0.21599,0.47734,0.29281
0.11891,0.11635,0.55042,0.10417,0.075885,0.19026,0.45885,0.20453
0.14849,0.11625,0.49901,0.0775,0.065885,0.20698,0.4125,0.17854
0.29198,0.16557,0.71141,0.105,0.10323,0.33786,0.41333,0.25917
0.19495,0.13625,0.66802,0.099479,0.071302,0.19875,0.39052,0.21693
0.14974,0.17396,0.65542,0.10406,0.071667,0.13115,0.44349,0.16922
0.11552,0.13578,0.69073,0.10193,0.079115,0.20464,0.39115,0.18125
0.081771,0.13411,0.65151,0.096458,0.059687,0.17568,0.39635,0.15208
0.07625,0.14224,0.63823,0.10635,0.068385,0.22094,0.41016,0.24146
0.073125,0.13667,0.75766,0.098802,0.081667,0.25885,0.39411,0.17875
0.086563,0.15026,0.58193,0.11208,0.081979,0.23167,0.46135,0.16786
0.069115,0.15833,0.77406,0.1224,0.092188,0.26568,0.45969,0.17453
0.083802,0.16599,0.81635,0.12464,0.10438,0.30646,0.48953,0.19891
0.08599,0.15,0.78547,0.12349,0.12812,0.3938,0.43729,0.15484
0.063542,0.1237,0.69531,0.098125,0.095729,0.31984,0.41708,0.15146
0.060573,0.14771,0.70281,0.11031,0.084062,0.27339,0.38281,0.1376
0.049844,0.13146,0.60651,0.094583,0.074531,0.2399,0.36833,0.12458
0.064271,0.12682,0.65161,0.082917,0.074948,0.28943,0.2913,0.21281
0.098385,0.14323,0.89016,0.14146,0.093698,0.20281,0.4474,0.39495
0.080365,0.15776,0.65938,0.12094,0.084687,0.30328,0.42698,0.22214
0.070156,0.13661,0.69667,0.10198,0.083229,0.18266,0.51667,0.17875
0.068854,0.14943,0.66521,0.11854,0.088385,0.26036,0.3599,0.15245
0.085365,0.15099,0.58724,0.085365,0.09375,0.28932,0.40339,0.21521
0.20672,0.21094,0.79656,0.10792,0.0875,0.3138,0.43453,0.21198
0.071146,0.1851,0.72135,0.12031,0.11641,0.33833,0.3274,0.14057
0.063437,0.13281,0.80516,0.13245,0.13161,0.32021,0.42167,0.19953
0.081406,0.17438,0.78656,0.13312,0.10604,0.32443,0.41068,0.25172
0.087969,0.15745,0.86734,0.11948,0.10167,0.31099,0.35917,0.2588
0.088542,0.12766,0.76427,0.11479,0.081927,0.33849,0.50635,0.16182
0.091823,0.15625,0.79401,0.13974,0.087969,0.30177,0.44359,0.2462
0.10036,0.1513,0.6712,0.11906,0.081823,0.2826,0.41448,0.11932
0.081458,0.19844,0.8824,0.15438,0.09276,0.26781,0.39682,0.16141
0.056719,0.11458,0.58437,0.1012,0.076042,0.24839,0.4776,0.13141
0.066042,0.11453,0.83349,0.11125,0.098021,0.30135,0.44708,0.1851
0.069271,0.14984,0.83698,0.12172,0.086823,0.34161,0.54146,0.15125
0.080312,0.17406,0.77896,0.12557,0.082292,0.31974,0.57547,0.27411
0.074167,0.13177,0.92484,0.11854,0.099896,0.28115,0.4976,0.1974
0.13214,0.1599,0.95036,0.12687,0.085208,0.28932,0.54974,0.25318
0.064479,0.14786,0.81443,0.11635,0.10146,0.27807,0.3588,0.16844
0.27849,0.35193,1.0398,0.24708,0.15208,0.1688,0.58745,0.71786
0.21406,0.34318,1.0186,0.23938,0.15063,0.12812,0.37495,0.7424
0.18984,0.35354,0.85823,0.19505,0.13073,0.13047,0.57151,0.79526
0.21563,0.345,1.0458,0.16083,0.094479,0.079271,0.29578,0.68422
0.21083,0.37776,0.99474,0.2037,0.12521,0.11391,0.40875,0.74531
0.20042,0.31557,1.0643,0.2099,0.11625,0.091146,0.30141,0.76026
0.17641,0.30839,0.88875,0.17849,0.10323,0.087813,0.19781,0.65792
0.13432,0.2563,0.74203,0.13635,0.088281,0.073021,0.21583,0.48557
0.16187,0.2638,0.71573,0.15984,0.095417,0.081615,0.23667,0.56083
0.19479,0.30312,0.90792,0.20411,0.10521,0.083802,0.2601,0.66427
0.26552,0.3925,0.95396,0.16708,0.092969,0.086042,0.29583,0.70125
0.20984,0.35531,0.82083,0.17813,0.095625,0.091927,0.36161,0.69453
0.1613,0.27141,0.80948,0.1726,0.091354,0.061562,0.19359,0.54833
0.22797,0.43505,0.82422,0.19078,0.11495,0.08901,0.31156,0.77198
0.20448,0.2451,0.7299,0.15229,0.083177,0.069375,0.21552,0.60458
0.15255,0.22214,0.67422,0.13891,0.082031,0.066146,0.22599,0.52177
0.17057,0.3562,0.72625,0.14635,0.077188,0.063437,0.19109,0.52016
0.1887,0.31135,0.77083,0.14724,0.085104,0.06099,0.2187,0.61302
0.20865,0.4224,0.86885,0.15594,0.092604,0.07125,0.28792,0.59297
0.23682,0.48859,0.96339,0.17599,0.098177,0.089271,0.35005,0.68844
0.2324,0.49917,0.8026,0.16823,0.11667,0.12755,0.5099,0.61911
0.27432,0.3401,0.68891,0.23115,0.11354,0.10432,0.45635,0.71609
0.28495,0.32661,0.68542,0.27849,0.14729,0.09375,0.38115,0.66432
0.19339,0.30609,0.71792,0.24349,0.13068,0.095052,0.24297,0.54911
0.20526,0.26375,0.68115,0.25172,0.13531,0.082552,0.25021,0.60203
0.33328,0.32594,0.93453,0.32281,0.16031,0.11245,0.53422,0.77401
0.34323,0.38917,0.91531,0.31375,0.17255,0.13536,0.62297,0.69292
0.3237,0.32042,0.94385,0.33724,0.16172,0.10214,0.44042,0.76177
0.24365,0.2813,0.71943,0.27411,0.11604,0.075729,0.30828,0.55896
0.14292,0.23578,0.52547,0.20734,0.10406,0.089219,0.23536,0.43635
0.23,0.3051,0.72688,0.21526,0.11089,0.098073,0.50313,0.60865
0.18198,0.28313,0.64536,0.22651,0.11932,0.25411,0.30688,0.47828
0.18672,0.25115,0.79391,0.25182,0.11484,0.09724,0.3801,0.54276
0.17896,0.29516,0.70443,0.22182,0.10646,0.084271,0.37349,0.60964
0.1525,0.19286,0.61083,0.21292,0.10547,0.079948,0.3838,0.48583
0.1937,0.15583,0.64812,0.21635,0.1149,0.088854,0.30443,0.50021
0.16646,0.2001,0.76021,0.23646,0.10839,0.074948,0.31724,0.47693
0.20271,0.40391,0.56943,0.20068,0.10672,0.07974,0.36823,0.47396
0.21344,0.39531,0.7375,0.28568,0.13177,0.13932,0.57672,0.64141
0.28786,0.2663,0.58349,0.22193,0.10125,0.082292,0.3076,0.5851
0.29974,0.30766,0.74146,0.3,0.13526,0.089427,0.33464,0.55958
0.24776,0.17427,0.4799,0.11146,0.063646,0.062344,0.33234,0.43245
0.30401,0.17182,0.42177,0.1001,0.059844,0.063021,0.33958,0.46776
0.30401,0.19005,0.34917,0.11156,0.059844,0.060937,0.29812,0.38292
0.13755,0.22266,0.37891,0.1251,0.067031,0.05875,0.31354,0.6325
0.15714,0.2888,0.44714,0.13604,0.065156,0.065677,0.30609,0.52328
0.10724,0.18547,0.33313,0.10583,0.063021,0.060521,0.27953,0.37318
0.20573,0.35339,0.38,0.15453,0.082292,0.076042,0.2849,0.4838
0.16562,0.32891,0.43859,0.13698,0.0825,0.068958,0.33542,0.47594
0.24891,0.43562,0.33073,0.12427,0.095521,0.097656,0.37349,0.53974
0.29865,0.4026,0.45906,0.14583,0.08526,0.083333,0.38656,0.56083
0.28313,0.34677,0.61193,0.15099,0.095156,0.085208,0.34516,0.8301
0.26635,0.40625,0.50271,0.12281,0.070417,0.084219,0.3951,0.60255
0.23349,0.41984,0.52161,0.12839,0.0775,0.071563,0.35073,0.6126
0.32021,0.38359,0.42573,0.1062,0.074896,0.071823,0.32448,0.56234
0.20057,0.3813,0.59562,0.11964,0.082552,0.068542,0.28068,0.45792
0.14953,0.32969,0.43594,0.14125,0.070729,0.062552,0.29745,0.60219
0.17839,0.43349,0.40333,0.12495,0.092135,0.085417,0.2963,0.6
0.19531,0.36906,0.47479,0.11594,0.067812,0.062031,0.24443,0.43458
0.18365,0.34776,0.40641,0.105,0.064271,0.060208,0.30802,0.48063
0.22328,0.41089,0.34396,0.11396,0.075938,0.078646,0.2938,0.53151
0.12562,0.16583,0.83547,0.22333,0.22495,0.11172,0.46068,0.56604
0.11443,0.17344,0.74016,0.23333,0.20219,0.092865,0.44281,0.54568
0.12026,0.1875,0.80458,0.26052,0.21068,0.085312,0.37604,0.45021
0.075573,0.089583,0.54521,0.15594,0.21406,0.07099,0.26917,0.41563
0.067292,0.09151,0.65042,0.22714,0.22198,0.087135,0.26286,0.39318
0.068281,0.090313,0.5637,0.20063,0.22266,0.066198,0.20708,0.34979
0.08151,0.2212,0.61703,0.16724,0.17469,0.073958,0.37776,0.51943
0.065521,0.094687,0.5826,0.21089,0.17708,0.081979,0.3226,0.41974
0.071875,0.10828,0.57516,0.18667,0.20193,0.053958,0.25005,0.36062
0.080781,0.12354,0.75656,0.18109,0.17375,0.077708,0.30625,0.51276
0.12115,0.11828,0.67552,0.25359,0.24974,0.07849,0.39891,0.43422
0.075313,0.12078,0.7774,0.24328,0.27026,0.06849,0.19531,0.41458
0.10536,0.13193,0.56589,0.21094,0.16318,0.06849,0.26646,0.38016
0.076927,0.11703,0.57901,0.22583,0.20115,0.076354,0.31688,0.39286
0.10917,0.15745,0.65568,0.19927,0.19625,0.10833,0.47286,0.45458
0.1076,0.14271,0.66885,0.24984,0.22464,0.14188,0.36161,0.57885
0.084115,0.14307,0.67839,0.21922,0.21896,0.075573,0.28198,0.41516
0.092917,0.15922,0.63479,0.24542,0.22474,0.074323,0.26776,0.43729
0.082552,0.097396,0.55656,0.23943,0.23047,0.080521,0.26568,0.3862
0.081406,0.10776,0.62203,0.2037,0.22469,0.07974,0.34792,0.44781
0.16292,0.29328,0.65156,0.26427,0.12937,0.13089,0.58427,0.53609
0.14958,0.24901,0.52906,0.2126,0.10875,0.095885,0.36641,0.37474
0.16609,0.2774,0.5988,0.23661,0.12958,0.11146,0.34135,0.46448
0.13891,0.29542,0.46651,0.19698,0.1299,0.10417,0.33,0.36203
0.099271,0.21599,0.42672,0.14411,0.081719,0.070833,0.27474,0.27245
0.1038,0.22005,0.42766,0.16932,0.091875,0.08724,0.40234,0.33995
0.10927,0.21839,0.38302,0.15052,0.0825,0.074479,0.30615,0.27396
0.14443,0.20031,0.46391,0.17901,0.10516,0.086198,0.35578,0.35583
0.12828,0.22599,0.40266,0.16714,0.10547,0.083333,0.36438,0.43385
0.20354,0.24641,0.51328,0.23401,0.13979,0.14234,0.67286,0.73802
0.11484,0.18203,0.42188,0.16391,0.09724,0.093333,0.43312,0.42562
0.12109,0.19057,0.32062,0.12281,0.08026,0.076563,0.28547,0.28354
0.10516,0.17333,0.38823,0.1401,0.064375,0.066562,0.34687,0.37484
0.12245,0.13828,0.37312,0.15021,0.090781,0.095833,0.47766,0.51375
0.11443,0.18406,0.31432,0.15422,0.099271,0.078021,0.36448,0.40292
0.11005,0.24203,0.49536,0.21734,0.11516,0.10057,0.35411,0.29474
0.12521,0.18771,0.34651,0.19807,0.10594,0.1001,0.33828,0.33979
0.12052,0.19208,0.36036,0.17724,0.094479,0.074948,0.34141,0.28026
0.12891,0.20286,0.3713,0.21385,0.12479,0.085677,0.33187,0.35125
0.095937,0.18781,0.26615,0.17182,0.086719,0.062969,0.26932,0.20755
0.093177,0.19922,0.31906,0.1924,0.090104,0.086979,0.35234,0.25198
0.09776,0.16859,0.26495,0.1675,0.092604,0.083125,0.28625,0.24828
0.10333,0.14307,0.22193,0.18833,0.092917,0.06125,0.26271,0.23276
0.23172,0.3574,0.64865,0.33719,0.2213,0.16203,0.55312,0.68818
0.2576,0.36016,0.6525,0.38245,0.23484,0.16156,0.52266,0.72146
0.15458,0.26552,0.42427,0.24125,0.11583,0.072292,0.29922,0.33396
0.12453,0.17354,0.33911,0.20396,0.12167,0.058333,0.26245,0.26021
0.16729,0.19453,0.39786,0.22234,0.12234,0.07599,0.29229,0.28182
0.12083,0.18656,0.3738,0.1837,0.085833,0.068021,0.18615,0.1826
0.10583,0.18943,0.43682,0.22401,0.10448,0.078854,0.20714,0.18115
0.1476,0.22901,0.42458,0.24344,0.13,0.090833,0.24458,0.25729
0.10552,0.2463,0.28568,0.14896,0.098021,0.10073,0.18937,0.1576
0.11625,0.21807,0.31417,0.16141,0.087083,0.067552,0.26073,0.29755
0.12271,0.22812,0.35172,0.22323,0.14313,0.081302,0.34563,0.49047
0.091563,0.16875,0.33734,0.1863,0.11911,0.094635,0.19469,0.15583
0.12557,0.21557,0.44714,0.24516,0.12036,0.084635,0.28557,0.31542
0.093698,0.17755,0.31391,0.15797,0.090729,0.074792,0.19151,0.19068
0.11823,0.17036,0.33724,0.23719,0.12458,0.088854,0.27422,0.33875
0.11651,0.21682,0.33021,0.19391,0.10312,0.060937,0.3137,0.32313
0.15802,0.20786,0.44318,0.26635,0.12797,0.11448,0.34005,0.40073
0.11906,0.24396,0.41547,0.2551,0.13828,0.10292,0.42328,0.46031
0.13219,0.22958,0.32391,0.2101,0.11734,0.091042,0.31859,0.41938
0.099844,0.17604,0.23661,0.16406,0.1074,0.056302,0.19125,0.22286
0.11411,0.13521,0.285,0.22323,0.10693,0.064375,0.29964,0.26281
0.12115,0.12104,0.22505,0.23719,0.19354,0.099531,0.37594,0.3362
0.15401,0.15948,0.27578,0.20448,0.17682,0.10927,0.41333,0.43156
0.11026,0.12286,0.25547,0.20464,0.14182,0.098802,0.2787,0.29797
0.10151,0.10458,0.22359,0.18052,0.13885,0.092031,0.31672,0.29078
0.089531,0.10724,0.24974,0.19078,0.15828,0.090365,0.2638,0.22948
0.097135,0.11188,0.22557,0.16005,0.10255,0.068958,0.29979,0.27141
0.16245,0.16193,0.32094,0.22521,0.13234,0.087135,0.36073,0.44938
0.091823,0.12573,0.38229,0.23714,0.13625,0.12313,0.38594,0.3649
0.16266,0.17917,0.3287,0.23656,0.18937,0.10932,0.38328,0.39922
0.26234,0.2076,0.37677,0.26552,0.15146,0.11781,0.36953,0.51479
0.17109,0.15484,0.36151,0.24339,0.14547,0.12359,0.38297,0.47396
0.14542,0.17865,0.39859,0.25516,0.17807,0.13266,0.38448,0.3562
0.084062,0.12604,0.34984,0.20823,0.12667,0.10526,0.26833,0.24339
0.087552,0.11495,0.29552,0.20448,0.13948,0.10406,0.28969,0.33229
0.1151,0.12849,0.29365,0.21526,0.1225,0.10521,0.3551,0.32052
0.0825,0.10927,0.20063,0.16255,0.10047,0.08349,0.25318,0.26911
0.11531,0.12932,0.29943,0.21245,0.14135,0.099531,0.42839,0.40297
0.11328,0.12891,0.31807,0.22703,0.12448,0.087031,0.31156,0.31776
0.10016,0.12979,0.31927,0.21427,0.12615,0.088385,0.27599,0.30578
0.1062,0.13703,0.34406,0.19958,0.11823,0.089479,0.31057,0.3025
0.12693,0.17948,0.38969,0.25365,0.1351,0.086875,0.39375,0.37026
0.13115,0.16589,0.44135,0.30714,0.14526,0.11135,0.3051,0.33786
0.13526,0.1562,0.29063,0.21281,0.1476,0.10536,0.39495,0.27672
0.15552,0.18052,0.34547,0.24948,0.18115,0.13276,0.41073,0.38677
0.17839,0.23339,0.48203,0.28474,0.21099,0.19104,0.4462,0.34667
0.17224,0.20979,0.46984,0.4126,0.19958,0.19432,0.34333,0.31005
0.13635,0.21021,0.36969,0.29984,0.2087,0.16422,0.41922,0.37995
0.13286,0.19792,0.42344,0.23958,0.15385,0.09974,0.27182,0.19443
0.12344,0.15958,0.37875,0.25521,0.15115,0.13714,0.36344,0.27432
0.13964,0.16125,0.38875,0.21833,0.15219,0.12885,0.34229,0.23385
0.10115,0.18536,0.28583,0.23859,0.14953,0.12099,0.37479,0.29958
0.16792,0.21047,0.40875,0.275,0.1737,0.13078,0.28578,0.30151
0.13932,0.1851,0.32802,0.27365,0.15771,0.12687,0.33677,0.24844
0.070052,0.11854,0.23307,0.17755,0.11776,0.087656,0.22432,0.20063
0.10865,0.15422,0.32646,0.1774,0.12495,0.082812,0.20281,0.1613
0.096302,0.12823,0.23734,0.19042,0.12438,0.091771,0.30568,0.24938
0.081458,0.14609,0.26182,0.31578,0.15307,0.093698,0.24635,0.19109
0.066615,0.14724,0.28401,0.1974,0.12964,0.082187,0.23953,0.16927
0.084271,0.15536,0.25177,0.20229,0.12719,0.091458,0.27745,0.22089
0.091615,0.15464,0.29625,0.21432,0.1238,0.086302,0.27057,0.1963
0.086198,0.11865,0.22021,0.17911,0.11792,0.07651,0.24438,0.17203
0.32286,0.4601,0.96505,0.17099,0.085156,0.24917,0.79385,0.42172
0.27547,0.53714,0.73687,0.14073,0.077188,0.23974,0.7788,0.39635
0.29635,0.39979,0.82755,0.11516,0.061042,0.20203,0.68948,0.35328
0.31161,0.53812,1.0546,0.14406,0.083073,0.2188,0.77677,0.42104
0.36917,0.66151,0.87052,0.13786,0.094167,0.29583,0.87005,0.40026
0.32323,0.60693,0.8699,0.13891,0.081771,0.22031,0.7475,0.4038
0.32411,0.48677,0.91844,0.14078,0.078594,0.2051,0.71552,0.43062
0.35948,0.62557,0.87693,0.17161,0.085885,0.26563,0.88547,0.3913
0.26651,0.54234,0.78385,0.16484,0.09901,0.29625,0.75687,0.45385
0.30688,0.65703,0.99234,0.1612,0.10146,0.26807,0.68078,0.5374
0.31776,0.6824,0.98115,0.22047,0.10458,0.18729,0.79161,0.58844
0.28625,0.63943,1.0019,0.19266,0.09,0.23188,0.77156,0.48964
0.22542,0.47641,0.88583,0.17375,0.080677,0.22453,0.71156,0.41453
0.3424,0.69865,1.1065,0.1899,0.094271,0.23458,0.96745,0.54141
0.3238,0.57896,0.91974,0.15438,0.088958,0.19469,0.80047,0.41828
0.30083,0.56766,1.0394,0.14917,0.11781,0.24552,0.91755,0.52526
0.30057,0.61156,1.0721,0.18323,0.097969,0.27146,0.94828,0.5213
0.31656,0.66516,1.2581,0.17552,0.098281,0.30495,1.0306,0.61651
0.34391,0.62953,1.046,0.20021,0.12016,0.27698,0.91047,0.58198
0.31927,0.68411,1.1684,0.2376,0.11302,0.28266,1.0054,0.60021
0.39328,0.79937,1.0896,0.39297,0.13099,0.31156,1.2567,0.6725
0.2913,0.81651,1.1128,0.31896,0.1224,0.30203,1.209,0.66802
0.28891,0.74917,1.1607,0.33948,0.13984,0.26729,1.2281,0.58062
0.3199,0.8025,1.1374,0.38891,0.16021,0.34245,1.3979,0.73333
0.30948,0.75125,1.1828,0.35422,0.13635,0.33505,1.2931,0.62667
0.25438,0.56719,1.3157,0.42724,0.11234,0.24802,1.0661,0.62865
0.28099,0.67297,1.2518,0.29234,0.13776,0.21734,1.163,0.63219
0.26573,0.54693,1.1432,0.31589,0.11359,0.2513,1.1967,0.60672
0.23531,0.42927,1.1828,0.31615,0.11708,0.22781,1.1108,0.70547
0.31401,0.78625,1.2059,0.42984,0.12193,0.21422,1.3208,0.67203
0.29536,0.87521,1.3908,0.41448,0.12302,0.20792,1.2883,0.64208
0.32401,0.63875,1.286,0.38224,0.13229,0.20786,1.3401,0.57229
0.24354,0.5676,1.4002,0.38734,0.15318,0.2125,1.3621,0.64964
0.23766,0.56953,1.0946,0.38964,0.11969,0.15135,1.1233,0.63135
0.23526,0.47828,1.2114,0.31234,0.12286,0.29146,1.3138,0.5525
0.29729,0.46057,1.0049,0.27406,0.12974,0.18307,1.0552,0.53964
0.24599,0.4637,1.1994,0.28937,0.1087,0.20479,1.3453,0.64109
0.28365,0.67599,1.2369,0.37906,0.13083,0.17188,1.196,0.62411
0.27365,0.55635,1.0733,0.35708,0.12333,0.18385,1.309,0.56547
0.26953,0.46469,1.4041,0.3713,0.12318,0.22604,1.3684,0.75573
0.43969,0.57677,0.61703,0.11313,0.12589,0.855,0.8476,0.49161
0.45604,0.74557,0.7137,0.12068,0.15286,1.0057,1.1195,0.53422
0.5812,0.61042,0.77083,0.14833,0.16036,1.0332,1.1084,0.50839
0.48203,0.62813,0.76964,0.13802,0.17276,1.2093,0.98062,0.54026
0.63375,0.65505,0.83453,0.15073,0.16849,0.99766,1.0527,0.57464
0.71807,0.83578,0.87604,0.16479,0.1326,1.0154,1.0455,0.30974
0.60302,0.8676,0.95568,0.19927,0.16479,1.1304,1.0864,0.43703
0.40625,0.65115,0.86307,0.15167,0.15839,0.89323,1.016,0.47943
0.42635,0.64646,0.91641,0.17417,0.2076,1.1406,1.0367,0.44359
0.44109,0.80266,0.75771,0.15979,0.15266,0.90547,0.93302,0.3576
0.42464,0.63844,0.7976,0.14797,0.14245,0.85234,0.80031,0.39807
0.47448,0.74609,0.79948,0.14672,0.1862,1.2478,1.1477,0.42115
0.5412,0.77552,0.87625,0.15385,0.17422,1.0758,1.1924,0.54229
0.6713,0.69516,0.7825,0.15078,0.15099,0.98443,1.1472,0.54578
0.53,0.81172,0.94328,0.1724,0.22687,1.2577,1.2463,0.47891
0.57099,0.7399,0.90974,0.15792,0.16427,1.0027,1.1272,0.41677
0.54214,0.85135,0.82104,0.14109,0.16484,0.96854,1.0561,0.62484
0.49401,0.68453,0.75401,0.18307,0.14344,1.0967,1.0069,0.35234
0.53328,0.64641,0.70562,0.12781,0.16859,1.045,1.0447,0.50771
0.44604,0.75792,0.7812,0.12474,0.17328,1.0662,1.1711,0.45542
0.48323,0.44057,0.92161,0.29432,0.11448,0.40745,1.1953,0.39792
0.38307,0.48161,0.90557,0.27714,0.12328,0.48891,1.1916,0.42599
0.36,0.44745,0.79594,0.27151,0.11979,0.34844,1.0983,0.47839
0.21042,0.53594,0.96979,0.32203,0.12609,0.49156,1.2463,0.44255
0.32516,0.50901,0.76448,0.42953,0.12464,0.44495,1.2634,0.51458
0.25052,0.42307,0.88391,0.27635,0.10891,0.3149,1.1835,0.38464
0.32193,0.51828,1.0621,0.37906,0.10646,0.39974,1.3241,0.44797
0.20531,0.50911,0.90865,0.28625,0.13224,0.29703,1.1195,0.4262
0.32917,0.50016,0.87771,0.33609,0.11677,0.55094,1.1739,0.51281
0.26547,0.53281,0.96292,0.50646,0.1424,0.68651,1.3997,0.51109
0.39698,0.48781,1.1193,0.40734,0.13969,0.43354,1.3627,0.54563
0.24698,0.4163,0.82656,0.385,0.12781,0.32271,1.191,0.57063
0.21052,0.4551,1.1321,0.38167,0.1312,0.36427,1.2622,0.47719
0.26943,0.29401,0.95688,0.40505,0.13344,0.29776,1.2852,0.48365
0.16964,0.34099,0.92786,0.41896,0.12547,0.33375,1.1932,0.5699
0.24495,0.36615,1.0598,0.26177,0.10948,0.37885,1.301,0.57589
0.2962,0.36495,1.0186,0.33036,0.11833,0.38708,1.2273,0.55141
0.26109,0.4412,0.94063,0.36182,0.11802,0.36771,1.3405,0.55792
0.20339,0.39365,0.90792,0.30818,0.098958,0.37865,1.1476,0.45677
0.30161,0.42526,1.0956,0.35755,0.12802,0.38182,1.2479,0.48609
