4.4531,11.141,16.82,3.9688,3.7969,4.4219,29.727,13.625
3.8125,8.1953,18.734,3.3906,3.8594,3.875,31.766,14.391
3.5625,9.0625,16.047,3.2969,3.4063,4.8125,23.922,13.211
3.5938,9.8359,16.82,3.6953,3.5469,4.5547,20.945,10.172
3.6875,8.8594,17.195,3.7031,3.6875,4.1406,28.406,9.9922
3.4141,9.5313,20.242,3.3047,3.6328,5.2969,24.367,15.32
2.8594,7.6406,15.773,3.2422,3.0703,3.0391,24.141,9.2813
3.3672,7.7969,16.805,3.2188,3.0703,4.1094,22.398,10.281
3.2266,7.6797,18.539,2.9766,2.6797,4.0156,22.234,14.633
3.4922,7.3672,15.336,2.8281,3.5156,3.7031,23.656,9.6953
3.4375,7.9141,18.094,3.4531,3.0938,3.0938,18.711,13.953
3.7734,9.0859,17.867,3.5469,3.2969,5.6328,28.313,16.5
3.6406,8.3906,20.836,3.3672,3.6641,3.9609,25.086,10.516
3.5,8.3594,17.398,2.9063,3.9844,4.6328,22.82,12.836
3.5547,9.5625,18.414,3.5703,3.4453,4.4688,29,13.172
3.7344,10.719,16.758,3.8281,3.8984,4.7891,26.563,11.195
3.7969,11.305,21.234,3.5156,3.6406,4.8203,21.219,16.75
4.5938,10.125,19.023,3.5625,3.4766,4.4453,21.734,15.742
3.4219,8.6406,16.273,3.0859,2.8047,4.3125,25.242,11.641
4.2031,9.6641,20.07,3.0703,3,4.2813,24.453,12.82
9.7422,13.859,32.141,4.5313,5.0703,13.508,39.805,17.063
4.2422,6.0547,25.227,2.8672,3.6094,9.8594,34.344,12.602
4.7813,6.2734,26.539,3.4844,4.2109,14.914,29.977,12.438
5.2266,5.8125,23.742,4.0234,3.4844,11.406,33.391,12.477
4.5469,6.3906,23.195,3.6016,3.9688,9.4453,38.055,14.633
5.1484,9.4219,24.43,4.2891,4.2969,11.844,44.859,16.07
5.0781,7.2109,24.945,3.8047,3.6172,11.539,33.758,12.094
4.9844,7.9609,21.688,4.2422,4.1406,10.805,37.68,12.32
4.6563,7.7578,29.078,3.4063,3.5234,13.008,32.289,12.797
4.3359,9.7891,20.594,3.5469,3.875,9.9922,28.727,12.883
4.625,6.8828,20.281,3.4766,4.2266,8.3203,39.68,18.016
4.4531,9.8984,28.07,3.8516,3.9297,9.1797,34.641,15.75
4.4219,8.3047,16.898,3.7969,3.75,12.5,30.758,10.898
4.4609,9.1328,22.875,3.3359,3.7578,12.492,39.32,12.641
5.7891,9.1563,25.227,4.3516,3.5078,16.234,37.063,11.141
5.1094,9.7188,27.68,3.8672,4.2891,15.016,32.555,10.906
4.9453,11.273,27.305,4.5156,4.7656,14.094,34.461,10.195
4.6641,10.297,27.43,4.4688,5.1016,16.93,30.867,12.156
5.4453,12.461,24.633,4.125,3.5703,16.609,33.289,14.758
5.6797,9.6406,31.797,4.6094,3.9688,17.727,30.813,11.492
11.664,10.555,39.469,5.7344,5.0234,14.492,53.078,19.93
5.7422,10.023,36.375,4.6172,4.6094,14.922,48.203,13.422
4.5469,7.4219,29.172,3.8516,4,7.6875,33.336,12.484
5.5703,9.2734,29.398,4.0781,3.6328,11.172,45.391,13.367
4.4297,10.984,38.594,4.1563,4.1953,9.9063,43.289,13.039
5.3984,10.961,29.336,4.0469,3.625,14.023,47.578,14
6.6563,10.461,33.914,4.7344,4.8125,11.281,39.367,17.82
9.1641,12.219,34.375,4.0547,4.6016,12.617,40.883,16.055
8.7344,9.3281,34.055,4.4453,3.9922,9.0703,48.875,16.203
5.2109,10.797,39.68,4.8203,4.0703,12.688,48.969,14.594
7.2109,10.219,27.25,4.0703,3.6641,9.3906,30.758,12.422
6.5156,9.6016,28.781,4.2344,4.2266,11.078,45.922,12.875
7.9531,9.3672,29.164,4.6406,4.6406,11.734,38.063,12.938
9.4531,10.898,30.414,4.0234,3.9531,8.0391,41.031,17.039
7.3047,10.297,31.273,4.3047,4.0313,13.656,38.539,16.18
3.5703,10.664,30.102,4.6094,4.0625,9.1563,36.078,12.656
6.9297,9.4141,27.383,3.8906,3.8906,10.688,37.375,15.195
7.8906,12.859,36.109,5.2578,4.3516,11.758,37.492,12.68
7.1641,9,35.297,4.6875,4.3906,9.375,37.859,16.57
7.1953,10.188,31.016,5.5156,4.3281,9.9375,38.016,17.141
13.117,10.5,43.305,5.9844,5.3594,20.195,31.68,19.422
5.6953,7.7266,37.93,5.4297,4.3984,13.555,37.117,16.352
7.5859,9.4375,41.266,6.2344,4.0313,11.664,46.406,23.5
9.2891,12.68,33.438,5.1563,4.8203,22.57,39.773,18.344
9.1641,11.211,43.563,6.0625,5.6406,17.758,31.844,13.445
4.4609,9.4141,36.914,5.9609,4.2734,14.789,35.289,14.273
4.4219,9.3281,44.078,6.8281,5.4609,19.633,38.531,15.188
5.0469,8.6016,36.219,6.5547,5.6406,17.828,41.461,13.258
3.6719,8.0234,41.984,6.0938,4.9219,18.438,32.719,11.523
4.5156,8.3594,48.391,6.4141,4.7969,17.352,35.75,12.445
4.5234,10.625,42.18,6.6875,5,17.859,32.656,11.469
5.1719,9.7734,38.063,6.6953,5.3516,21.977,36.891,13.672
4.0313,8.0859,34.086,6.2344,5.3359,19.656,32.742,14.703
5.5547,11.445,56.891,6.9531,5.1797,20.898,33.883,15.633
4.7266,7.8828,38.828,6.3672,5.25,20.578,34.148,12.5
4.2266,9.9922,39.398,6.8984,4.9688,20.852,34.43,16.359
5.1484,8.9609,33.188,6.5078,5.4219,21.219,28.719,14.398
5.5078,10.5,40.453,7.2266,5.5703,17.648,34.375,14.563
5.1094,12.141,46,8.2188,7.0938,28.102,30.461,11.469
4.3906,10.883,49.289,6.2813,4.3984,16.555,37.617,14.469
8.1328,9.1875,39.102,8.1641,3.3984,5.3516,12.727,13.109
7.7734,11.914,45.25,7.9063,4.2109,4.4844,10.43,14.336
6.4375,7.7344,36.016,6.4688,3.6953,5.0547,12.031,14.039
6.3281,8.5547,31.969,6.4609,3.5,3.8828,9.6797,9.0703
8.8438,8.7578,28.664,5.8047,3.3359,3.9141,12.648,13.594
6.4922,11.242,56.703,9.8281,5.6641,4.8594,9.5625,10.734
7.3906,10.625,35.484,7.6563,4.3281,4.6719,11.422,14.281
6.2969,9.375,35.344,7.3047,3.8984,4.2266,7.4063,15.227
7.0469,10.922,44.008,7.8516,3.6172,3.8984,9.5703,16.711
7.1328,9.3125,33.602,7.1719,3.2266,3.4531,8.8359,14.531
6.4688,8.8906,36.477,6.8125,3.6406,3.5313,8.6563,12.469
8.1406,9.6875,43.078,7.7969,4.3359,3.6953,7.5859,13.688
6.2813,8.8203,46.234,7.2656,3.9844,4.1016,8.9609,15.141
7.0234,8.3359,35.914,5.7578,3.2422,3.8438,10.516,17.211
6.1953,8.5156,39.5,7.125,3.6328,3.1719,8.4141,15.922
6.2188,8.8984,36.297,7.1953,3.625,3.125,9.2969,12.625
6.6406,10.508,51.742,8.3203,4.2656,4.0391,9.7422,17.594
7.7188,14.102,46.609,8.9609,4.7969,4.2188,10.867,15.781
6.1328,11.508,44.922,8.1797,3.3438,4.2344,8.7656,12.359
8.9141,11.07,49.445,9.8281,4.7109,4.5703,9.3594,18.586
10.5,27.781,46.516,7.7344,4.0938,12.977,9.875,10.82
7.8047,22.078,39,5.8203,2.6563,6.1953,9.2891,10.055
7.4922,19.18,44.664,6.1016,2.8906,7.5625,8.6328,14.242
8.3984,27.555,40.859,5.0859,2.9453,12.883,9.4375,10.398
10.703,19.813,43.586,6.7344,3.6016,8.2422,11.219,12.094
10.898,23.117,40.992,6.1406,2.5859,8.2422,9.9531,11.273
8.2422,22.461,38.398,5.7578,2.8906,7.8203,10.523,12.664
8.8984,27.258,32.023,5.2891,3.0781,7.5,10.023,12.117
7.9063,20.758,40.672,5.7656,2.6563,6.8672,9.2109,10.453
9.6953,27.406,46.766,6.6875,2.9219,8.8984,10.742,10.641
8.3281,24.398,42.195,5.8984,3.2656,8.0391,11.594,14.961
9.3438,26.727,36.672,5.4766,2.6719,8.5234,9.6484,11.523
10.438,23.234,45.203,7.9922,3.0391,5.9844,11.813,14.805
10.344,32.422,59.242,8.0859,3.2813,6.8203,12.102,13.063
13.852,34.258,43.141,7.9141,3.5391,14.102,16.227,16.164
11.172,27.977,58.477,8.4766,3.2891,8.6875,11.023,11.477
9.2891,20.969,45.625,6.3516,2.7578,6.2891,9.6484,11.445
10.547,30.961,48.742,7.9609,2.9063,7.4453,10.383,10.891
11.422,24.883,42.719,6.0859,2.9609,8.0938,9.9844,11.156
10.445,28.258,50.484,7.7969,2.9219,8.5938,10.57,11.016
13.945,22.859,34.172,10.883,4,6.8359,9.1484,22.656
12.078,21.508,26.563,4.0469,3.2344,8.3594,7.8984,20.68
15.172,22.406,33.742,4.8203,3.9609,11.875,9.8438,25.633
12.969,13.867,24.359,4.2188,3.0078,9.6484,11.039,25.563
16.109,16.273,26.273,5.5234,5.5078,15.117,15.609,27.391
15.594,24.016,27.352,5.3047,5.2656,8.9375,10.977,22.852
18.758,25.906,37.156,7.5703,3.7031,5.4609,11.977,27.938
13.617,19.289,28.68,4.7188,3.1953,6.0859,8.7266,14.898
13.281,18.438,27.094,5.0391,2.6719,7.2031,8.0703,15.648
12.914,20.93,26.578,5.6328,3.7969,9.5078,8.6953,17.414
11.836,23.156,30.43,5.3516,3.3359,8.7656,10.609,16.141
15.086,19.359,28.672,5.4844,3.1484,4.2422,4.5859,10.82
14.375,16.641,29.961,7.0547,4.2969,18.492,9.8984,24.313
15.875,22.047,32.773,6.5547,3.5703,6.1016,7.0859,21.781
16.656,19.219,34.773,6.3047,4.2969,14.859,11,22.477
15.203,22.961,30.523,5.4688,3.4063,7.8906,11.82,21.273
15.828,12.43,24.5,5.4688,3.3125,10.375,12.344,27.922
15.313,23.086,29.711,5.4688,3.2109,7.5391,12.594,17.852
15.406,17.445,33.438,4.9531,3.7266,7.2891,8.1328,13.242
15.359,24.164,30.547,5.3516,4.0547,9.4609,10.813,21.031
7.4531,12.742,45.797,8.4688,3.1484,7.1797,11.859,14.328
7.4844,11.422,51.18,9.9531,3.8359,5.7344,12.516,13.414
4.7188,10.648,42.422,7.3828,3.4063,5.6328,7.9922,13.016
5.1328,11.102,48.148,7.9844,3.2578,4.3984,9.625,13.852
4.7813,13.617,50.195,7.6563,3.2109,5.8906,11,13.391
6.1094,11.469,47.508,7.3125,3.8594,3.6797,6.8906,9.7266
6.3125,11.023,42.945,6.7813,2.6719,4.1641,7.75,14.188
5.5938,11.438,53.93,8.6563,3.4688,4,6.6484,12.914
3.7031,9.8281,54.594,11.219,3.7188,4.375,9.3203,11.57
4.5313,9.3125,49.469,7.9531,3.3125,5.0313,8.0625,12.063
5.3438,13.484,44.281,8.5156,3.3516,5.2891,7.8438,12.617
5.1172,9.7969,47.781,9.5547,3.4766,5.2969,8.6094,15.227
5.2969,13.125,48.727,7.7344,3.0391,3.0625,5.0078,12.906
4.7266,9.9141,47.063,8.4531,3.3047,3.8281,6.7734,12.938
4.5781,9.5625,36.227,7.1563,3.0078,7.1328,7.3125,11.359
9.6953,11.102,38.742,7.8438,4.2188,8.6563,13.492,17.492
8.3594,12.156,39.508,7.5469,3.5391,6.7656,11.375,14.445
5.0547,9.4609,48.055,7.1563,3.5625,6.8125,8.6641,17.492
4.3359,9.8594,46.414,7.6094,2.8906,5.9766,8.6172,13.789
5.7031,12.766,43.719,7.8984,3.3672,7.8125,9.8125,12.75
14.961,25.836,51.797,17.813,6.6563,7.3984,59.469,38.172
16.102,18.578,39.797,9.9297,5.5859,8.2656,17.813,26.406
14.805,17.461,55.188,10.523,5.7891,8.1016,8.5703,26.719
12.656,16.742,67.961,10.578,5.5313,14.18,25.031,24.68
10.828,16.578,50.117,9.4297,5.1016,12.086,34.781,36.359
15.578,14.297,70.992,10.398,5.9531,13.313,31.961,36.781
15.953,20.477,68.047,13.328,5.75,8.4453,31.914,40.344
17.07,14.445,62.32,13.141,6.2656,14.336,20.063,28.609
16.93,21.016,68.82,14.313,7.4688,12.891,27.594,31.648
17.672,12.906,75.656,13.984,5.7656,8.1641,27.961,42.93
14.102,13.109,63.773,15.93,7.8359,9.5078,20.523,41.969
14.984,10.078,53.281,8.8203,4.6563,11.969,26.133,41.398
14.992,12.773,60.617,16.93,6.2969,13.273,21.609,35.977
17.844,11.508,58.078,14.648,5.3359,9.3047,8.3438,31.805
15.094,13.477,57.508,12.766,6.6484,12.219,29.898,40.5
15.289,27.469,63.352,13.914,5.0625,12.07,23.789,42.016
17.469,13.438,67.156,19.813,6.7109,10.508,30.133,48.359
20.602,13.898,71.484,17.305,6.9688,11.773,17.352,35.289
18.125,13.875,62.023,12.758,6.8125,8.5078,46.266,40.492
16.563,14.797,73.992,14.859,6.3125,10.484,38.703,33.461
15.063,13.945,61.875,11.922,4.8906,8.1484,29.555,38.5
17.414,27.117,68.719,13.555,7.0313,14.18,34.281,20.391
14.172,27.813,56.984,13.117,7.3047,16.859,23.047,17.438
14.898,23.695,54.055,11.063,6.8828,14.172,26.219,21.164
16.328,26.367,62.836,12.258,6.1406,16.953,28.117,18.461
14.477,26.266,75.984,13.75,6.5781,17.586,20.711,23.977
14.734,24.805,58.422,16.336,6.2422,15.555,18.063,20.023
12.867,22.227,68.672,12.422,7.3594,14.797,20.141,26.414
20.625,36.047,63.68,18.734,6.4844,16.063,21.813,24.273
11.711,18.523,65.211,11.383,6.7344,21.086,13.117,25.203
13.578,22.414,70.836,12.805,8.2344,12.805,13.18,26.781
10.875,17.047,58.609,11.375,5.6016,14.555,13.203,26.039
12.602,24.063,66.023,13.25,6.6563,10.867,17.039,25.625
9.0625,14.523,54.688,13.586,6.8516,14.563,11.5,24.234
13.023,18.25,64.43,14.133,5.6094,13.344,14.703,21.141
11.438,18.328,60.555,12.406,5.4141,12.359,14.008,23.547
13.102,18.938,70.461,15.273,6.4922,12.359,12.023,23.539
11.195,20.063,62.508,15.734,5.2734,12.922,12.391,22.461
10.078,22.375,72.258,11.602,5.5703,10.742,9.7813,28.703
10.547,17.828,64.234,14.531,5.2578,12.633,11.664,21.055
10.406,16.617,62.719,18.758,6.6484,14.281,15.094,23.148
10.961,16.508,59.523,14.766,4.8281,9.8047,14.43,29.148
30.773,25.453,49.227,14.227,7.0703,11.852,39.281,21.172
27.211,24.711,60.18,14,7.3906,11,59.555,20.25
31.602,26.656,61.133,17.008,8.7188,21.023,97.609,22.305
28.727,21.016,51.188,11.336,6.8828,10.07,63.547,16.727
20.313,17.086,37.797,11.234,5.8984,13.031,98.75,13.75
34.578,25.836,40.586,13.477,6.9688,13.859,85.523,14.266
35.273,14.086,40.648,9.9766,5.8672,12.25,83.844,18.453
20.07,18.883,31.297,10.195,7.2891,14.102,91.43,19.352
31.25,21.031,41.156,10.766,6.1797,11.711,82.977,16.328
29.406,22.438,33.156,13.242,6.8594,10.844,62.453,11.789
21.516,19.984,41.953,12.453,6.6094,12.938,77.25,13.055
39.836,19,53.938,14.219,8.2813,12.492,84.469,20.727
26.523,21.82,43.258,11.688,6.7344,12.508,76.602,12.523
26.82,17.859,42.32,12.539,5.4063,11.586,79.219,12.57
31.414,21.352,48.914,16.969,7.7891,11.898,84.102,14.352
23.266,16.797,33.484,12.008,7.0234,9.7656,47.516,11.367
23.156,18.195,39.336,15.32,6.0391,8.4141,46.367,11.859
29.305,18.242,36.313,16.883,6.8125,10.82,55.234,13.859
24.023,27.188,62.758,19.359,8.6797,12.695,70.641,15.922
20.633,27.656,51.617,18.352,6.7969,11.25,63.484,13.836
21.836,21.328,54.055,19.102,8.2969,9.5313,55.406,16.156
20.117,23,72.219,31.336,9.0391,10.977,21.953,30.047
14.523,19,59.656,21.398,6.2188,7.1563,13.648,21.43
16.297,21.555,67.109,17.969,6.0156,9.5391,19.977,25.242
14.063,20.375,68.875,20.156,7.7813,8.4219,16.586,27.234
15.141,15.516,53.398,20.602,7.0391,6.8438,10.781,16.367
10.852,19.102,76.336,21.406,7.4609,9.7578,16.477,30.477
8.1797,15.305,56.359,16.336,6.0234,6.5234,13.656,24.828
6.9063,12.953,57.727,16.516,5.5625,5.8047,12.258,20.391
13.984,20.664,66.188,23.617,7.3125,6.9688,10.367,25.906
11.211,17.695,77.469,15.367,4.8125,7.6172,13.492,21.898
10.656,13.57,54.727,17.141,6.4219,12.43,15.281,20.539
11.641,17.984,55.219,19.18,6.7734,10.391,14.109,32.422
10.883,21.898,70.023,19.75,6.7578,8.625,16.117,30.039
12.969,20.305,77.867,20.781,8.75,10.406,15.18,26.625
8.9375,16.516,61.023,20.445,6.9844,9.3203,15.117,20.703
7.5469,16.531,55.922,20.469,6.2422,7.9453,11.867,20.734
10.438,18.094,72.273,26.258,7.4766,6.5391,12.633,26.102
11.086,15.906,66.609,22.625,6.7031,6.2031,11.258,24.516
17.703,21.328,71.867,26.523,7.1875,6.2578,16.07,21.82
10.008,17.227,70.719,15.859,6.8516,8.2031,10.906,19.422
8.8516,20.055,68.75,21.477,7.6406,7.9453,14.586,22.547
13.656,11.117,57.813,11.422,6.0391,6.4375,65.406,30.305
19.797,21.445,57.477,15.117,7.5,7.4766,69.172,42.383
13.875,18.727,65.141,13.219,7.875,8.4766,68.125,38.984
14.945,27.586,67.102,13.5,6.7031,9.6719,79.102,46.414
14.906,12.953,64.008,12.781,5.3203,5.125,44.125,35.242
13.836,16.492,66.641,11.984,5.8125,6.2656,65.813,35.641
17.008,16.664,74.641,15.523,5.7891,7.5391,70.656,42.195
15.078,12.055,62.148,15.734,8.1172,7.5469,72.07,38.352
12.344,39.117,66.641,9.4766,5.0391,4.5703,41.398,32.039
13.586,37.477,74.328,14.289,7.2344,7.8125,80.063,44.875
13.219,39.328,80.781,11.891,6.9375,6.9609,64.641,29.281
14.836,13.648,75.047,14.313,7.625,6.9453,57.711,41.664
12.875,28.313,87.109,14.188,9.7344,7.8828,46.633,31.508
15.461,24.727,79.898,16.133,7.5469,9.6172,87.508,53.75
16.211,22.359,67.063,14.609,6.7344,6.25,47.5,36.352
13.68,28.508,63.422,13.008,6.2109,8.4063,70.055,44.594
16.695,17.43,71.68,16.328,7.1797,7.0469,57.672,43.977
14.484,20.367,73.555,18.594,6.9609,7.3516,71.773,46.578
14.43,27.711,69.734,17.703,8.3594,6.8984,66.094,37.078
14.117,23.859,81.758,15.609,6.8828,5.9063,61.406,45.5
13.898,22.344,72.883,16.383,7.5469,7.3281,56,35.359
17.758,23.82,69.07,19.992,6.4297,7.9688,60.352,44.148
15.336,31.242,67.703,17.383,6.7734,7.0469,66.516,50.844
13.742,30.75,77.414,24.172,9.8125,9.6641,74.992,37.195
13.945,32.266,67.938,18.672,8.3828,8.4531,66.234,41.977
17.898,21.758,83.844,15.438,7.6484,8.6328,67.516,41.773
18.594,31.156,72.289,20.063,7.8516,7.5078,73.648,34.391
17.805,29.656,88.75,19.289,8.6484,10.75,93.156,45.422
15.5,16.297,82.727,22.945,8.7656,10.727,92.617,55.023
14.68,26.422,82.852,22.508,9.6641,8.3125,80.852,41.469
14.93,17.859,75.313,19.273,7.3359,8.3672,71.828,36.125
15.094,12.906,95.891,18.266,7.1563,6.625,55.867,38.914
13.398,16.273,69.047,16.531,7.8203,8.5625,63.398,37.031
18.547,17.43,71.305,14.391,8.2656,8.8984,62.617,33.461
12.445,18.102,85.016,15.227,7.6875,8.8359,76.18,42.875
16.313,33.297,72.32,17.914,8.0547,8.4063,72.547,38.141
15.055,21.008,91.219,20.914,8.1406,7.0547,65.758,39.852
16.734,19.477,85.555,21.883,9.6484,8.5313,75.859,34.547
15.008,22.164,84.734,17.695,8.7266,7.1094,73.789,40.188
17.922,26.242,84.773,21.047,9.9297,11.242,85.75,45.719
15.852,15.438,87,20.078,9.3438,7.8984,61.039,36.445
15.898,12.531,73,20.773,7.9141,7.6172,77.32,45.711
13.375,31.18,78.5,16.094,8.5938,9.5,77.172,37.898
13.969,31.055,86.695,15.125,10.203,10.531,79.945,35.078
14.641,38.031,73.445,16.633,9.5234,12.914,77.039,33.383
17.555,33.406,81.672,20.117,9.4375,10.516,85.438,42.188
12.719,17.234,79.633,15.031,9.4063,7.5703,55.961,26.781
14.773,18.5,80.547,18.852,7.9766,8.3516,71.586,41.102
13.172,20.969,73.563,18.242,8.5703,6.9922,57.383,32.203
18,21.641,90.234,21.242,11.438,10.609,82.719,40.164
14.648,22.398,86.313,21.656,11.25,9.5938,76.008,40.609
17.156,18.102,63.414,21.211,7.7344,8.4609,69.672,40.047
14.844,18.891,63.656,24.914,6.7188,9.2266,63.133,42.891
15.977,22,74.586,24.961,7.6719,9.4766,70.164,38.43
15.844,18.094,65.172,22.969,7.8359,10.063,82.914,50.008
12.82,18.805,74.375,21.469,6.5391,8.6953,65.492,48.023
10.609,17.625,62.227,26.313,5.9688,8.375,73.938,43.727
14.398,23.43,63.922,25.305,7.2734,10.633,70.422,41.07
17.469,26.289,67.578,24.586,8.6641,8.3281,67.25,47.109
16.461,23.25,76.164,31.68,8.3906,8.7578,71.359,45.828
15.438,26.367,62.422,31.773,8.0703,6.6797,61.555,41.859
16.867,18.266,75.273,28.461,9.1094,11.133,70.625,48.75
19.336,23.836,67.852,27.727,9.1016,8.3281,53.906,36.164
13.766,21.688,63.523,20.93,5.8906,7.2578,60.867,35.367
17.141,36.859,72.758,35.586,8.25,8.9609,75.766,53.453
15.922,19.922,76.703,28.258,8.25,8.1953,64.875,47.797
14.148,19.398,68.797,24.563,7.0391,6.3438,54.109,32.586
14.141,19.57,72.594,25.18,6.5781,7.5,66.367,42.828
17.234,23.5,70.008,30.57,7.1406,6.4688,55.641,36.891
13.617,18.578,79.961,21.391,8.0078,8.4375,55.648,34.547
15.375,19.688,73.93,27.734,8.625,7.3828,64.203,37.5
14.031,14.469,50.367,23.492,5.7969,6.1094,55.383,34.141
17.219,20.078,77.469,31.094,8.3125,7.9375,61.438,33.953
17.703,20.688,89.102,26.977,7.0938,9.1953,80.047,49.578
13.641,18.813,85.117,26.555,7.9531,9.8125,72.383,40.617
14.367,18.156,59.297,29.367,8.1328,7.9766,75.703,35.328
16.719,18.008,79.07,27.781,7.8594,9.4219,74.258,46.344
21.672,24.039,82.93,26.148,7.3984,7.5625,59.305,41.938
16.453,23.086,75.633,30.531,7.8672,7.3828,63.039,46.766
16.047,18.195,68.172,25.227,6.9219,8.4375,74.773,44.523
12.086,18.023,73.203,29.766,7.1484,7.4531,67.102,54.008
13.836,15.844,59.625,26.516,6.8828,5.7969,46.602,29.453
16.297,17.453,60.773,31.336,8.1328,7.2969,68.719,47.273
13.836,15.18,62.906,30.813,7.4219,6.2734,67,45.891
14.328,19.336,74.375,24.367,7.8828,8.7656,77.422,43.898
12.32,16.266,70.797,28.977,7.8047,7.5,63.148,44.844
10.195,16.313,52.438,27.859,8.1328,6.75,68.813,36.844
13.445,18.242,72.43,25.57,6.6797,7.2344,71.492,42.813
14.133,16.094,55.367,23.961,7.4688,7.7813,65.055,37.375
11.977,15.742,55.039,30.398,7.3125,13.734,53.5,31.102
12.727,19.531,68.938,23.844,7.5625,7.9453,61.859,38.039
13.313,18.352,57.406,22.047,6.6016,6.2188,57.102,36.539
14.398,18.727,69.672,26.102,7.2891,6.0313,62.227,40.344
10.328,18.086,66.82,22.773,6.8047,6.7578,61.898,36.016
13.742,14.258,60.094,22.055,7.6875,7.9297,48.313,30.523
13.898,20.57,63.531,23.047,6.8984,8.2734,68.75,37.211
11.602,17.383,73.852,22.664,5.7031,5.9141,49.234,33.344
15.406,14.359,61.758,26.031,5.9297,6.8594,65.148,48.563
14.25,15.688,64.539,29.086,6.6953,7.3516,65.109,49.5
13.922,16.227,52.172,28.797,7.4141,6.1719,40.852,31.078
11.609,17.359,68.875,26.039,8.1797,8.1172,57.25,38.867
16.57,15.625,71.984,25.195,8.25,8.1641,62.281,30.836
27.344,37.273,53.164,12.922,7.6328,26.445,73.695,32.383
28.492,30.797,58.695,9.5703,6.5391,27.414,83.445,32.992
40.273,24.32,49.516,8.25,5.9141,22.375,88.563,30.07
18.188,35.055,56.195,9.375,7.875,29.508,87.563,35.172
32.625,29.039,50.063,13.695,6.7344,27.5,89.188,37.203
34.102,29.555,51.602,13.508,7.75,25.25,84.336,28.359
24.57,34.625,46.313,7.4453,5.7188,12.445,87.93,29.453
27.125,48.484,61.414,14.93,6.3281,21.773,82.297,26.813
28.883,38.391,63.445,15.531,6.6641,32.102,98.328,40.195
28.281,43.672,57.18,14.211,6.2344,20.977,74.398,31.32
15.273,32.211,56.148,15.234,7.5547,26.477,98.148,40.289
21.281,29.68,62.508,16.852,5.4844,17.148,79.805,35.656
23.242,33.453,52.422,11.258,6.2109,15.789,93.445,37.391
25.031,22.508,46.828,13.039,7.7031,21.906,86.078,47.664
43.25,29.148,59.016,14.781,6.1797,20.117,83.969,41.898
23.695,38.617,46.055,16.922,7.1719,23.188,90.344,28.789
31.148,40.484,55.609,20.211,8.3125,30.172,91.992,39.25
50.656,34.906,65.961,13.609,6.625,17.422,104.7,49.445
32.453,42.211,49.234,22.094,9.5313,17.719,86.031,41.188
31.414,45.398,52.875,18.547,6.9453,15.242,85.563,39.633
38.063,41.828,65.586,22.586,8.5,21.219,82.664,52.516
36.859,45.898,62.406,19.227,5.8359,13.977,79.719,43.695
32.617,52.523,52.438,24.375,9.3047,17.195,82.539,48.734
32.422,40.281,55.258,20.281,7.5547,15.445,84.203,60.297
46.859,44.25,67.977,27.57,9.5234,19.211,88.477,66.219
34.031,33.148,57.336,19.68,7.7578,15,93.375,62.516
32.438,52.992,50.32,29.078,8.4766,17.078,85.211,54.313
24.539,44.906,50.727,23.094,7.2422,15.93,76.688,55.664
39.992,47.477,63.742,26.508,10.703,16.898,72.609,54.516
25,42.586,60.477,28.367,7.3984,14.336,83.414,57.43
36.266,41.258,45.359,26.211,9.9141,27.734,73.258,62.367
29.844,32.133,65.563,28.898,7.7969,21.859,87.219,53.797
31.813,36.781,53.219,24.867,7.7031,17.195,93.742,59.617
25.008,32.242,68.781,19.18,7.1563,17.07,91.094,67.563
25.789,38.992,61.555,24.031,8.1406,17.414,85.883,78.719
27.602,35.805,53.578,23.609,7.3516,12.953,66.625,65.711
33.25,33.609,47.758,24.563,7.9063,18.305,74.586,53.203
34.141,31.859,45.078,20.656,6.3125,15.023,72.992,49.789
26.891,24.016,58.008,14.188,5.6953,22.563,85.875,52.273
23.102,28.781,47.125,17.555,4.5078,11.414,63.078,39.039
30.281,37.281,44.508,20.398,6.8359,15.313,71.602,47.547
21.234,21.234,43.156,21.094,6.9531,17.875,62.688,37.156
36.219,22.742,50.109,17.336,4.4688,11.25,73.359,44.82
28.547,35.133,54.523,23.125,6.2578,14.75,82,63.242
18.672,20.734,47.445,14.984,5.8828,15.555,70.609,64.586
38.82,36.539,41.836,19.984,6.5938,14.813,79.469,58.523
36.523,30.563,67.883,22.109,7.3047,17.297,92.164,57.945
27.07,30.297,56.016,16.359,5.8594,13.68,71.813,52.773
40.984,26.117,46.781,25.484,6.9453,17.195,61.969,55.891
24.969,33.469,61.836,23.852,5.3047,13.648,75.945,66.016
23.016,32.078,67.797,21.883,7.1016,17.336,84.055,66.742
27.797,19.008,63.305,32.648,7.7188,17.133,51.461,46.758
17.773,17.828,70.547,34.82,8.2266,12.727,43.414,54.117
21.672,15.266,65.93,39.414,9.2188,9.3984,41.359,51.734
20.172,15.664,56.57,31.922,8.6484,10.727,45.484,50.609
15.789,13.063,52.242,35.25,8.4141,9.5625,36.594,41.813
17.586,12.758,46.055,29.352,7.3516,7.25,37.602,41.867
18.516,14.406,51.438,25.93,6.1172,9.875,42.563,43.227
13.844,12.133,53.148,33.852,7.3828,9.6563,34.344,45.586
14.047,12.57,62.578,38.391,6.625,8.8906,45.375,37.305
17.055,12.5,56.578,38.039,10.18,8.3203,39.602,50.789
14.984,13.133,50.859,36.133,7.6797,8.1563,41.023,46.898
20.625,16.844,57.781,27.32,7.2266,8.5781,36.32,45.039
18.695,15.336,51.313,33.266,8.6406,11.539,51.664,41.586
10.672,14.516,53.141,28.461,6.4609,11.945,45.602,49
13.18,13.906,55.922,31.906,6.6719,7.25,30.578,37.203
10.789,11.289,54.922,28.875,5.4375,7.7109,33.641,49.422
14.141,12.273,60.422,32.867,6.6484,8.1094,31.031,37.188
17.906,14.828,63.531,27.758,6.2969,8.5625,45.68,48.414
14.508,11.641,55.359,29.781,7.2031,9.5078,31.195,33.359
12.844,10.227,50.211,19.891,6.4375,14.211,36,36.195
15.055,11.789,59.453,30.672,7.2109,7.2813,33.313,44.773
17.57,13.539,68.258,31.367,7.7422,11.461,47.336,57.117
17.992,18.656,73.266,38.016,8.0313,13.555,40.211,53.859
15.469,11.352,61.109,33.992,6.8438,8.5,37.367,52.016
14.945,10.914,51.594,33.516,8.4219,8.3047,35.984,43.82
16.797,11.18,52.172,29.813,7.4453,7.5234,30.914,41.109
15.258,13.844,59.648,25.156,6.5156,9.875,38,47.922
18.438,16.281,52.43,40.555,9.5781,11.25,37.359,50.547
22.469,14.352,60.82,32.156,8.3672,8.6563,37.984,45.227
16.836,12.258,47.805,31.43,9.3203,11.289,27.523,39.672
19.797,15.219,64.281,30.617,7.2813,8.2266,40.289,46.977
14.711,12.906,60.891,28.75,6.8594,7.875,29.203,37.961
16.391,12.039,50.516,25,6.5469,8.2109,42.359,49.602
18.258,12.883,59.328,30.719,6.5391,8.5313,38.656,43.266
11.25,9.8438,40.023,33.375,9.2266,10.055,43.656,40.383
12.844,10.094,57.688,29.82,7.8828,7.9844,35.906,35.672
12.969,10.289,53.445,23.492,6.2734,9.125,39.242,45.258
16,12.578,51.227,26.906,6.4141,6.4688,29.484,40.57
12.672,10.797,60.188,30.313,6.0391,8.9844,32.281,37.164
14.539,9.7422,50.328,28.609,6.7109,11.891,30.977,26.219
17.859,14.484,76.289,37.781,9.1719,11.523,34.344,39.977
20.422,14.445,58.195,37.32,8.375,10.477,24.367,41.461
14.391,13.359,56.789,28.633,6.4453,7.3516,30.75,38.938
14.75,14.156,58.617,27.148,7.1797,10.141,38.414,34.445
13.992,9.6172,55.953,23.758,5.875,6.4688,36.32,43.195
13.109,8.6719,45.188,22.703,6.0078,6.9531,31.102,36.672
10.68,9.8203,50.414,24.586,5.625,7.6172,38.75,40.094
11.883,12.008,57.844,26.953,6.8594,11.32,29.148,33.133
13.18,10.992,51.25,29.594,6.2813,9.2969,33.836,41.844
13.883,13.445,67.57,30.258,6.4297,8.4688,34.648,38.977
13.664,11.242,55.867,23.914,5.4141,9.1719,37.477,44.07
13.719,11.367,56.664,33.063,7.0313,9.7266,43.992,44.719
17.078,11.813,50.602,26.695,5.9531,8.0938,30.641,40.016
12.078,12.086,53.688,22.578,5.3984,7.4922,21.617,30.508
8.5547,7.5625,37.086,6.8203,4.4688,5.7266,22.617,14.281
6.4531,9.5156,33.258,6.4844,4.6328,6.4297,31.578,12
6.5234,7.3281,38.273,5.9141,4.2969,6.4141,27.266,13.484
6.4766,9.3828,40.781,6.7656,4.3125,5.5156,31.055,15.172
5.875,6.375,31.195,5.3594,4.125,5.6875,21.945,16.656
6.7422,7.7109,31.734,6.0547,4.2188,6.8828,22.57,15.445
10.875,11.422,42.305,7.3906,4.2734,6.4922,33.016,16.219
6.7422,11.234,37.938,7.4531,4.7969,7.0781,27.43,23.266
8.3516,9.9453,39.727,6.1797,4.75,6.7813,29.195,18.945
6.6797,10.844,37.5,6,4.4063,6.4531,30.492,13.086
6.2188,9.0391,41.789,5.4297,4.2109,4.8984,26.055,16.117
6.8359,8.7891,29.172,5.7031,4.1797,6.2188,33.156,22.734
8.0625,9.6797,34.297,5.8438,3.8359,5.2031,26.609,18.57
5.7031,7.6094,27.07,5.1172,3.8125,5.9844,30.445,15.195
6.1328,10.023,32.398,5.25,4.8906,6.3672,24.469,15.461
7.8516,11.383,35.953,6.2656,4.0078,6.5781,30.023,20.75
6.6563,12.344,35.422,6.5,4.5156,5.9922,28.227,16.727
7,13.367,33.742,7.9688,3.8047,5.1484,22.523,14.672
5.9609,8.6094,31.539,4.6641,4.0313,5.9297,24.406,19.492
7.8828,11.148,34.695,6.6016,4.0078,4.9609,29.75,17.898
6.5859,9.3516,34.242,5.6797,4.4141,7.7422,26.859,18.578
5.1953,8.3828,27.047,5.1016,4.5391,5.2813,29.297,12.039
6.6719,10.898,31.633,5.2813,3.9531,7.1484,29.898,15.727
8.4609,15.227,37.258,6.5781,6.3516,7.8672,28.594,16.063
6.0078,8.9766,35.633,6.5703,4.8203,5.1094,24.016,17.117
7.2891,11.336,49.445,6.6719,4.3203,6.1406,25.484,18.102
5.3359,10.656,43.195,6.9297,3.9219,5.0938,23.75,12.813
5.8984,10.906,43.203,6.4766,4.5234,5.5781,26.945,15.07
6.2344,10.383,40.336,6.1172,4.6563,4.9063,21.328,20.07
5.9766,11.672,36.367,6.4766,4.5703,4.8203,22.914,20.742
6.3828,9.2422,31.563,5.5156,4.9609,6.5078,22.477,19.594
6.0547,13.07,45.555,6.0547,4.1641,4.8125,24.703,17.164
6.25,12.344,44.008,5.1875,4.1406,5.125,24.82,17.133
9.7266,11.031,38.992,7.2813,4.1094,5.1094,22.109,17.508
6.5547,12.141,41.789,6.7266,4.6719,5.8281,20.109,15.938
6.1328,10.125,42.297,6.1094,4.3203,5.9375,26.711,15.844
7.0156,11.57,41.852,7.5625,5.4531,6.0469,26.016,15.352
7.5313,10.594,40.523,6.5,4.8984,5.9766,27.172,20.75
7.1328,11.094,47.258,7.4297,4.2734,6,29.469,26.234
4.8594,10.266,28.492,6.4766,3.875,5.3359,22.563,19.336
6.0547,9.7422,40.469,5.7734,3.875,5.1719,25.68,18.094
5.7734,11.867,32.43,5.25,4.5078,4.4063,24.313,15.359
8.0391,13.359,39.438,6.0859,4.1797,4.3984,20.445,21.828
5.5234,13.211,43.867,5.8828,3.7578,4.1797,21.359,17.766
5.0703,11.273,39.719,6.125,3.625,4.6797,23.313,23.406
6.1016,8.0234,38.883,4.9766,4.25,5.2891,24.344,22.742
7.1406,10.469,43.766,7.1641,4.3594,5.1797,25.492,21.211
6.8984,11.273,36.273,6.2266,4.5781,6.1406,23.227,17.891
10.117,15.828,43.813,9.1641,4.75,5.2969,27.211,21.109
9.7656,13.68,41.898,8.5703,4.4922,10.523,41.047,21.961
6.8516,9.2656,39.383,6.5703,4.4609,7.3672,30.063,17.016
6.6406,10.648,33.414,7.6406,4.1953,8.7109,28.289,21.547
6.7109,12.531,49.945,8.2969,4.6953,8.5625,38.695,16.844
6.7344,10.883,45.438,7.9297,3.9375,8.4219,30.492,19.414
6.1719,12,42.336,8.3203,5.0469,8.1719,31.961,20.656
6.9844,11.305,49.516,8.1953,4.6875,8,31.086,18.68
9.6797,12.102,40.609,7.6797,4.8594,7.4063,35.797,20
8.375,14.352,46.898,8.7891,4.9922,8.0469,36.734,28.938
6.6875,12.578,58.258,9.8906,4.5391,6.6406,32.953,24.453
6.5156,11.852,51.531,7.2578,4.6719,9.0313,35.383,23.25
7.125,11.625,56.219,8.5313,4.8281,9.6094,33.32,23.391
6.2734,11.195,50.891,6.6719,4.3828,9.0078,32.305,16.82
7.0938,10.883,36.352,6.8984,4.9844,10.242,30.375,15.898
5.4531,14.18,47.414,7.0625,4.9063,8.5781,35.172,20.867
7.7656,12.391,51.523,8.0313,5.1406,6.6641,35.336,21.281
6.0078,13.469,51.641,10.102,5.5859,9.0781,28.547,20.25
7.1953,12.672,57.367,8.9375,5.4609,7.5547,27.359,19.844
5.8438,11.922,46.391,8.2578,3.5781,6.9766,27.352,19.164
6.1016,11.508,51.367,6.4531,5.2188,8.9375,28.945,22.055
6.4297,11.922,49.836,6.7969,4.6563,8.1563,34.031,22.727
9.9766,10.922,48.844,8.3203,4.9453,7.9375,33.125,22.461
7.0078,11.609,56.484,8.0469,5.2656,11.617,32.773,20.352
6.2031,9.6016,46.453,7.2813,4.5078,9.6172,31.273,21.758
5.5156,12.094,52.703,9.5938,5.3906,9.5313,41.859,20.914
5.3672,12.898,52.508,9.4609,5,7.7578,31.602,19.656
5.4219,10.852,47.563,8.8125,5.0781,6.1953,28.664,19.406
5.6875,12.789,50.242,6.7422,3.3984,6.6953,34.406,22.453
6.7813,13.531,47.711,6.5781,4.0234,9.6797,30.898,22.344
6.7813,14.008,55.391,9.0703,4.8672,8.2656,33.883,23.25
5.4297,13.055,47.594,8.2266,5.4688,8.2969,29.867,20.133
5.8438,11.805,61.219,8.2813,6.125,9.9688,31.43,23.813
5.5078,13.711,59.773,9.9844,5.8516,7.5469,27.141,15.438
5.8438,10.406,58.07,8.0938,4.5,7.3594,35.016,19.703
6.2891,11.523,52.695,9.6016,5.4453,7.6328,25.203,24.031
6.0469,11.258,53.359,6.4375,3.4844,6.6797,29.422,23.211
5.7813,12.672,54.922,7.8828,5.9063,7.7031,29.313,23.742
5.5313,10.109,49.531,7.3906,4.125,6.0859,23.914,30.43
6.6094,14.469,57.18,10.297,4.6094,7.2813,31.727,22.398
6.2344,11.344,45.453,8.3281,4.9844,6.3672,30.43,21.75
6.3906,11.734,58.563,9.3828,5.6172,6.625,22.555,20.047
7.7813,13.492,48.609,8.6016,6.3047,9.6016,37.906,19.773
13.258,31.648,60.445,9.2422,6.1953,10.398,37.445,23.633
6.3906,11.328,54.594,11.813,6.75,7.9297,24.031,15.961
7.3047,11.258,57.117,9.0234,5.1563,8.4688,26.57,14.734
5.3438,10.688,62.141,10.07,4.7891,10.195,29.109,22.047
6.3281,11.156,60.211,10.664,5.5,11.391,39.813,22.578
6.0156,12.797,66.445,10.242,5.5391,6.3516,24.875,16.656
6.5,13.859,59.07,9.5938,6.1406,7.9531,30.008,24.367
15.648,17.32,53.594,8.3984,5.3203,11.953,29.703,29.078
12.648,21.469,50.531,6.6953,6.0625,12.633,49.219,24.609
21.477,20.133,57.281,7.7891,6.0156,13.008,41.789,31.352
13.133,20.766,47.148,7.1641,6.2344,16.734,47.922,38.211
16.102,20.781,48.867,7.2188,6.3672,11.898,42.43,20.055
10.086,22.563,51.07,7.6641,6.5,14.641,40.922,19.695
16.57,27.469,50.297,8.3594,6.6641,14.742,43.508,22.445
15.719,29.68,56.977,8.0547,7.0469,17.281,35.547,23.445
11.148,26.906,56.492,6.5078,4.1094,9.5156,33.25,28.75
12.195,25.563,56.172,8.2734,7.1563,14.461,39.352,26.563
11.609,28.703,50.539,7.5469,5.5234,10.328,35.766,21.422
10.797,29.086,55.891,6.8203,5.1719,10.484,36.406,26.977
17.961,31.156,59.203,7.4531,6.0938,15.039,41.805,29.766
14.938,25.18,48.234,6.4297,5.8828,13.594,43.938,33.766
16.109,27.797,64.531,8.4141,5.6953,8.2813,35.625,29.82
9.4375,17.547,28.297,4.1172,5.3516,10.586,35.594,17.664
8.8359,20.055,40.234,5.4844,5.5781,18.68,44.844,18.844
10.047,22.789,42.156,5.8516,5.5,12.125,34.945,15.5
6.3906,15.008,31.891,4.8125,4.6484,9.7891,26.906,10.969
8.8828,14.617,29.219,4.6328,4.7656,12.781,37.742,17.203
11.07,18.43,35.875,5.4609,4.125,12.164,33.328,18.938
9.8281,18.281,33.5,5.0938,5.8828,12.508,33.008,18.492
8.7344,17.438,36.523,4.2578,4.5234,13.039,40.836,17.102
6.0859,14.797,28.898,4.2813,3.7734,9.4922,29.344,20.25
7.8906,20.352,42.43,5.5391,4.5938,11.68,33.43,20.25
12.086,18.328,34.516,4.4219,5.7188,14.586,40.469,29.281
9.2813,20.195,32.539,5.2969,5.2188,12.203,46.086,26.578
11.172,20.867,38.422,4.1484,4.6563,13.531,43.531,21.07
8.3516,21.594,36.125,4.9453,5.3281,11.227,38.023,18.359
8.6797,18.375,36.516,5.5938,5.0156,11.328,35.297,24.922
9.3438,18,34.648,4.5,4.9141,14.977,42.336,19.68
10.844,22.203,37.102,5.9453,4.9297,10.719,36.313,18.727
9.3828,16.891,39.828,4.5547,4.8516,11.852,39.766,22.102
9.2188,17.766,39.914,4.4063,4.8594,13.563,40.281,26.078
8.6719,19.648,46.719,6.2031,5.0938,11.516,34.109,17.891
10.563,21.328,40.047,4.875,4.7188,12.398,36.047,19.477
10.281,20.633,46.383,5.2266,4.3672,14.188,40.57,23.234
10.266,17.992,42.031,5.625,6.5469,13.07,42.602,23.242
11.305,28.375,45.016,5.0547,6.8125,12.992,44.406,22.313
9.9844,24.891,28.648,4.3203,5.6484,15.32,44.047,24.758
8.4375,22.07,35.68,4.8047,6.2422,16.078,39.969,24.164
10.695,19.789,39.125,4.6641,5.1406,14,38.414,21.492
8.5313,25.313,42.727,4.8047,5.2813,12.016,38.047,23.82
11.078,18.961,44.75,5.0391,4.9219,12.875,41.727,27.945
13.438,19.68,35.664,5.1797,4.6641,10.484,33.461,22.023
10.516,25.094,53.25,5.6563,4.1563,11.992,37.945,19.859
12.422,18.875,44.117,6.4453,5.6797,10.586,44.813,23.719
13.555,25.109,48.617,6.2344,6.3359,16.008,39.102,21.031
9.1406,16.484,46.539,5.6406,6.4688,13.547,35.016,20.734
9.4063,24.109,52.086,7.1016,6.0547,14.359,37.258,20.828
26.914,15.789,48.594,10.195,6.2656,17.242,25.461,30.25
17.695,11.953,54.258,8.6328,6.7422,19.422,33.836,21.055
10.383,11.547,56.969,10.344,6.3828,19.242,31.133,18.453
6.0234,13.133,50.813,9.4922,7.6719,22.898,39.969,17.508
5.2188,12.094,62.109,8.7266,5.1406,17.508,23.969,19.875
6.3594,10.781,52.016,8.2188,5.6484,15.617,30.313,19.313
7.5391,10.5,60.063,8.625,5.6406,13.992,29.367,14.266
6.5313,8.9609,60.359,9.1484,6.2109,17.109,30.031,23.781
17.172,11.742,46.063,7.1328,3.9688,7.5859,26.734,18.883
6.0703,8.7188,52.828,7.3047,5.1563,12.609,28.336,15.633
8.5313,12.813,55.688,8.7578,5.5078,11.664,26.93,21.789
8.8516,11.32,47.398,9.4375,6.4219,12.508,27.266,17.398
6.9922,7.1406,39.188,6.6641,4.0938,10.578,25.414,11.898
9.375,7.2344,31.063,4.7813,4.0234,11.93,25.125,11.141
20.367,10.844,45.867,6.8672,6.4141,19.102,23.359,17.297
12.133,8.3125,44.773,6.8594,4.2422,11.602,24.844,12.633
9.0859,9.1406,40.563,6.0313,4.5547,7.8984,29.727,10.805
7.7031,8.3516,48.492,6.7188,4.9219,12.07,24.32,10.516
4.9688,7.6484,40.883,5.8984,3.9297,10.469,22.07,8.2891
4.8516,8.2344,36.094,6.5234,4.3672,13.367,26.844,14.344
4.8516,8.5938,48.117,6.6328,5.1563,15.297,22.789,10.305
5.75,8.7656,37.93,6.6875,4.8203,13.344,27.633,10.875
3.8984,9.9609,53.469,6.9609,5.7188,15.609,27.453,10.602
5.4766,10.141,51.063,7.4219,6.4766,16.992,29.922,12.188
4.9375,9.5391,47.672,7.7891,7.7422,23.766,24.703,8.5859
4.1094,7.9063,44.172,6.0156,5.7188,19.039,24.906,9.0313
3.7813,9.9531,43.313,6.5078,4.6172,17.109,20.539,8.1172
2.8516,7.9531,41.133,5.9688,4.25,12.469,20.555,7.3906
3.8906,8.4219,42.32,5.3359,4.7969,17.164,17.883,12.852
6.3672,9.3281,57.484,8.9297,5.1563,10.969,23.305,21.5
4.7813,8.6797,44.758,7.5391,5.4375,19.484,24.672,11.68
4.1719,8.3516,40.617,6.375,4.7578,10.758,30.102,10.164
3.8047,9.6563,42.461,7.0078,5.1172,16.547,22.492,9.0469
5.1797,8.2813,32.688,5.1641,5.5859,16.969,25.492,12.242
13.227,13.398,48.461,6.75,5.7891,18.867,26.859,11.93
4.5234,11.125,44.891,7.5156,8.0078,20.359,19.844,8.9844
4.1094,8.1953,55.32,8.5547,8.1328,19.305,23.383,12.852
4.5313,10.109,48.531,8.5938,6.5547,17.719,23.109,14.289
5.2031,8.9531,57.516,7.3125,6.1875,21.945,22.508,13.047
5.9219,8.0781,46.453,6.7344,5.5156,21.063,32.922,9.8906
5.8828,9.7188,49.094,8.4063,5.3281,16.414,26.203,13.703
6.4922,9.6328,47.07,7.9141,5.625,18.414,27.922,7.5938
5.1563,11.625,59.125,8.9063,5.9141,16.219,22.57,9.6016
3.7969,6.3438,37.25,6.0391,5.2031,14.625,30.195,8.0703
3.5391,7.2813,53.133,6.5547,6.3125,20.219,25.352,11.68
4.25,9.7031,51.891,7.7969,5.5313,19.961,31.703,9.0078
5.3594,10.602,54,8.7031,4.8906,19.016,33.133,16.594
4.25,8.2578,66.68,7.5234,6.2344,16.906,29.297,11.742
7.125,9.0938,59.961,7.7656,5.5156,16.57,32.094,14.039
3.6719,8.7734,54.281,7.2109,6.4453,17.422,21.82,10.188
14.992,21.227,59.047,14.859,8.7656,8.7969,33.313,42.836
11.961,19.445,63.945,13.656,8.5234,7.4688,21.211,45.813
10.57,20.414,56.672,11.305,7.4219,8.2578,35.555,46.984
13.039,19.203,64.953,10.336,5.4844,4.7578,19.023,42.469
13.336,22.516,68.383,12.406,7.2734,6.8203,25.008,48.273
11.469,20.125,61.383,12.234,6.6641,5.4141,18.578,43.703
10.305,17.492,53.539,9.875,5.8906,5.1016,13.969,39.188
8.4453,15.242,48.156,8,5.3125,4.3281,14.648,32.211
9.1328,14.531,44.227,9.0469,5.2813,4.7891,15.406,31.883
11.383,17.578,53.563,11.469,6.2109,4.7422,17.445,38.094
15.563,21.93,57.93,10.461,5.3672,4.9453,18.398,41.953
11.477,20.453,48.977,9.7109,5.4688,5.0859,20.594,42.594
9.9609,14.844,45.711,9.5625,4.8828,3.6719,11.266,29.555
12.156,21.961,54.82,10.367,6.1016,5.5547,19.039,43.047
12.367,15.313,43.727,8.4063,4.9531,4.5938,13.063,36.648
8.5859,11.703,40.453,7.5703,4.4141,3.625,13.672,33.172
9.8516,18.758,44.289,8.6641,4.3516,3.7031,13.008,32.414
10.922,16.742,44.555,8.3828,4.5,3.7344,14.313,36.594
11.953,23.234,52.352,9.4688,5.2188,4.4297,17.25,34.313
12.977,25.133,62.867,10.453,5.6719,5.1953,21.164,37.188
14.258,25.539,50.563,9.2188,6.7422,6.9141,28.969,39.125
14.93,18.875,46.352,14.32,6.9922,6.5703,25.961,41
16.32,18.891,43.172,16.32,9.2188,5.1953,20.438,39.977
11.031,15.906,44.742,14.813,7.4219,5.7109,14.031,33.406
11.836,15.719,44.266,16.477,8.0938,4.8047,13.93,34.68
18.688,18.578,54.633,18.5,10.086,6.5938,27.984,47.648
22.344,22.07,54.266,19.086,9.7656,7.5156,35.547,39.016
20.109,17.242,58.805,19.75,9.3672,6.3047,23.969,43.563
13.516,16.969,42.445,16.633,7.0391,4.5625,19.109,30.672
8.9375,13.461,31.5,12.656,5.9063,5.625,13.75,22.383
13.961,16.813,44.828,12.047,6.7734,5.7734,29.398,38.891
10.734,15.516,38.453,12.891,6.7891,12.844,17.25,28.359
11.555,14.797,47.82,16.344,7.2813,5.8984,20.797,30.422
9.0156,18.008,44.813,14.547,6.2734,4.8438,20.508,31.625
9.5313,11.828,39.398,12.445,5.8594,4.1563,21.258,29.656
10.688,9.8203,39.938,14.891,6.2734,4.9219,18.297,27.297
9.4609,10.742,45.508,14.5,5.875,4.2813,16.891,28.695
11.547,24.086,33.656,12.477,6.125,4.4922,26.344,29.195
11.805,21.898,44.93,17.313,7.9531,8.1641,33.422,37.992
16.883,15.672,35.523,13.617,5.9844,4.9453,19.539,36.148
18.047,19.109,44.109,18.797,7.8281,5.2813,20.414,34.75
15.227,8.6094,26.203,5.9766,3.6016,3.5625,19.219,25.266
16.664,9.2344,26.914,6.6172,3.5859,3.6484,19.563,26.336
18.43,10.492,19.781,6.7969,2.9375,3.3125,18.93,22.219
7.4531,12.453,21.453,7.4844,4.0234,3.6172,18.914,37.695
8.9844,16.797,25.43,8.7422,3.7578,3.7344,19.453,31.805
6.8438,11.75,20.117,6.2734,3.2656,3.6484,16.68,26.156
12.313,20.875,22.625,10.141,4.6875,4.7891,17.977,27.641
9.9063,17.844,25.961,7.9766,4.5703,3.7656,19.047,27.781
16.07,25.109,19.203,7.3828,5.3125,5.625,22.766,31.305
16.344,22.008,27.672,8.5313,4.7656,4.6484,23.648,31.961
15.938,20.469,34.539,8.7422,5.4141,4.8594,18.508,49.125
14.727,24.094,29.438,7.0703,4.0781,5.3203,25.711,37.883
13.258,23.281,32.414,7.7656,4.1641,4.2422,24,36.688
20.359,24.359,26.984,6.1328,4.3125,4.3594,21.539,31.578
12.578,21.914,34.477,7.0859,4.5234,3.8516,17.344,27.242
9.75,19.078,23.586,8.5625,4.2969,3.9375,18.336,34.891
11.602,26.109,22.641,7.1563,5.4688,5.2109,18.398,36.945
11.164,21.656,30.328,7.7969,4.0859,3.7188,15.82,25.773
11.055,21.25,25.172,6.6484,3.7813,3.6563,18.961,29.234
12.828,25.656,21.25,6.4453,4.5313,5.0156,18.008,30.734
7.1094,10.344,52.398,14.141,13.695,6.4766,25.664,33.055
7.1328,10.734,42.641,14.656,12.258,5.4688,24,31.352
7.4141,11.938,53.445,15.5,12.648,5.1016,20.703,26.875
4.8516,5.3906,29.125,9.5781,12.742,3.9609,14.914,26.086
4.4688,5.2656,41.492,13.094,13.633,5.2344,16.461,22.156
4.0547,4.9766,37.484,13.156,12.445,4.1094,13.469,18.477
4.8906,11.531,35.688,10.875,10.688,4.3828,21.633,30.266
4.125,5.3281,35.094,12.695,10.336,4.5156,18.289,24.648
4.4531,6.5078,36.398,12.016,10.695,3.1094,15.75,19.633
4.8203,7.1484,47.227,11.023,9.7656,4.2656,17.125,30.195
7.0469,7.5391,40.938,14.797,14.859,4.2734,23.492,22.305
4.6953,6.4141,50.383,14.102,16.219,3.8594,10.875,25.219
6.3828,7.0313,34.313,12.703,9.5391,4,16.383,22.023
4.6328,7.5859,35.43,16.094,12.031,4.4688,18.688,25.539
6.3125,9.7031,44.297,13.023,11.734,6.75,28.313,25.32
6.4375,9.3516,44.117,14.828,12.063,8.0859,21.906,33.109
5.25,8.0859,43.867,13,13.109,4.5703,15.281,26.875
5.1953,8.9844,43.484,14.883,12,4.1328,16.742,25.969
4.9688,5.7656,32.797,14.563,13.508,4.8125,15.328,24.18
4.8438,5.7422,36.438,12.305,12.023,4.2344,20.695,29.508
9.4844,17.367,41.82,16.055,9.0313,8.2188,32.32,32.727
9.4766,15.227,32.164,12.742,6.8203,5.8281,23.594,24.102
9.5391,17.344,33.438,14.594,7.875,6.7734,22.664,26
8.4609,16.141,27.484,11.852,7.8203,6.6406,19.852,21.852
5.8281,12.133,26.391,8.5625,5.0313,4.4375,17.172,18.305
6.0625,12.953,26.719,11.352,5.6875,5.2031,24.094,21.133
6.4531,13.086,26.328,9.8203,4.8984,4.5703,18.664,17.25
8.0859,13.039,31.266,12.063,6.5781,5.5234,21.406,21.523
8.0547,13.805,24.586,10.57,6.75,5.4688,21.844,26.813
11.594,15.523,32.43,15.805,8.7188,9.0469,38.125,43.641
6.3594,10.852,25.5,9.9922,5.5859,5.3438,25.734,26.398
6.6563,11.977,19.492,7.9844,4.7813,5.3203,17.523,18.797
6.1641,10.617,24.234,8.5234,3.9844,4.0547,21.805,22.961
7.0781,8.8594,23.195,9.2188,5.6641,5.9219,27.008,27.914
7.0469,11.258,20.555,9.875,5.8203,5.1797,22.203,25.195
6.8203,15.578,31.789,13.43,6.8438,6.2813,20.773,18.328
7.7891,11.773,23.57,12.414,6.5,6.2578,20.508,19.797
6.9375,11.383,19.484,10.242,5.4453,5.0078,22.117,17.453
7.5547,12.375,24.664,13.555,7.8594,5.75,21.164,21.453
5.8359,10.82,17.398,11.039,5.4531,4.1719,15.602,12.445
5.4219,10.938,19.773,11.102,5.4531,5.3516,19.742,15.039
5.5625,9.7891,16.969,10.336,5.1172,5.5625,18.938,15.266
5.9375,8.3281,14.305,11.414,5.7969,3.75,14.539,14.984
13.563,21.891,45.219,22.969,13.711,10.555,31.891,42.25
14.758,19.914,41.008,22.016,13.898,10.188,32.375,43.531
9.2969,15.188,28.063,15.555,7.3438,5.1719,17.984,21.32
7.4922,10.82,21.313,13.867,7.7734,3.6094,15.383,15.508
11.273,12,26.211,13.836,7.3672,4.7422,17.789,18.164
7.0859,10.211,22.875,12.117,5.4922,4.3203,12.242,10.492
6.7031,11.961,28,14.141,5.9219,4.875,12.398,10.977
8.7266,12.711,29.063,16.445,8.2656,5.4531,15.328,16.711
5.9766,13.211,18.656,9.5938,6.4141,6.2891,10.352,9.5938
6.9453,12.43,19.875,10.406,5.5313,4.3125,14.117,17.148
7.6406,12.813,22.602,13.297,8.7578,5.0781,20.68,27.594
5.9766,10.477,20.828,11.219,7.5469,5.6719,12.148,9.6016
7.2813,13.867,28.016,14.531,7.3125,4.9375,17.125,20.93
5.6172,9.6875,19.766,10.977,6.0391,4.3047,11.773,11.391
6.625,9.5703,20.859,15,8.1328,4.8516,14.711,19.438
6.9609,12.484,20.586,12.922,6.6797,3.9844,18.656,21.695
9.0703,12.359,26.586,15.734,7.8125,6.8438,20.508,25.148
7.0469,13.805,26.797,16.422,8.6016,5.9844,24.25,27.086
7.9297,13.391,21.203,14.555,7.3281,6.1484,19.242,25.477
6.125,9.8672,14.57,10.891,6.5391,3.7891,11.453,14.492
6.9922,8.0078,18.219,15.164,6.9375,4.4063,18.055,14.75
6.9219,7.7578,14.203,13.203,11.805,5.4453,20.844,20.492
9.4219,9.5547,16.688,12.305,10.688,6.5,21.555,25.977
6.6484,7.1797,15.227,12.031,8.8672,5.75,16.008,18.766
5.8906,6.5703,12.789,11.539,8.2578,5.1094,16.672,17.25
5.4531,6.6328,15.43,11.609,8.8828,5.1172,16.125,16.141
6.2734,6.2969,14.195,10.203,6.6797,3.7969,15.641,14.43
10.586,10.883,22.375,14.984,8.3281,4.875,19.938,27.633
5.7734,7.5313,24.164,14.961,8.5625,7.1563,24.398,21.477
10.547,10.57,20.656,14.953,10.867,6.3516,21.078,24.523
15.828,11.852,21.648,16.547,9.6172,6.4922,21.523,29.969
9.7734,8.9375,22.602,15.398,8.0703,7.5547,22.313,29.914
8.8359,10.742,24.727,15.148,10.758,8,18.734,23.195
4.9609,7.6406,23.883,13.359,7.8828,6.4844,16.844,14.719
5.0625,7.0859,20.969,13.594,8.6953,5.8359,18.648,19.883
6.6016,7.9219,20.477,13.656,7.5859,6.3828,19.078,20.695
5.0469,6.2734,12.711,10.172,6.1328,4.5234,14.523,17.391
6.375,8.1563,18.703,12.781,8.6016,5.875,25.984,25.484
6.5703,7.7109,20.727,14.578,8.2578,5.0938,18.367,20.117
5.9844,7.5469,20.125,14.5,8.3672,5.1406,16.117,16.734
6.7734,8.2891,24.266,12.508,7.4063,5.2734,17.563,17.922
8.0938,10.117,22.992,15.805,7.8984,5.0234,21.922,23.391
8.5781,10.172,28.906,19.055,9.4297,7.1094,17.555,19.242
8.0781,9.5703,19.109,12.313,8.7188,6.1641,20.313,14.781
9.4766,11.531,23.43,15.195,11.18,8.3203,24.469,23.031
11.031,13.742,28.289,17.898,12.18,10.078,25.508,19.531
9.6328,12.633,25.297,21.68,12.914,11.289,20.156,16.813
7.8984,11.68,26.469,19.383,13.797,9.4063,25.141,23.859
8.0547,12.266,27.195,14.883,8.7891,6.1641,15.359,12.758
7.3125,9,21.625,16.461,10.203,8.3438,19.461,15.883
8.4375,9.5781,22.063,13.32,9.0156,8.1484,19.375,13.727
5.9453,10.43,16.375,14.234,9.1328,7.2891,19.828,17.227
9.75,11.789,25.313,19.172,10.469,7.9063,16.516,17.555
7.8984,11.188,20.32,16.047,8.875,7.4375,17.648,15.266
4.25,6.9844,14.18,10.914,7.3672,5.2109,12.727,11.867
6.2109,9.8594,20.211,10.305,7.4063,5.1875,11.859,9.2109
5.75,7.8516,16.242,12.266,8.6172,5.6719,18.234,15.234
4.8359,8.875,14.508,17.828,8.5,6.5391,16.688,11.813
4.4375,8.9922,17.336,11.688,7.7969,5.2266,14.172,10.93
5.3359,9.2969,16.461,11.148,7.8359,6,15.836,12.688
5.5313,9.5313,18.852,12.789,7.1953,5.5625,15.805,13.07
5.0156,7.3984,14.313,10.898,6.9531,4.6875,13.547,10.625
18.711,27.984,63.656,11.133,5.5781,14.781,46.07,24.758
18.344,32.383,45.813,8.9375,4.7891,16.633,48.125,23.086
16.352,22.891,56.766,6.5938,3.6328,13.133,39.141,20.695
18.281,31.484,71.188,8.7344,5.3281,12.898,43.914,25.977
21.617,41.977,64.039,8.6641,6.4453,18.711,52.68,25.242
19.008,33.523,56.102,7.8203,5.2109,13.641,42.484,24.68
20.141,31.438,64.18,8.6328,4.5,12.602,37.016,26.086
21.023,40.18,54.242,9.2188,5.5703,15.742,50.469,22.352
15.422,32.281,52.766,10.969,6.2031,19.133,42.625,25.438
18.438,41.477,62.813,10.508,5.9766,17.555,36.586,32.125
18.313,42.664,61.359,13.914,6.7344,11.977,48.383,38.242
16.945,37.039,65.688,11.93,5.7813,16.773,42.063,31.055
13.672,29.625,63.5,10.766,5.0938,14.211,43.32,25.516
19.672,37.945,75.313,12.422,5.7266,15,57.945,34.805
20.578,42.25,63.594,10.078,5.8516,12.602,46.172,23.539
18.156,37.617,72.141,9.1563,6.8516,16.719,54.891,33.719
18.859,37.969,74.32,11.273,5.8516,16.383,52.133,33.375
19.836,44.672,89.875,11.07,6.3516,18.313,58.156,38.406
22.641,40.891,70.703,12.875,7.6797,16.25,61.125,38.734
19.656,45.609,81.672,16.422,7.5938,17.891,55.234,35.484
23.156,47.656,75.188,24.164,8.0078,18.016,83.273,40.742
18.172,48.852,70.664,21.063,7.6406,18.578,79.867,36.43
17.961,51.844,79.07,20.43,9.3672,15.953,74.227,36.016
20.648,48.75,78.438,25.75,9.5078,22.5,95.547,45.148
18.906,44.969,73.313,22.75,8.4531,19.531,87.789,38.516
15.117,36.719,86.273,25.313,7.6172,14.906,68.086,36.625
16.57,38.266,83.961,18.516,8.6797,14.32,78.43,41.469
15.766,31.758,71.305,18.109,6.3281,14.188,74.375,34.492
14.609,27,72.492,19.789,7.0938,13.016,72.875,43.234
18.461,46.883,83.648,28.758,7.625,13.625,88.07,40.18
18.07,53.828,93.914,27.227,7.6406,13.633,81.617,38.5
21.164,39.5,85.633,23.438,8.125,13.836,93.484,36.445
15.977,35.609,92.133,23.086,9.2813,13.867,84.344,42.695
14.922,31.914,71.664,24.336,7.8438,9.6484,68.75,35.164
14.438,31.594,84.367,20.422,7.9844,19.391,82.328,34.992
18.859,26.922,70.805,17.672,9.0391,12.156,70.102,34
16.219,27.172,82.766,20.164,7.0313,12.406,85.633,37.898
16.898,43.586,78.758,22.078,8.0234,11.109,73.922,39.438
18.102,32.555,74.195,20.289,7.3516,10.828,78.758,35.211
17.086,28.328,98.219,24.141,9.1328,14.984,87.445,50.781
27.969,35.641,38.969,7.1563,7.75,54.422,49.969,29.906
26.898,43.367,45.445,7.1172,9.1953,64.273,64.148,33.547
32.875,38.617,48.82,10.094,8.8906,65.477,67.172,31.32
30.953,35.852,52.547,8.5859,11.148,73.258,59.125,33.016
37.234,37.273,53.164,9.3672,10.633,63.773,72.211,35.844
44.969,54.438,58.93,10.977,8.5156,65.094,64.211,19.305
37.125,55.539,62.797,12.195,9.7734,70.063,65.539,26.234
25.813,40.391,55.227,10.047,9.7031,54.609,62.875,28.805
25.719,41.875,59.508,11.289,11.617,66.406,62.961,25.859
29.047,49.219,46.742,9.9922,8.9219,56.148,53.492,23.359
26.102,39.523,49.859,9.6094,8.3359,55.719,47.594,25.203
31.617,49.156,57.984,8.7891,10.578,80.648,72.773,26.664
29.617,52.555,62.109,9.3516,11.016,73.125,81.289,32.109
43.836,41.047,49.273,8.8516,9.2656,59.852,68.391,34.141
32.609,48.898,62.109,10.469,13.75,76.258,76.453,31.266
34.969,50.297,56.773,8.9766,10.078,59.336,69.57,26.977
33.586,56.164,52.531,8.2109,8.9375,59.273,68.258,35.203
31.82,45.578,48,11.672,9.2578,66.891,67.508,20.734
30.977,42.258,43.328,7.9766,9.9922,65.664,67.961,31.609
25.422,44.609,51.195,8.2422,12.047,64.008,69.109,28.75
28.422,26.617,61.031,16.93,7.2891,25.617,79.5,25.656
23.664,34.18,62.016,17.023,6.6875,28.055,78.844,26.633
21.156,30.281,51.305,16.602,7.3203,21.891,63.563,28.18
13.156,34.977,60.531,21.617,8.0469,31,82.883,28.891
20.016,32.18,47.359,26.844,7.3594,26.352,85.117,31.883
14.219,25.133,58.789,18.078,6.8516,19.328,67.469,23.32
18.328,31.008,64.992,23.773,6,23.477,94.414,26.992
12.516,33.555,57.883,18.234,8.0391,18.227,71.406,26.133
21.008,32.961,53.266,21.602,7.0469,30.766,79.336,31.805
16.625,31.898,58.656,33.281,8.6563,43.688,86.672,32.758
23.969,32.07,66.766,26.016,8.4609,24.898,90,31.234
13.227,25.234,50.047,24.719,7.7734,19.109,78.664,35.414
13.586,28.93,70.164,24.102,8.1641,20.883,79.266,27.875
14.742,17.5,62.133,22.406,8.8906,19.547,85.367,29.414
10.281,21.695,64.43,28.125,8.1328,19.016,70.422,33.672
15.273,23.352,66.586,15.375,6.5703,23.547,88.422,34.156
18.633,23.539,63.813,24.008,7.8984,24.781,82.305,33.391
14.859,28.18,57.5,23.781,6.8203,22.102,86.594,30.57
11.898,24.336,58.422,20.727,6.5859,24.188,75.148,26.25
18.617,25.727,73.688,23.969,7.6328,22.125,83.453,30.102
