0.185,0.14938,0.11484,0.088281,0.06625,0.063854,0.035729,0.042708
0.21229,0.15917,0.1326,0.09375,0.073698,0.065417,0.037083,0.047083
0.15276,0.13792,0.14682,0.090677,0.083698,0.078229,0.042083,0.043854
0.17089,0.089844,0.12026,0.10083,0.065885,0.061562,0.040625,0.044792
0.10375,0.090677,0.1175,0.08474,0.070781,0.064583,0.036615,0.039219
0.11177,0.11599,0.16406,0.11776,0.081927,0.06849,0.040469,0.038542
0.14281,0.088385,0.16365,0.091927,0.067812,0.055104,0.034792,0.042344
0.16406,0.12281,0.14818,0.10526,0.078646,0.065625,0.036042,0.047344
0.15052,0.12792,0.16896,0.10234,0.07026,0.071563,0.0375,0.037135
0.18516,0.1525,0.15297,0.097604,0.071615,0.067083,0.035781,0.040729
0.16328,0.14693,0.13563,0.1099,0.066823,0.057865,0.042708,0.045469
0.19786,0.15292,0.16385,0.10995,0.067135,0.060729,0.03849,0.046042
0.18292,0.14057,0.17521,0.13198,0.064792,0.062917,0.037969,0.045156
0.2438,0.1799,0.17427,0.11391,0.072969,0.065833,0.03776,0.051771
0.20599,0.18495,0.19979,0.10818,0.079844,0.069323,0.038333,0.04401
0.17219,0.12271,0.1762,0.095052,0.069323,0.056823,0.037344,0.046458
0.13781,0.15109,0.22187,0.11427,0.060573,0.061875,0.037344,0.040104
0.12474,0.13521,0.15615,0.10563,0.082396,0.07625,0.039583,0.040573
0.098958,0.089219,0.20484,0.084687,0.079687,0.0775,0.035521,0.033958
0.13807,0.14833,0.16187,0.11693,0.084687,0.07125,0.030833,0.034583
0.1201,0.12922,0.16115,0.12099,0.083021,0.077865,0.041042,0.037656
0.16547,0.14661,0.1651,0.11396,0.073542,0.06875,0.036198,0.039323
0.12354,0.12479,0.17078,0.11781,0.072396,0.06776,0.039948,0.036927
0.13958,0.13375,0.21802,0.12781,0.068542,0.059375,0.036979,0.037083
0.15974,0.12635,0.18224,0.12651,0.061979,0.062344,0.036615,0.042813
0.16078,0.12094,0.18286,0.10849,0.07526,0.066927,0.039219,0.037396
0.1524,0.13656,0.18552,0.096771,0.074896,0.063542,0.039167,0.038958
0.1537,0.11531,0.18547,0.10396,0.074323,0.06901,0.040781,0.041042
0.16552,0.12484,0.1987,0.11688,0.075938,0.068437,0.038958,0.03875
0.1951,0.15687,0.15021,0.11094,0.089531,0.079479,0.040208,0.043437
0.15911,0.15479,0.18307,0.12245,0.090677,0.086615,0.043698,0.042083
0.16365,0.11026,0.15146,0.11823,0.070313,0.060156,0.036667,0.035677
0.23094,0.20063,0.17182,0.11927,0.096198,0.079896,0.040313,0.040625
0.13781,0.15042,0.28177,0.12484,0.093281,0.080781,0.041042,0.038594
0.19417,0.17328,0.21786,0.10703,0.086354,0.074271,0.036667,0.037865
0.17911,0.14578,0.26141,0.11984,0.080469,0.069375,0.042031,0.04651
0.18469,0.19719,0.22365,0.095104,0.076771,0.076042,0.039323,0.043281
0.23521,0.17438,0.25151,0.13786,0.098073,0.082292,0.036354,0.047344
0.20328,0.14667,0.23469,0.13078,0.097135,0.08276,0.041198,0.050573
0.23823,0.20109,0.19125,0.12615,0.080833,0.06349,0.03776,0.044479
0.20188,0.17557,0.17828,0.12859,0.099844,0.097083,0.043281,0.048229
0.17813,0.19938,0.22,0.11964,0.088646,0.079479,0.044844,0.047083
0.20318,0.1862,0.22594,0.15255,0.084531,0.075833,0.040365,0.052083
0.12099,0.14302,0.17688,0.12479,0.081198,0.07276,0.035625,0.038646
0.10724,0.14969,0.19234,0.11271,0.092656,0.084062,0.039375,0.036354
0.18089,0.22349,0.1999,0.13635,0.10328,0.089583,0.043333,0.042917
0.16156,0.14682,0.21526,0.14839,0.093594,0.082552,0.039063,0.043229
0.12844,0.14104,0.21776,0.12786,0.082812,0.067135,0.036042,0.033906
0.15969,0.16505,0.225,0.12927,0.10286,0.08625,0.041354,0.042344
0.2038,0.17583,0.17302,0.16891,0.10141,0.099115,0.04276,0.043802
0.12901,0.16427,0.19568,0.1525,0.093021,0.086302,0.03875,0.036927
0.15839,0.16396,0.18812,0.16083,0.092865,0.093333,0.040313,0.04875
0.1726,0.17198,0.21156,0.14807,0.088854,0.084531,0.037656,0.04125
0.061562,0.062656,0.22224,0.14333,0.081042,0.078281,0.036979,0.033281
0.057448,0.070521,0.2699,0.12568,0.12786,0.11583,0.043021,0.030729
0.078698,0.10333,0.33151,0.13359,0.13401,0.11646,0.048021,0.041771
0.089479,0.10615,0.20677,0.12578,0.08599,0.083229,0.04276,0.038229
0.0925,0.089583,0.16016,0.10516,0.091094,0.086823,0.036458,0.025469
0.096146,0.10667,0.25266,0.11328,0.11672,0.10932,0.044635,0.036875
0.094427,0.090104,0.17172,0.11026,0.10333,0.093906,0.041042,0.03849
0.083542,0.099375,0.16807,0.099844,0.11141,0.1088,0.042292,0.038802
0.086302,0.097187,0.18141,0.10745,0.10198,0.10099,0.039427,0.0325
0.093281,0.08901,0.18594,0.1074,0.094062,0.08974,0.0425,0.03651
0.088906,0.096198,0.16604,0.11104,0.11391,0.11427,0.045521,0.039479
0.087396,0.0875,0.19099,0.12094,0.10802,0.099167,0.04224,0.036354
0.098281,0.08724,0.20016,0.10542,0.11172,0.10016,0.0425,0.035521
0.094687,0.10146,0.22036,0.11792,0.11802,0.11234,0.04026,0.035417
0.094896,0.087656,0.21208,0.12,0.12865,0.12568,0.049531,0.036302
0.08349,0.075313,0.27219,0.11214,0.10557,0.098594,0.039635,0.032031
0.081042,0.10229,0.20255,0.12625,0.1101,0.10901,0.044062,0.034635
0.071042,0.076563,0.21854,0.095104,0.086354,0.09625,0.039271,0.032865
0.05875,0.055104,0.17552,0.084219,0.077813,0.07599,0.03474,0.028646
0.076771,0.067292,0.21266,0.10286,0.086094,0.086667,0.037344,0.030573
0.091927,0.093802,0.2176,0.13036,0.12031,0.10901,0.039844,0.038542
0.2449,0.21922,0.25719,0.15458,0.079896,0.069115,0.045156,0.057969
0.22687,0.23302,0.21656,0.17375,0.087448,0.073281,0.037135,0.045052
0.25583,0.22865,0.20099,0.16771,0.091667,0.092188,0.044167,0.057188
0.16396,0.16401,0.25547,0.13552,0.088646,0.0725,0.034167,0.036979
0.18042,0.19,0.19062,0.13458,0.085156,0.089167,0.04026,0.043333
0.22359,0.22786,0.24354,0.13161,0.093073,0.083073,0.041406,0.049323
0.19089,0.17901,0.22698,0.16802,0.094896,0.075885,0.04,0.04026
0.17891,0.18937,0.18365,0.15344,0.09224,0.083906,0.041875,0.039688
0.16667,0.1549,0.20234,0.12281,0.077604,0.068437,0.033438,0.04276
0.20099,0.14781,0.21172,0.16198,0.10068,0.098594,0.040365,0.05
0.22484,0.17729,0.23193,0.15109,0.090052,0.068177,0.041771,0.058333
0.18724,0.17917,0.1637,0.135,0.082552,0.06849,0.041406,0.04224
0.17302,0.15729,0.16792,0.11203,0.079583,0.079115,0.039219,0.036667
0.23083,0.18214,0.17688,0.12354,0.08625,0.073281,0.037656,0.045677
0.18953,0.17682,0.1901,0.14245,0.072396,0.058333,0.037031,0.039479
0.08375,0.087552,0.24005,0.097448,0.07526,0.064323,0.036823,0.033177
0.14411,0.1524,0.22167,0.11531,0.07026,0.074375,0.039948,0.038125
0.092292,0.11896,0.21406,0.11016,0.071146,0.078125,0.0425,0.036719
0.091667,0.092396,0.24469,0.094896,0.091302,0.090469,0.04224,0.035573
0.087552,0.10146,0.21771,0.11401,0.091406,0.091719,0.039583,0.034167
0.10464,0.10969,0.23943,0.098125,0.086719,0.071563,0.035833,0.031927
0.12964,0.1375,0.18036,0.11776,0.079687,0.079479,0.043177,0.0375
0.083281,0.10505,0.25047,0.12547,0.086094,0.074948,0.044896,0.035469
0.089792,0.12443,0.18682,0.11698,0.08401,0.078177,0.035573,0.031719
0.13385,0.15177,0.17214,0.11438,0.09125,0.08125,0.042135,0.042656
0.0675,0.097604,0.10792,0.055052,0.079896,0.079427,0.040469,0.03099
0.065833,0.076615,0.092552,0.055833,0.075365,0.069635,0.034375,0.03375
0.054792,0.059896,0.095312,0.057188,0.08224,0.082656,0.039635,0.031719
0.077031,0.078021,0.080729,0.054062,0.080677,0.073438,0.040677,0.035469
0.074323,0.087396,0.11073,0.059687,0.0775,0.07375,0.036354,0.031719
0.073542,0.074323,0.089844,0.06125,0.069115,0.064323,0.038021,0.03125
0.062969,0.10146,0.10286,0.065625,0.08776,0.083229,0.037917,0.031042
0.074271,0.079062,0.08849,0.063698,0.088646,0.08776,0.040469,0.033281
0.073438,0.069115,0.13698,0.075417,0.07849,0.083333,0.039115,0.032552
0.062708,0.074323,0.13411,0.059427,0.083229,0.078958,0.03651,0.029115
0.062135,0.055729,0.090052,0.05401,0.074688,0.072083,0.033542,0.031198
0.059635,0.071198,0.074323,0.055,0.090104,0.082187,0.044896,0.030312
0.055156,0.079375,0.091302,0.069635,0.1013,0.091927,0.039219,0.028438
0.061979,0.070417,0.10781,0.056094,0.08349,0.08125,0.037292,0.03
0.067396,0.083802,0.14979,0.05724,0.077396,0.078906,0.040677,0.032552
0.064427,0.088802,0.12328,0.062292,0.086042,0.081198,0.0325,0.033698
0.056146,0.060677,0.10536,0.058073,0.080521,0.077604,0.036458,0.029948
0.059948,0.073854,0.081979,0.04651,0.077031,0.077865,0.036719,0.032917
0.051927,0.07526,0.098333,0.054844,0.069687,0.065521,0.038646,0.028854
0.062812,0.074063,0.10318,0.058698,0.077708,0.076198,0.038333,0.029219
0.056094,0.07151,0.10615,0.061302,0.07099,0.073646,0.036198,0.029583
0.051927,0.065052,0.079427,0.048021,0.07849,0.0825,0.040729,0.030052
0.049896,0.054115,0.052031,0.056198,0.10281,0.095104,0.043229,0.033906
0.05151,0.063437,0.098333,0.060052,0.095781,0.086667,0.04026,0.031875
0.043125,0.064219,0.093594,0.056667,0.087448,0.084219,0.042292,0.029427
0.053177,0.069427,0.10823,0.070938,0.079948,0.073802,0.034479,0.027865
0.07474,0.092813,0.14969,0.084531,0.10839,0.10583,0.042552,0.040156
0.058333,0.091823,0.12396,0.063854,0.091823,0.095104,0.031563,0.030104
0.059479,0.06401,0.09099,0.05,0.075469,0.074219,0.036562,0.031823
0.060625,0.097604,0.12302,0.060104,0.069687,0.07224,0.035469,0.030052
0.058906,0.082448,0.11896,0.06401,0.070677,0.068958,0.036302,0.03125
0.05901,0.083281,0.10953,0.056771,0.071667,0.071615,0.032083,0.030833
0.059167,0.075885,0.12307,0.071042,0.086458,0.081927,0.037187,0.032813
0.049479,0.06651,0.11271,0.0625,0.078958,0.084687,0.041094,0.025625
0.048646,0.069792,0.11031,0.069583,0.088698,0.08625,0.036562,0.030885
0.057656,0.081979,0.11542,0.066302,0.069219,0.076719,0.038542,0.029896
0.056615,0.077865,0.1263,0.059479,0.082448,0.083021,0.040365,0.031354
0.059115,0.080208,0.11172,0.063073,0.082344,0.0775,0.036406,0.028854
0.052812,0.056406,0.10651,0.060104,0.083281,0.0775,0.032344,0.033281
0.049948,0.074635,0.13125,0.069323,0.081094,0.074792,0.034583,0.03026
0.059635,0.081667,0.12937,0.064115,0.092917,0.090052,0.035312,0.027969
0.041458,0.065677,0.16042,0.059219,0.074167,0.076146,0.038073,0.02776
0.04625,0.065365,0.17151,0.062552,0.071146,0.068646,0.035625,0.031146
0.050937,0.074844,0.11505,0.062188,0.083125,0.085469,0.034688,0.029063
0.04224,0.069271,0.089479,0.054792,0.088698,0.087604,0.034271,0.029375
0.04974,0.079219,0.10214,0.05651,0.078802,0.078854,0.037448,0.032135
0.050677,0.066458,0.10714,0.05599,0.072656,0.08651,0.037083,0.029167
0.045104,0.0625,0.11708,0.063177,0.088958,0.080573,0.03849,0.024115
0.044219,0.057656,0.097812,0.05276,0.073333,0.077135,0.036094,0.029271
0.052396,0.067344,0.10193,0.067187,0.091979,0.088594,0.042344,0.034479
0.04375,0.065156,0.11484,0.05724,0.071823,0.067448,0.033438,0.030625
0.050313,0.067969,0.12344,0.067135,0.077656,0.075677,0.032708,0.028958
0.054531,0.064792,0.12104,0.076927,0.08375,0.087865,0.036823,0.03026
0.069948,0.08276,0.11964,0.075156,0.097604,0.094167,0.038906,0.030781
0.05526,0.084792,0.12094,0.071771,0.090469,0.088125,0.039479,0.032552
0.051094,0.061042,0.12547,0.066094,0.074948,0.076563,0.033698,0.029583
0.049063,0.076823,0.13724,0.075938,0.10443,0.097344,0.04,0.033333
0.046823,0.073125,0.1526,0.06599,0.073854,0.072083,0.032865,0.025208
0.052083,0.070625,0.14974,0.069115,0.088906,0.084062,0.03651,0.03026
0.047969,0.065677,0.13031,0.05375,0.068437,0.069427,0.034688,0.030677
0.043073,0.064427,0.091719,0.056979,0.075677,0.0725,0.040313,0.04224
0.038854,0.056458,0.11958,0.061719,0.07026,0.06151,0.034063,0.023854
0.040208,0.049688,0.12349,0.058281,0.063802,0.063073,0.034375,0.026823
0.049635,0.073229,0.14198,0.065781,0.076719,0.078906,0.031927,0.028698
0.054323,0.078073,0.13677,0.070469,0.085417,0.075417,0.036198,0.031563
0.04625,0.074844,0.14365,0.05849,0.062812,0.064792,0.02974,0.02849
0.050365,0.06974,0.15745,0.06526,0.081458,0.084167,0.03724,0.028542
0.038073,0.066719,0.13167,0.069844,0.06099,0.06026,0.025833,0.025573
0.044479,0.063229,0.11073,0.061354,0.08599,0.07875,0.038073,0.030208
0.043802,0.061979,0.15229,0.068125,0.088438,0.080937,0.03599,0.028698
0.052083,0.07,0.1401,0.072865,0.070156,0.066771,0.029271,0.029427
0.050885,0.070625,0.1387,0.068385,0.069167,0.070885,0.035625,0.02875
0.05224,0.082812,0.16292,0.070417,0.078594,0.083281,0.034271,0.031875
0.049688,0.080365,0.17484,0.064635,0.073333,0.07,0.035208,0.028594
0.043125,0.064062,0.14802,0.072865,0.069479,0.06401,0.033281,0.027656
0.0475,0.062292,0.16583,0.07901,0.084427,0.088281,0.038177,0.027396
0.045885,0.069635,0.14745,0.074479,0.072604,0.077604,0.03349,0.028229
0.037865,0.070833,0.1601,0.06,0.055,0.056198,0.028906,0.022917
0.040104,0.073333,0.17854,0.070521,0.068021,0.069115,0.032552,0.027969
0.043021,0.065625,0.15469,0.076927,0.075313,0.074375,0.033333,0.026406
0.040208,0.066406,0.1763,0.065312,0.071354,0.061198,0.029792,0.025469
0.041719,0.05599,0.1874,0.077604,0.065677,0.066719,0.028542,0.025104
0.040885,0.062135,0.16083,0.075313,0.07276,0.072031,0.032969,0.025833
0.045521,0.059375,0.14823,0.071979,0.083333,0.073906,0.037031,0.0275
0.032083,0.05401,0.12026,0.063281,0.059323,0.060625,0.029635,0.022708
0.034531,0.052135,0.1174,0.05276,0.048958,0.042188,0.026458,0.023333
0.038594,0.064167,0.15828,0.060312,0.040677,0.0425,0.024531,0.022917
0.039271,0.051354,0.14906,0.072188,0.069531,0.071406,0.034271,0.027344
0.05,0.075156,0.14453,0.075521,0.076719,0.088542,0.03224,0.026823
0.054167,0.068698,0.22266,0.096927,0.081562,0.081719,0.032865,0.025677
0.046406,0.067708,0.21505,0.083542,0.07,0.069323,0.035833,0.024896
0.058385,0.10057,0.17901,0.078594,0.082656,0.077604,0.032813,0.032031
0.05401,0.07651,0.16094,0.095156,0.081615,0.073542,0.035573,0.032448
0.058542,0.087917,0.21609,0.10156,0.080833,0.085885,0.035052,0.03026
0.060208,0.08026,0.15286,0.087917,0.086927,0.079687,0.033281,0.03026
0.044271,0.063125,0.14974,0.075417,0.085573,0.085,0.036719,0.026146
0.046042,0.064844,0.13,0.065156,0.063958,0.065417,0.028906,0.026823
0.044167,0.069948,0.17573,0.066406,0.077188,0.074115,0.036875,0.029167
0.034792,0.057917,0.15255,0.065625,0.067031,0.074792,0.031979,0.025885
0.040781,0.069427,0.1613,0.085052,0.0825,0.083073,0.035052,0.031198
0.05349,0.090417,0.20833,0.097656,0.088594,0.085625,0.033125,0.03
0.04151,0.067552,0.16911,0.069844,0.075365,0.073906,0.034635,0.028385
0.044167,0.061354,0.15656,0.073906,0.074271,0.06724,0.030573,0.029167
0.046198,0.0675,0.17656,0.070521,0.092448,0.10245,0.037656,0.029219
0.05151,0.070104,0.20859,0.10625,0.10813,0.091458,0.035677,0.029896
0.047552,0.075313,0.19609,0.10052,0.082604,0.076042,0.036042,0.033594
0.046406,0.090938,0.18698,0.090469,0.072552,0.070885,0.035312,0.029635
0.049896,0.073281,0.2025,0.081146,0.080417,0.080833,0.030417,0.025729
0.042135,0.079583,0.23036,0.074635,0.072604,0.070885,0.030833,0.0275
0.051979,0.082865,0.21552,0.097969,0.1026,0.098958,0.037917,0.029115
0.046094,0.080885,0.18438,0.091771,0.077604,0.081042,0.031771,0.028646
0.053594,0.11177,0.21953,0.079948,0.08276,0.080156,0.036615,0.029479
0.041146,0.11901,0.14099,0.07651,0.044427,0.028802,0.024323,0.030469
0.045781,0.10146,0.11786,0.06,0.036094,0.025573,0.027448,0.028646
0.036042,0.081771,0.068854,0.04099,0.050365,0.028802,0.025469,0.026823
0.034531,0.079167,0.035052,0.029167,0.03526,0.02849,0.022708,0.027031
0.044427,0.15016,0.076406,0.044583,0.038854,0.030208,0.024063,0.027552
0.036823,0.054688,0.06974,0.038333,0.043594,0.032292,0.022031,0.02901
0.040938,0.072969,0.12177,0.054062,0.039375,0.029479,0.022604,0.024896
0.041198,0.0525,0.10573,0.065208,0.054323,0.03224,0.025521,0.028073
0.03375,0.060625,0.08099,0.040156,0.049948,0.031146,0.023125,0.025833
0.036406,0.056823,0.065781,0.047656,0.042448,0.027604,0.024844,0.024479
0.034896,0.084531,0.049375,0.038698,0.037448,0.029635,0.023698,0.024427
0.033906,0.052865,0.072083,0.038906,0.038021,0.0275,0.023281,0.025313
0.034583,0.060469,0.067812,0.036146,0.037969,0.028698,0.023958,0.022344
0.032396,0.11615,0.033438,0.034583,0.036771,0.031719,0.026667,0.02651
0.035312,0.08125,0.035417,0.032865,0.037812,0.031458,0.022865,0.028958
0.031719,0.059479,0.038125,0.03125,0.038385,0.030469,0.026458,0.026094
0.03474,0.074688,0.0375,0.039688,0.043646,0.029583,0.021615,0.026823
0.033333,0.050469,0.06224,0.048177,0.036719,0.026562,0.022448,0.025104
0.033802,0.15943,0.097135,0.047917,0.037135,0.032188,0.025521,0.026302
0.035521,0.077396,0.069167,0.043021,0.045208,0.028385,0.022656,0.02776
0.027396,0.043698,0.048385,0.038646,0.04,0.02724,0.023385,0.025885
0.030781,0.050885,0.042604,0.038854,0.045104,0.03099,0.022812,0.027396
0.036771,0.062083,0.059687,0.041771,0.042396,0.0275,0.022031,0.026615
0.038698,0.063906,0.051458,0.041771,0.032344,0.030208,0.020469,0.025781
0.036302,0.040833,0.081927,0.0425,0.043125,0.028177,0.022083,0.027448
0.032083,0.028906,0.052708,0.056198,0.04349,0.025104,0.025677,0.027344
0.034375,0.05526,0.056302,0.040625,0.040625,0.028906,0.019583,0.028646
0.035469,0.035104,0.037917,0.03526,0.044323,0.034115,0.023906,0.028594
0.029687,0.02875,0.087344,0.046927,0.041458,0.028177,0.023385,0.023438
0.069896,0.038385,0.046042,0.039896,0.040104,0.031094,0.024844,0.025573
0.029792,0.031354,0.068646,0.042135,0.039271,0.025885,0.02974,0.027083
0.039896,0.07901,0.035417,0.028073,0.039792,0.028177,0.02526,0.024896
0.034115,0.049375,0.04526,0.039479,0.046979,0.029948,0.026562,0.026458
0.037604,0.046979,0.064271,0.037865,0.048385,0.030833,0.026615,0.023021
0.042552,0.049896,0.040729,0.040469,0.063125,0.049323,0.025937,0.030156
0.034271,0.06,0.039688,0.036875,0.053281,0.032135,0.026979,0.024271
0.037917,0.033802,0.036042,0.040313,0.052656,0.033073,0.026615,0.029115
0.031354,0.075,0.032552,0.032448,0.043594,0.032708,0.028281,0.028073
0.039479,0.061823,0.040208,0.046406,0.04599,0.030625,0.023542,0.028698
0.044687,0.030104,0.035937,0.035937,0.043802,0.03099,0.022812,0.026302
0.036667,0.029063,0.031667,0.03526,0.059896,0.034375,0.022604,0.025937
0.036875,0.042969,0.036354,0.042656,0.051198,0.033281,0.029063,0.031563
0.029948,0.036875,0.032448,0.041458,0.058802,0.032344,0.026146,0.028229
0.039271,0.052865,0.038802,0.041823,0.054583,0.03474,0.024427,0.029323
0.038646,0.041354,0.045104,0.043125,0.06724,0.038854,0.025156,0.030312
0.035833,0.03651,0.035312,0.041615,0.054583,0.033594,0.021823,0.029635
0.038646,0.040469,0.045052,0.045625,0.050313,0.02849,0.027083,0.029427
0.036146,0.041302,0.036615,0.039427,0.04224,0.027813,0.025313,0.028125
0.044635,0.045052,0.039323,0.036927,0.05276,0.030365,0.024219,0.026406
0.041094,0.051719,0.039896,0.045885,0.059323,0.031823,0.026354,0.025208
0.045677,0.044219,0.048073,0.05224,0.065208,0.036146,0.02599,0.032135
0.049688,0.038021,0.075677,0.048177,0.055,0.032135,0.02974,0.029583
0.039844,0.040365,0.038854,0.047396,0.055052,0.032552,0.021823,0.027865
0.04651,0.036562,0.039219,0.041302,0.064844,0.03,0.025573,0.031042
0.044427,0.041719,0.036146,0.034635,0.062812,0.03375,0.022865,0.032031
0.038594,0.041979,0.044167,0.041354,0.06974,0.035365,0.029427,0.030417
0.038385,0.03375,0.033177,0.041094,0.049479,0.032969,0.021979,0.023698
0.039323,0.036615,0.034167,0.035052,0.045208,0.025,0.023073,0.026875
0.033281,0.03375,0.052031,0.041615,0.05625,0.032292,0.027969,0.026927
0.051406,0.036406,0.051823,0.036719,0.059271,0.033021,0.024792,0.02651
0.045052,0.046302,0.038177,0.038646,0.068229,0.036979,0.027604,0.030938
0.061198,0.070573,0.037865,0.0375,0.046042,0.029115,0.022396,0.027344
0.040104,0.036771,0.036198,0.041771,0.058177,0.03401,0.026042,0.028177
0.045156,0.045,0.038854,0.039531,0.052448,0.03224,0.028125,0.029375
0.045208,0.085052,0.04,0.040729,0.049688,0.028802,0.023125,0.028073
0.032969,0.047135,0.036979,0.039896,0.074323,0.037865,0.026562,0.031823
0.02901,0.05099,0.036198,0.034375,0.05474,0.033802,0.025052,0.0275
0.04599,0.075417,0.045885,0.049219,0.06849,0.036302,0.025417,0.038281
0.041667,0.045937,0.038229,0.03599,0.064583,0.035833,0.025833,0.031719
0.040208,0.053385,0.041146,0.03849,0.064896,0.03474,0.026458,0.03099
0.03526,0.11,0.041615,0.04026,0.049896,0.032865,0.023906,0.031146
0.033333,0.063437,0.036562,0.03375,0.054375,0.031302,0.030104,0.027188
0.04724,0.048021,0.035312,0.043646,0.058542,0.03099,0.024219,0.031719
0.043385,0.040573,0.037917,0.04,0.059427,0.03401,0.025677,0.031979
0.038802,0.036458,0.039531,0.041458,0.049167,0.03349,0.028698,0.030938
0.053542,0.077917,0.037708,0.036719,0.046354,0.03125,0.023594,0.024844
0.032604,0.075521,0.031875,0.032656,0.044271,0.030208,0.022396,0.024323
0.041875,0.076771,0.03474,0.036406,0.039583,0.030052,0.021562,0.027708
0.031042,0.042969,0.1851,0.081094,0.030208,0.026615,0.026302,0.024635
0.26177,0.4437,0.37833,0.10474,0.069635,0.1,0.12094,0.11734
0.16255,0.18276,0.30849,0.10484,0.067656,0.066094,0.039792,0.043958
0.049115,0.20865,0.22286,0.078854,0.065312,0.068906,0.04276,0.033698
0.070938,0.16125,0.23016,0.089948,0.069323,0.067552,0.037656,0.034323
0.072917,0.21932,0.31719,0.088698,0.068333,0.063646,0.04026,0.035312
0.067708,0.13443,0.27089,0.091563,0.05974,0.053646,0.031198,0.03125
0.17792,0.21937,0.12167,0.085729,0.061927,0.061771,0.042031,0.047344
0.069219,0.19036,0.29219,0.083854,0.073802,0.073906,0.03849,0.034271
0.068437,0.1499,0.23193,0.089375,0.07401,0.067031,0.036458,0.036042
0.092813,0.13312,0.21563,0.098073,0.066927,0.056771,0.035521,0.0325
0.064687,0.13974,0.31667,0.0775,0.051927,0.056979,0.033333,0.028229
0.053958,0.10312,0.20036,0.0825,0.062135,0.062865,0.034792,0.033385
0.074375,0.10411,0.14672,0.079792,0.082396,0.072031,0.036354,0.036979
0.060052,0.13333,0.22656,0.071042,0.064635,0.066042,0.036823,0.032031
0.064375,0.13516,0.13625,0.068854,0.071875,0.06849,0.037083,0.035833
0.084323,0.19021,0.19323,0.080781,0.053177,0.055625,0.031563,0.031563
0.15068,0.18812,0.11109,0.086875,0.06526,0.065625,0.036875,0.043542
0.13875,0.14984,0.13969,0.073802,0.078542,0.07849,0.039688,0.039115
0.097187,0.17432,0.135,0.075938,0.082396,0.080937,0.040208,0.037396
0.081979,0.1824,0.15995,0.079792,0.090052,0.098698,0.047708,0.03776
0.05974,0.15401,0.18521,0.073854,0.07724,0.076927,0.036927,0.031458
0.058906,0.1113,0.18552,0.087344,0.071458,0.074167,0.040052,0.031719
0.052448,0.12641,0.17714,0.066875,0.071563,0.074323,0.039375,0.036719
0.038802,0.071354,0.15453,0.074323,0.058333,0.046042,0.030677,0.029115
0.039271,0.059427,0.16214,0.071042,0.054479,0.058802,0.030833,0.028594
0.044323,0.066562,0.15651,0.078177,0.075938,0.07901,0.03776,0.033958
0.040208,0.083802,0.14349,0.085521,0.079375,0.078854,0.039531,0.028177
0.04875,0.11656,0.12875,0.07125,0.068073,0.069323,0.032604,0.032917
0.050521,0.11323,0.16062,0.071354,0.072448,0.070417,0.037448,0.032813
0.044115,0.11844,0.13979,0.079427,0.072188,0.067812,0.042292,0.028594
0.052344,0.095469,0.14536,0.079948,0.066771,0.069896,0.033542,0.032969
0.054583,0.11266,0.12937,0.072396,0.067396,0.063594,0.036667,0.033802
0.04599,0.11453,0.15786,0.083802,0.059479,0.056927,0.031615,0.032813
0.061406,0.12531,0.185,0.083281,0.072865,0.06651,0.038021,0.035365
0.052708,0.094531,0.17177,0.10125,0.08151,0.078385,0.037135,0.034896
0.061667,0.13354,0.20193,0.11182,0.095781,0.096562,0.044844,0.03776
0.05474,0.11589,0.22422,0.1074,0.074531,0.076563,0.038333,0.035521
0.047865,0.070885,0.16615,0.088542,0.081406,0.077604,0.039427,0.034948
0.046354,0.07401,0.17641,0.073438,0.059948,0.053906,0.029375,0.030885
0.046719,0.094167,0.18604,0.091979,0.062917,0.060208,0.032656,0.031979
0.054635,0.099219,0.16568,0.092969,0.060625,0.068906,0.039219,0.035937
0.051458,0.11193,0.18188,0.085312,0.065521,0.066667,0.038698,0.032969
0.06125,0.083281,0.17271,0.091823,0.08099,0.085469,0.04276,0.037812
0.049115,0.096771,0.22094,0.089375,0.079271,0.078698,0.053802,0.051146
0.046875,0.12828,0.19656,0.078125,0.069844,0.069375,0.035312,0.030833
0.052604,0.1313,0.15417,0.09474,0.095885,0.092135,0.043698,0.036719
0.048698,0.16094,0.20786,0.080052,0.064323,0.067656,0.040104,0.035156
0.042708,0.10307,0.12234,0.078958,0.070729,0.062865,0.035625,0.037344
0.04276,0.080521,0.19339,0.08276,0.088698,0.087604,0.041458,0.032448
0.041771,0.085,0.14234,0.086927,0.073281,0.072344,0.038958,0.034323
0.04875,0.053125,0.1601,0.09776,0.075938,0.077604,0.034115,0.031615
0.043333,0.07849,0.16797,0.080885,0.0675,0.071406,0.038542,0.035937
0.046563,0.098698,0.17833,0.094323,0.080156,0.081719,0.03849,0.033854
0.047708,0.092135,0.21313,0.085365,0.070573,0.068958,0.040938,0.037031
0.049583,0.10297,0.17828,0.089688,0.084583,0.085417,0.038542,0.035781
0.058802,0.1074,0.16625,0.096875,0.071406,0.0675,0.035417,0.036094
0.059635,0.073646,0.13339,0.078802,0.069635,0.060937,0.03724,0.03474
0.0425,0.11708,0.18693,0.078437,0.078854,0.083385,0.038073,0.029583
0.042083,0.093125,0.1499,0.097396,0.13198,0.083437,0.036406,0.032656
0.038385,0.076042,0.12901,0.067552,0.059531,0.05349,0.034167,0.032604
0.039792,0.087083,0.13714,0.073229,0.04474,0.048177,0.033229,0.032604
0.038281,0.074479,0.14266,0.078542,0.068698,0.07125,0.037812,0.033646
0.038958,0.083125,0.16536,0.075781,0.060156,0.059167,0.03349,0.027969
0.030833,0.074375,0.15589,0.066146,0.057083,0.056563,0.028229,0.029896
0.030469,0.089167,0.14125,0.061823,0.033125,0.03651,0.026823,0.029687
0.043125,0.084479,0.1251,0.077813,0.064844,0.061354,0.036094,0.032344
0.046198,0.10401,0.14766,0.075156,0.079635,0.085469,0.041719,0.038333
0.033125,0.056198,0.12917,0.082656,0.063542,0.065521,0.036146,0.031458
0.077135,0.098594,0.13484,0.080052,0.053333,0.056667,0.031563,0.032083
0.059375,0.086302,0.17099,0.08026,0.056094,0.061302,0.035469,0.032708
0.054688,0.086563,0.13781,0.084375,0.066667,0.066667,0.037708,0.034375
0.055833,0.082917,0.13333,0.080469,0.06375,0.061146,0.03776,0.037812
0.057708,0.080625,0.14391,0.087969,0.05625,0.052917,0.029844,0.032083
0.072292,0.095365,0.14984,0.079948,0.062292,0.062135,0.036354,0.032396
0.056302,0.074792,0.14375,0.082396,0.065469,0.061615,0.033333,0.033646
0.060729,0.09724,0.13661,0.076927,0.085208,0.085885,0.042708,0.036719
0.063646,0.080677,0.13979,0.07474,0.063646,0.064375,0.035312,0.038177
0.068281,0.082656,0.17208,0.079583,0.05599,0.052969,0.032031,0.03401
0.05,0.080781,0.14083,0.073542,0.064635,0.065365,0.036771,0.031458
0.064115,0.099323,0.13615,0.084375,0.065156,0.064323,0.035104,0.033333
0.083958,0.099427,0.1575,0.085,0.08625,0.091979,0.042396,0.038021
0.10573,0.11276,0.15979,0.080469,0.066927,0.066198,0.036094,0.039792
0.11422,0.125,0.15276,0.086771,0.063281,0.062292,0.037969,0.038594
0.068802,0.098073,0.12865,0.082812,0.072135,0.073281,0.039479,0.039323
0.048802,0.085573,0.15667,0.083125,0.054271,0.062188,0.036719,0.032656
0.04651,0.080312,0.13339,0.082969,0.065781,0.055208,0.035208,0.035417
0.050521,0.084896,0.1351,0.077396,0.065104,0.070573,0.038073,0.037292
0.050521,0.092708,0.1974,0.10141,0.090417,0.085833,0.043594,0.042292
0.060156,0.12464,0.13542,0.08276,0.062604,0.06901,0.040104,0.035417
0.054479,0.093802,0.16396,0.096406,0.075521,0.082031,0.04276,0.037396
0.055938,0.10417,0.14531,0.077865,0.064792,0.073958,0.037031,0.033802
0.059531,0.092135,0.14245,0.071979,0.078073,0.086042,0.040781,0.04099
0.061875,0.12521,0.16479,0.081146,0.083646,0.080365,0.045312,0.03849
0.051823,0.09724,0.18552,0.08776,0.059792,0.064115,0.039635,0.034115
0.06599,0.074635,0.14188,0.07974,0.075156,0.069792,0.0425,0.03875
0.053594,0.14031,0.1874,0.0775,0.065156,0.069792,0.038125,0.042396
0.070885,0.13312,0.1575,0.088854,0.06151,0.065208,0.041042,0.036927
0.074167,0.11932,0.1399,0.080469,0.079062,0.069844,0.039844,0.039375
0.062188,0.081927,0.14813,0.093073,0.07,0.070677,0.039115,0.03599
0.042969,0.08099,0.145,0.07401,0.058958,0.059531,0.035625,0.036875
0.05474,0.083854,0.17172,0.10005,0.079844,0.076042,0.04474,0.039896
0.060573,0.12,0.19396,0.08526,0.074115,0.077448,0.044896,0.039583
0.053229,0.082344,0.091771,0.056719,0.079792,0.096667,0.042448,0.038646
0.05099,0.079323,0.094635,0.054948,0.081667,0.099271,0.048385,0.043385
0.054948,0.089531,0.12943,0.050313,0.08974,0.10417,0.050885,0.03974
0.046719,0.085417,0.11479,0.060208,0.090521,0.11792,0.050573,0.04375
0.041771,0.084427,0.091563,0.056927,0.085312,0.10635,0.049583,0.038229
0.045156,0.077813,0.086719,0.050781,0.08651,0.11052,0.050104,0.040625
0.047917,0.060573,0.077448,0.048177,0.06849,0.089948,0.04276,0.039948
0.038594,0.067552,0.11708,0.052812,0.082552,0.11151,0.046875,0.040729
0.040833,0.061719,0.086823,0.057031,0.097812,0.12589,0.049844,0.044479
0.045365,0.059583,0.12401,0.054479,0.096979,0.12068,0.051927,0.040104
0.054323,0.074427,0.1187,0.061146,0.10531,0.13724,0.056458,0.048594
0.039271,0.05125,0.082656,0.042604,0.077344,0.097135,0.044792,0.04125
0.041198,0.052031,0.076406,0.046458,0.081302,0.098073,0.046979,0.040417
0.038333,0.043073,0.079219,0.041927,0.065781,0.085885,0.045208,0.039531
0.043906,0.051562,0.11922,0.050208,0.096875,0.11495,0.049948,0.049896
0.041875,0.060052,0.080885,0.042031,0.07026,0.082865,0.042188,0.043542
0.042865,0.062135,0.090521,0.045833,0.076563,0.092969,0.046719,0.044896
0.037292,0.05401,0.081146,0.040365,0.064896,0.078385,0.042969,0.040625
0.041615,0.057031,0.086823,0.042969,0.071042,0.081927,0.043385,0.043021
0.037969,0.040938,0.082448,0.038021,0.058646,0.072917,0.043281,0.042708
0.034323,0.036562,0.081146,0.03375,0.053698,0.070365,0.041875,0.040573
0.038854,0.045573,0.094167,0.03849,0.0575,0.075677,0.043073,0.042135
0.040313,0.060365,0.11438,0.04349,0.069896,0.09,0.040781,0.042083
0.035052,0.059115,0.084792,0.042448,0.057708,0.090521,0.042083,0.041875
0.041719,0.057083,0.10943,0.04349,0.077552,0.091458,0.046563,0.045156
0.040625,0.055156,0.18672,0.048125,0.080625,0.095781,0.047865,0.041302
0.046406,0.063646,0.15021,0.049063,0.086094,0.10625,0.050625,0.048542
0.04776,0.06776,0.11839,0.050208,0.080625,0.10078,0.049115,0.043542
0.042031,0.068333,0.15432,0.046823,0.075833,0.091719,0.043281,0.043073
0.038542,0.05151,0.11776,0.038542,0.07,0.088177,0.043385,0.044479
0.045104,0.06724,0.094635,0.04349,0.066615,0.092135,0.04849,0.043594
0.038333,0.04625,0.11641,0.03724,0.064948,0.084531,0.042969,0.044167
0.044896,0.053802,0.091823,0.054219,0.096406,0.11411,0.048385,0.044948
0.041094,0.058698,0.095104,0.038229,0.061198,0.082344,0.043906,0.047083
0.056615,0.063281,0.15083,0.047604,0.077865,0.098646,0.047344,0.047448
0.038125,0.057865,0.11786,0.040938,0.073854,0.090313,0.04474,0.045625
0.043437,0.058802,0.11917,0.050937,0.091615,0.11318,0.047917,0.045781
0.04026,0.048802,0.10917,0.040677,0.063958,0.082187,0.046771,0.041354
0.038125,0.062083,0.15359,0.045417,0.069896,0.089896,0.045625,0.043854
0.039271,0.055104,0.12542,0.046823,0.06974,0.090781,0.04625,0.042552
0.045156,0.06474,0.12573,0.046458,0.076354,0.093646,0.044531,0.045
0.041042,0.052292,0.13052,0.042604,0.06599,0.085417,0.047604,0.046042
0.039635,0.057083,0.089844,0.045885,0.077917,0.10187,0.047031,0.042865
0.043281,0.063333,0.12995,0.044115,0.076406,0.10115,0.050521,0.044323
0.036927,0.065521,0.087344,0.041042,0.065312,0.082604,0.046406,0.042552
0.035052,0.037292,0.093125,0.038333,0.050833,0.069583,0.041875,0.046302
0.035312,0.054115,0.095156,0.035104,0.058125,0.073542,0.04224,0.047917
0.039844,0.077708,0.12516,0.04375,0.078385,0.098958,0.047292,0.04375
0.047604,0.057656,0.12656,0.048698,0.073177,0.091146,0.052031,0.045677
0.043542,0.062188,0.090208,0.036667,0.060625,0.078385,0.044479,0.043698
0.044167,0.069062,0.098594,0.052865,0.085208,0.097969,0.04849,0.048333
0.04526,0.063854,0.091667,0.045677,0.071042,0.088281,0.050521,0.045521
0.044531,0.077917,0.13932,0.052031,0.091354,0.11443,0.052969,0.045156
0.045,0.056302,0.096198,0.047865,0.082865,0.094635,0.054844,0.048854
0.045156,0.066302,0.1024,0.049688,0.084219,0.10729,0.054375,0.046198
0.042865,0.04875,0.10323,0.047448,0.071146,0.092083,0.048125,0.048594
0.044271,0.066146,0.098385,0.047917,0.081615,0.10182,0.048802,0.048073
0.044427,0.08625,0.10813,0.049531,0.083594,0.10698,0.05,0.047135
0.052396,0.093073,0.10776,0.036198,0.060521,0.087031,0.050104,0.047656
0.048021,0.086823,0.10641,0.042656,0.069167,0.090417,0.048333,0.050365
0.057604,0.090052,0.16172,0.055156,0.087552,0.12115,0.053542,0.05026
0.054792,0.079115,0.13245,0.054635,0.090781,0.11448,0.055833,0.050625
0.044479,0.074063,0.1312,0.050156,0.079844,0.099844,0.046719,0.049479
0.05474,0.089219,0.15516,0.048438,0.080625,0.10589,0.056771,0.052708
0.055469,0.084583,0.11964,0.05026,0.08125,0.10573,0.055208,0.050365
0.051562,0.088542,0.13776,0.044323,0.072031,0.089063,0.050469,0.049115
0.050521,0.086354,0.15859,0.046198,0.07724,0.097604,0.04849,0.049688
0.050052,0.068177,0.14635,0.049844,0.080469,0.1049,0.049948,0.051458
0.044635,0.050208,0.15036,0.036146,0.054062,0.072396,0.046302,0.047656
0.044115,0.064583,0.16172,0.047396,0.074583,0.095833,0.050833,0.048177
0.045208,0.0775,0.15266,0.040365,0.071042,0.086667,0.049427,0.053802
0.054219,0.089427,0.14682,0.052135,0.081458,0.11214,0.05474,0.052344
0.045312,0.058438,0.15589,0.05349,0.089167,0.10203,0.053021,0.046563
0.048958,0.054375,0.17974,0.04526,0.070729,0.089115,0.049792,0.049323
0.051875,0.095,0.15667,0.050104,0.08276,0.11177,0.058333,0.050885
0.040781,0.069792,0.13042,0.043333,0.070052,0.091302,0.04651,0.048021
0.060937,0.07776,0.10771,0.041875,0.075833,0.099323,0.052396,0.053594
0.075625,0.075156,0.14292,0.049167,0.065833,0.087917,0.04651,0.052552
0.053594,0.083437,0.19417,0.054167,0.094219,0.11849,0.056563,0.055
0.057344,0.077344,0.18026,0.054479,0.081875,0.10443,0.0525,0.052031
0.0525,0.064896,0.15698,0.055104,0.094844,0.12208,0.06151,0.050313
0.044167,0.068542,0.13698,0.045573,0.070313,0.093542,0.050156,0.048802
0.045521,0.053177,0.11656,0.043594,0.07151,0.093385,0.046875,0.048906
0.047969,0.071198,0.17771,0.044167,0.075625,0.099271,0.051562,0.05151
0.047344,0.069896,0.17927,0.055104,0.083698,0.11333,0.058333,0.048125
0.0475,0.085156,0.13938,0.043333,0.066771,0.09,0.048438,0.049323
0.046823,0.075573,0.10542,0.045937,0.07224,0.099115,0.049583,0.049948
0.039427,0.058229,0.13292,0.042448,0.071823,0.090729,0.050469,0.048542
0.043073,0.047813,0.10469,0.04776,0.06875,0.091094,0.045573,0.048333
0.037396,0.043021,0.17417,0.035677,0.050677,0.064948,0.044896,0.048125
0.058854,0.080677,0.14922,0.055625,0.084844,0.10099,0.0525,0.047448
0.047292,0.065312,0.15078,0.045937,0.073333,0.089583,0.04724,0.047969
0.043854,0.078854,0.20125,0.045052,0.075417,0.095104,0.052917,0.053698
0.043385,0.062135,0.10193,0.043542,0.070156,0.090417,0.047813,0.047917
0.048385,0.071823,0.16745,0.050677,0.083385,0.10193,0.052656,0.048542
0.041302,0.066667,0.14219,0.047969,0.073906,0.087865,0.048229,0.047865
0.041563,0.062344,0.11505,0.042188,0.066875,0.088281,0.044271,0.047448
0.039792,0.055417,0.17161,0.047135,0.071458,0.086771,0.045417,0.046771
0.034219,0.047083,0.099583,0.036979,0.054688,0.067031,0.043542,0.0425
0.043802,0.072969,0.13161,0.044896,0.066771,0.084479,0.046146,0.043698
0.043854,0.051615,0.16021,0.043594,0.070729,0.090521,0.046042,0.047552
0.045625,0.079062,0.15177,0.042188,0.058542,0.083333,0.050104,0.045781
0.040677,0.06724,0.16255,0.04276,0.071823,0.07974,0.048125,0.045156
0.045833,0.055677,0.11214,0.045677,0.06224,0.08724,0.045677,0.044323
0.044115,0.20766,0.22943,0.090938,0.03849,0.027813,0.034427,0.03125
0.13432,0.34052,0.52406,0.12604,0.077865,0.056563,0.056615,0.097448
0.12651,0.37052,0.54375,0.13526,0.063073,0.050417,0.040156,0.06875
0.16813,0.3463,0.66484,0.12495,0.062188,0.053385,0.048958,0.067604
0.16682,0.40656,0.59453,0.1238,0.061302,0.038281,0.046927,0.065
0.32901,0.54995,0.47385,0.16932,0.087135,0.071563,0.064635,0.09474
0.32854,0.49292,0.51187,0.17068,0.1062,0.069844,0.057604,0.10807
0.26354,0.5099,0.51844,0.19828,0.10042,0.067865,0.061302,0.11828
0.28224,0.54198,0.47359,0.15516,0.08875,0.068177,0.065417,0.10807
0.22646,0.36688,0.43396,0.22031,0.063073,0.0425,0.045625,0.066406
0.38625,0.80776,0.52734,0.19891,0.078229,0.064062,0.072813,0.13938
0.29641,0.57411,0.42078,0.19573,0.077708,0.053229,0.050677,0.091563
0.29313,0.59729,0.39901,0.2,0.092813,0.069583,0.071875,0.10797
0.39552,0.68188,0.43651,0.2287,0.087552,0.059896,0.064167,0.13875
0.30073,0.6263,0.34568,0.20891,0.072917,0.051562,0.048958,0.071146
0.25693,0.53229,0.40474,0.22036,0.076615,0.074635,0.057083,0.14146
0.3351,0.50781,0.43745,0.22187,0.065156,0.054271,0.056198,0.11661
0.4087,0.66521,0.34437,0.22505,0.10099,0.079323,0.073281,0.13234
0.35854,0.64224,0.4425,0.21755,0.1437,0.10208,0.069635,0.13786
0.43641,0.72943,0.58234,0.23193,0.13198,0.21896,0.069167,0.11271
0.42578,0.715,0.47229,0.27693,0.092031,0.075104,0.058281,0.10776
0.29724,0.42286,0.50781,0.22339,0.077188,0.060677,0.069479,0.13604
0.35219,0.62859,0.39151,0.1612,0.069271,0.05651,0.057083,0.13755
0.27505,0.58453,0.39828,0.18438,0.076615,0.069583,0.063437,0.11469
0.31,0.65938,0.38156,0.2301,0.094375,0.073333,0.063385,0.1563
0.34839,0.58953,0.49755,0.20349,0.094062,0.10042,0.10339,0.16807
0.41443,0.7063,0.44542,0.11469,0.10031,0.074323,0.067708,0.11755
0.43068,0.64943,0.54349,0.28672,0.097708,0.066094,0.067708,0.11927
0.33203,0.63187,0.41484,0.16703,0.070208,0.062656,0.0575,0.084271
0.27677,0.50432,0.54964,0.16276,0.068542,0.054427,0.068594,0.084115
0.19026,0.39474,0.31562,0.14156,0.064844,0.04599,0.045208,0.064219
0.40021,0.66521,0.4987,0.18063,0.073854,0.058229,0.062083,0.10458
0.39813,0.59297,0.46667,0.24104,0.085938,0.065677,0.075938,0.1212
0.20474,0.43312,0.40323,0.22234,0.076094,0.051875,0.082865,0.18896
0.3549,0.5851,0.41354,0.15339,0.078698,0.055729,0.078229,0.10411
0.39484,0.63661,0.43708,0.21813,0.09349,0.087969,0.090885,0.17786
0.43797,0.78135,0.36339,0.16859,0.094323,0.097708,0.10896,0.23708
0.3901,0.69005,0.36016,0.25214,0.085417,0.063854,0.073333,0.18615
0.3249,0.6262,0.38391,0.21719,0.10693,0.088229,0.080677,0.15958
0.45271,0.60167,0.42594,0.22,0.089896,0.077396,0.10115,0.16552
0.38411,0.86661,0.33198,0.1738,0.089063,0.11276,0.11,0.16193
0.33922,0.62021,0.36073,0.25896,0.10432,0.095781,0.11672,0.19453
0.37724,0.56646,0.33005,0.21521,0.10474,0.09776,0.1087,0.1462
0.32589,0.5576,0.34828,0.1724,0.086354,0.081562,0.078594,0.13818
0.3049,0.60271,0.3537,0.25005,0.10505,0.082396,0.14964,0.21802
0.24057,0.43698,0.37234,0.19135,0.075365,0.072396,0.11938,0.14354
0.28974,0.57786,0.33974,0.13688,0.066823,0.08849,0.13615,0.14865
0.32677,0.55354,0.41156,0.20427,0.094479,0.14766,0.074896,0.1174
0.255,0.57005,0.49125,0.16193,0.085573,0.062708,0.081146,0.10307
0.3199,0.61156,0.57922,0.22573,0.093906,0.071927,0.084531,0.20635
0.36708,0.61391,0.62979,0.23339,0.092656,0.1176,0.13161,0.19109
0.44849,0.67016,0.45484,0.25021,0.090938,0.067448,0.12135,0.18828
0.4849,0.54443,0.43677,0.25203,0.10641,0.10151,0.12516,0.18208
0.41802,0.59542,0.45573,0.31094,0.10224,0.07401,0.12141,0.28677
0.49234,0.70984,0.47036,0.22609,0.097344,0.090052,0.17865,0.19573
0.029948,0.050521,0.077604,0.064115,0.027708,0.041458,0.040938,0.027031
0.056771,0.044792,0.058229,0.04849,0.030573,0.043073,0.030521,0.040625
0.028385,0.058229,0.058125,0.040417,0.02599,0.049115,0.059635,0.028281
0.0275,0.070417,0.048177,0.040469,0.031615,0.071458,0.041771,0.023281
0.028021,0.048073,0.058698,0.052135,0.030729,0.0575,0.044896,0.025521
0.040469,0.071146,0.073177,0.052552,0.033125,0.074115,0.056667,0.03349
0.049531,0.075,0.10349,0.057552,0.043177,0.085938,0.063021,0.041875
0.052083,0.083333,0.094479,0.043802,0.040781,0.08099,0.056354,0.041042
0.048698,0.078958,0.10234,0.044479,0.036198,0.078021,0.060417,0.040885
0.04224,0.072031,0.12438,0.0825,0.034531,0.071042,0.050729,0.030417
0.042656,0.064271,0.17974,0.051875,0.034792,0.058333,0.047813,0.035312
0.045625,0.076667,0.1601,0.044427,0.034115,0.077083,0.048698,0.031927
0.043542,0.072708,0.23682,0.059687,0.03974,0.071198,0.047969,0.032917
0.030469,0.056458,0.24417,0.060521,0.029427,0.046302,0.040729,0.026146
0.090625,0.14656,0.18073,0.058385,0.033594,0.060781,0.040677,0.029063
0.046563,0.083333,0.2149,0.050625,0.03276,0.058646,0.037604,0.035677
0.050781,0.080885,0.17776,0.054427,0.03651,0.063229,0.051458,0.035052
0.045156,0.059531,0.13495,0.049115,0.030938,0.051667,0.048177,0.038542
0.050052,0.065365,0.21167,0.079167,0.038437,0.069167,0.055521,0.034271
0.037865,0.059531,0.1399,0.046458,0.027448,0.066458,0.050729,0.030885
0.03724,0.054792,0.16036,0.04401,0.029063,0.05276,0.046406,0.027865
0.046406,0.067552,0.22823,0.058125,0.037865,0.065521,0.055208,0.03651
0.045469,0.063385,0.16167,0.043281,0.035052,0.070313,0.048281,0.035937
0.043229,0.066094,0.10219,0.04974,0.031563,0.064375,0.051719,0.034479
0.062917,0.063542,0.090625,0.14734,0.045521,0.072865,0.051146,0.047656
0.041094,0.073021,0.1288,0.052135,0.031406,0.066094,0.045833,0.034219
0.037552,0.070521,0.079427,0.055781,0.036354,0.063333,0.041094,0.03474
0.039271,0.060417,0.094115,0.056719,0.032656,0.070208,0.043385,0.03276
0.047865,0.084115,0.11141,0.065208,0.034583,0.07526,0.050885,0.034115
0.049063,0.075313,0.2638,0.072969,0.035365,0.06125,0.059844,0.037604
0.040104,0.066979,0.077813,0.059323,0.031406,0.056198,0.045573,0.03026
0.038854,0.058594,0.098125,0.068333,0.03349,0.063333,0.052344,0.029896
0.035521,0.059062,0.096198,0.055521,0.029219,0.079062,0.056823,0.03276
0.045937,0.071719,0.097708,0.066458,0.03875,0.09026,0.045625,0.038125
0.041667,0.067917,0.12297,0.17526,0.04474,0.071979,0.047031,0.039115
0.060781,0.0825,0.15844,0.080052,0.039583,0.087031,0.057917,0.053333
0.041719,0.066146,0.099531,0.061875,0.036146,0.073646,0.049167,0.030833
0.038802,0.059219,0.23401,0.057083,0.031198,0.069583,0.050104,0.026667
0.0475,0.066719,0.2376,0.077292,0.03401,0.060208,0.055885,0.03875
0.04349,0.074063,0.16849,0.063385,0.034948,0.07375,0.091771,0.046042
0.041771,0.053385,0.15318,0.15099,0.046823,0.072656,0.063594,0.037656
0.040208,0.061667,0.15203,0.070052,0.03474,0.07401,0.056406,0.035104
0.0425,0.084792,0.10302,0.072188,0.0375,0.071042,0.22021,0.048385
0.047865,0.11094,0.24531,0.085469,0.040208,0.086458,0.31734,0.056927
0.075781,0.061302,0.20563,0.20328,0.05474,0.093333,0.38151,0.083281
0.045,0.13531,0.15771,0.088281,0.037917,0.092396,0.31479,0.066042
0.043698,0.078958,0.20318,0.081458,0.036771,0.076563,0.084531,0.036406
0.047917,0.077813,0.23818,0.073281,0.041615,0.084219,0.074167,0.039531
0.04474,0.070313,0.16703,0.060417,0.037656,0.071458,0.051198,0.036354
0.040938,0.071615,0.2099,0.10208,0.041354,0.067135,0.17401,0.038958
0.059687,0.10573,0.18609,0.096458,0.042448,0.090052,0.23375,0.062969
0.17198,0.28177,0.23641,0.1312,0.073385,0.09,0.08526,0.087656
0.15417,0.23286,0.13417,0.11328,0.055677,0.067396,0.072969,0.077604
0.13333,0.16703,0.16745,0.11729,0.06125,0.087031,0.091146,0.084583
0.15641,0.18208,0.19906,0.062917,0.070729,0.08974,0.091406,0.09099
0.16052,0.20771,0.19646,0.098385,0.075313,0.10771,0.1038,0.10865
0.17026,0.18703,0.22443,0.1113,0.069479,0.087552,0.081094,0.090521
0.16557,0.19318,0.19458,0.083906,0.071198,0.097031,0.088906,0.099271
0.14307,0.17406,0.15734,0.096667,0.064115,0.086667,0.078229,0.085677
0.13844,0.17615,0.14365,0.086823,0.065781,0.090729,0.085729,0.090521
0.13745,0.22411,0.22682,0.12906,0.06526,0.091198,0.27578,0.096042
0.15557,0.20813,0.2712,0.15505,0.060885,0.085365,0.080521,0.088594
0.16224,0.17214,0.25609,0.091302,0.057396,0.083229,0.083698,0.082135
0.18917,0.21146,0.27036,0.12333,0.070156,0.090365,0.090885,0.094323
0.17854,0.20167,0.22068,0.1237,0.071302,0.094948,0.084687,0.096406
0.13651,0.13807,0.14698,0.076979,0.051927,0.070573,0.065781,0.066927
0.11104,0.1426,0.17219,0.092969,0.05625,0.068229,0.06625,0.073698
0.10943,0.14635,0.23068,0.083542,0.056458,0.067135,0.058802,0.059375
0.14938,0.19687,0.2774,0.10844,0.067917,0.10146,0.11891,0.099531
0.16583,0.20375,0.26646,0.15307,0.076667,0.080729,0.070156,0.078229
0.17307,0.18755,0.31802,0.099583,0.055156,0.064427,0.06,0.065677
0.14078,0.17036,0.20432,0.093438,0.062552,0.075938,0.072917,0.071146
0.17646,0.22589,0.23234,0.10698,0.072813,0.10172,0.1012,0.09974
0.13516,0.13151,0.19208,0.066042,0.048125,0.063698,0.057917,0.059844
0.16005,0.13797,0.18427,0.068854,0.045625,0.054635,0.055,0.055313
0.14135,0.14026,0.15609,0.075521,0.057031,0.064427,0.062135,0.056875
0.1813,0.2075,0.15625,0.0775,0.065365,0.085833,0.080365,0.082292
0.14563,0.11688,0.20729,0.065677,0.043646,0.050833,0.046979,0.047552
0.16135,0.14031,0.20177,0.068542,0.05,0.067865,0.060208,0.065833
0.15891,0.17792,0.20422,0.058021,0.052135,0.077969,0.078229,0.083073
0.1538,0.16531,0.16224,0.078177,0.066719,0.087552,0.088854,0.086771
0.14688,0.13437,0.12839,0.07724,0.059375,0.069844,0.088854,0.072448
0.13203,0.16083,0.20396,0.067917,0.060573,0.075938,0.075365,0.076875
0.094583,0.11531,0.28984,0.071302,0.056406,0.063906,0.056875,0.062188
0.09875,0.11073,0.19646,0.070469,0.045729,0.063854,0.055521,0.058333
0.10042,0.1051,0.23333,0.08026,0.052604,0.062865,0.056406,0.059062
0.10677,0.14115,0.15693,0.099427,0.055938,0.070573,0.064427,0.072344
0.099427,0.12755,0.2099,0.076719,0.053646,0.071458,0.062188,0.068854
0.11651,0.135,0.30125,0.085625,0.053802,0.072917,0.069792,0.071719
0.15411,0.17318,0.3087,0.077917,0.057135,0.08026,0.078021,0.084635
0.12474,0.17432,0.23453,0.086771,0.056615,0.077135,0.069531,0.076042
0.11531,0.12354,0.25672,0.088698,0.051406,0.056302,0.055573,0.067552
0.13526,0.16656,0.32948,0.08724,0.058333,0.069219,0.068073,0.074583
0.15292,0.20625,0.26948,0.080052,0.051875,0.067344,0.077708,0.069792
0.16182,0.1749,0.21969,0.08724,0.056563,0.069323,0.091979,0.069062
0.14453,0.12516,0.30521,0.10036,0.048438,0.060365,0.053229,0.056563
0.12109,0.1276,0.24948,0.073385,0.05099,0.063958,0.059479,0.061198
0.11318,0.13333,0.18641,0.093906,0.052344,0.061719,0.059219,0.068385
0.10974,0.13406,0.25641,0.087656,0.061562,0.072552,0.072917,0.076042
0.11552,0.14615,0.25068,0.12943,0.060781,0.071042,0.088333,0.076979
0.1399,0.13203,0.2012,0.098542,0.056927,0.069687,0.063802,0.0675
0.15969,0.16859,0.18661,0.086146,0.072031,0.086667,0.079844,0.091302
0.095625,0.18875,0.37188,0.10094,0.081458,0.14214,0.07401,0.05875
0.087969,0.18229,0.34208,0.10979,0.078646,0.14292,0.092969,0.086094
0.07599,0.17802,0.36547,0.10484,0.086042,0.12458,0.071563,0.065833
0.088698,0.19766,0.39661,0.11292,0.090573,0.11703,0.07276,0.075469
0.06276,0.16661,0.35286,0.10536,0.081875,0.11745,0.066615,0.050104
0.070417,0.16969,0.35604,0.093438,0.080052,0.13281,0.066042,0.048021
0.068281,0.15583,0.33073,0.095052,0.08526,0.091563,0.05276,0.04625
0.077708,0.18411,0.36141,0.10187,0.074479,0.10734,0.063021,0.057135
0.073958,0.18521,0.41036,0.11812,0.078437,0.10839,0.05625,0.0475
0.076875,0.18271,0.36812,0.09974,0.077292,0.10995,0.066875,0.055521
0.13521,0.1374,0.37901,0.10365,0.056927,0.061615,0.063385,0.071615
0.11161,0.078906,0.35281,0.12755,0.05875,0.048854,0.049375,0.057917
0.11766,0.070104,0.40786,0.11349,0.048438,0.040417,0.042604,0.054167
0.1125,0.065625,0.40214,0.095052,0.045729,0.036406,0.038385,0.045729
0.10948,0.072708,0.34771,0.083385,0.044427,0.042865,0.035885,0.053906
0.072292,0.06875,0.27344,0.072083,0.04125,0.039688,0.046979,0.048854
0.09276,0.06849,0.23203,0.058229,0.043542,0.038906,0.047969,0.051198
0.11646,0.076823,0.28255,0.092917,0.050833,0.043542,0.063125,0.082708
0.13906,0.082604,0.27526,0.073125,0.049531,0.048594,0.046927,0.072188
0.12385,0.10057,0.38026,0.091563,0.043229,0.038906,0.046719,0.059115
0.091302,0.24958,0.37026,0.11552,0.056615,0.040573,0.053021,0.055781
0.074792,0.20922,0.42073,0.1613,0.059844,0.038073,0.052187,0.050937
0.077188,0.21411,0.37208,0.12786,0.05375,0.044635,0.057344,0.051667
0.067812,0.2288,0.39714,0.12318,0.053333,0.043854,0.058281,0.045104
0.070573,0.20839,0.3338,0.1513,0.050469,0.037083,0.050052,0.046302
0.058281,0.17563,0.30807,0.14068,0.048906,0.034844,0.048958,0.040938
0.065781,0.19094,0.35349,0.13125,0.050625,0.03974,0.048802,0.04401
0.06474,0.17693,0.31896,0.16599,0.060104,0.037292,0.053542,0.03901
0.060208,0.1437,0.26703,0.10813,0.045208,0.034271,0.046615,0.03875
0.054479,0.11911,0.2424,0.11281,0.043958,0.032604,0.055677,0.038333
0.043125,0.089635,0.13792,0.055729,0.053646,0.084479,0.040625,0.03349
0.034896,0.083385,0.18453,0.048177,0.053021,0.07599,0.035781,0.026302
0.030729,0.12172,0.28661,0.049427,0.050469,0.08224,0.030938,0.027708
0.029844,0.083646,0.19885,0.051406,0.053385,0.07901,0.031094,0.028802
0.034531,0.078333,0.32667,0.061146,0.058698,0.089531,0.037344,0.028177
0.032188,0.063854,0.28177,0.054792,0.051406,0.085677,0.031406,0.028073
0.041042,0.056094,0.17661,0.044896,0.054688,0.098229,0.039219,0.030417
0.04099,0.14547,0.35172,0.049688,0.05349,0.092083,0.031719,0.03375
0.042031,0.082083,0.28786,0.049531,0.065469,0.10474,0.048646,0.032448
0.037604,0.10484,0.23943,0.056198,0.066198,0.096198,0.039635,0.033281
0.035417,0.11344,0.34396,0.056667,0.053229,0.087604,0.036562,0.033906
0.030677,0.10198,0.28464,0.062344,0.049323,0.07276,0.032865,0.031198
0.038958,0.20656,0.089844,0.046302,0.05651,0.09276,0.03849,0.026771
0.035469,0.13281,0.21057,0.05724,0.057031,0.096823,0.03776,0.032396
0.029844,0.11375,0.29557,0.052812,0.041302,0.073594,0.028177,0.027396
0.030365,0.089479,0.23036,0.047865,0.045417,0.088698,0.03224,0.029323
0.036354,0.079115,0.36318,0.055313,0.048854,0.074896,0.034583,0.030833
0.042656,0.13833,0.39151,0.059687,0.066406,0.099323,0.03901,0.033333
0.028958,0.089792,0.23042,0.054323,0.052187,0.079896,0.032969,0.02849
0.0325,0.11005,0.31578,0.063698,0.055469,0.085417,0.036875,0.028385
0.049792,0.09276,0.21156,0.20438,0.056458,0.044219,0.038021,0.038281
0.05526,0.061615,0.10339,0.10604,0.050417,0.06474,0.055417,0.052031
0.038802,0.078594,0.072813,0.095417,0.046146,0.043698,0.037656,0.040729
0.04625,0.067031,0.062552,0.089271,0.039792,0.048281,0.065833,0.061667
0.047031,0.060521,0.092344,0.097031,0.041198,0.046458,0.054948,0.050052
0.044531,0.07526,0.17682,0.15161,0.046094,0.040365,0.059323,0.08651
0.036302,0.055573,0.14797,0.062708,0.031354,0.037031,0.041563,0.041875
0.044687,0.076719,0.20135,0.084479,0.041198,0.043385,0.062292,0.044844
0.035833,0.065312,0.093594,0.057448,0.038594,0.044375,0.055833,0.044062
0.04901,0.072188,0.10896,0.060156,0.041042,0.049583,0.046823,0.044323
0.045521,0.070938,0.077656,0.18094,0.073438,0.050677,0.052187,0.05151
0.033958,0.052552,0.059635,0.096302,0.062917,0.03776,0.042448,0.037292
0.046563,0.062917,0.088594,0.19187,0.062969,0.04849,0.051406,0.054479
0.041615,0.060104,0.070573,0.17385,0.074167,0.049271,0.043958,0.045104
0.035312,0.050573,0.06151,0.10141,0.054375,0.043021,0.046146,0.047031
0.036302,0.051979,0.082917,0.17745,0.06526,0.04151,0.040417,0.039271
0.037448,0.052552,0.086406,0.15922,0.063594,0.042396,0.04151,0.04151
0.049323,0.062865,0.093958,0.21276,0.053021,0.050937,0.050729,0.054583
0.036354,0.051562,0.080833,0.18349,0.082031,0.044323,0.041042,0.041615
0.039635,0.061667,0.090469,0.20057,0.057813,0.045052,0.04375,0.045729
0.10448,0.11594,0.27214,0.14359,0.07901,0.086823,0.091927,0.079687
0.12255,0.14005,0.11453,0.07651,0.079635,0.092969,0.10323,0.088438
0.12328,0.12161,0.12406,0.089167,0.076198,0.094115,0.10354,0.089688
0.13667,0.34687,0.18818,0.072708,0.066667,0.078073,0.084844,0.085052
0.17167,0.23557,0.28323,0.086198,0.09401,0.12604,0.13792,0.12672
0.12365,0.13896,0.24703,0.099896,0.084062,0.094167,0.10318,0.094635
0.10104,0.1175,0.23,0.098021,0.067865,0.08474,0.092969,0.081875
0.073438,0.090365,0.11047,0.078177,0.055677,0.062656,0.066927,0.057656
0.1238,0.1451,0.20255,0.078646,0.075,0.086302,0.10214,0.095781
0.10625,0.1724,0.2176,0.098229,0.068385,0.081198,0.086823,0.086823
0.13781,0.15755,0.35828,0.24531,0.18693,0.20495,0.20797,0.13385
0.10005,0.11667,0.28573,0.1524,0.13307,0.1487,0.15286,0.10005
0.093229,0.10401,0.31318,0.15891,0.12151,0.14693,0.15167,0.1062
0.073229,0.097135,0.335,0.14318,0.09724,0.13229,0.16906,0.079062
0.073281,0.085417,0.32786,0.15125,0.10917,0.15818,0.19234,0.079323
0.060365,0.084635,0.29786,0.11755,0.096094,0.13214,0.17036,0.069531
0.080312,0.0975,0.23245,0.15786,0.11417,0.15266,0.22724,0.084948
0.053646,0.061719,0.2163,0.12401,0.083594,0.11823,0.14313,0.05474
0.05224,0.068542,0.27516,0.093385,0.072188,0.10182,0.13354,0.051406
0.077865,0.10995,0.25333,0.11974,0.1125,0.14292,0.14922,0.08276
0.056979,0.063802,0.2199,0.11594,0.081875,0.13109,0.13437,0.058802
0.057083,0.081615,0.23526,0.095729,0.084323,0.10766,0.14927,0.05474
0.051406,0.078906,0.24432,0.099167,0.084271,0.11542,0.16979,0.05
0.058438,0.085573,0.29203,0.10917,0.093177,0.15495,0.15552,0.054583
0.067917,0.095781,0.27703,0.096042,0.082865,0.15661,0.15516,0.058125
0.052187,0.094792,0.33839,0.1337,0.078698,0.12802,0.12479,0.058594
0.067708,0.094896,0.35911,0.14396,0.064062,0.080781,0.14609,0.11068
0.063021,0.10214,0.33766,0.15458,0.079427,0.11906,0.12359,0.058594
0.059375,0.063177,0.24333,0.1251,0.084792,0.12521,0.12422,0.056979
0.062344,0.09651,0.23885,0.13135,0.10057,0.13135,0.11797,0.060104
0.096146,0.15125,0.295,0.14432,0.077552,0.14458,0.072552,0.06724
0.075521,0.1075,0.16297,0.15719,0.092292,0.13312,0.064062,0.058021
0.088385,0.13073,0.17719,0.10849,0.065417,0.16286,0.072552,0.071771
0.1049,0.14604,0.21214,0.11182,0.081042,0.14927,0.084427,0.073125
0.11609,0.17698,0.21625,0.12635,0.08375,0.18391,0.088177,0.077344
0.12448,0.17906,0.19891,0.16385,0.088333,0.16135,0.090677,0.078802
0.10542,0.16578,0.12708,0.13427,0.075573,0.14089,0.073385,0.066094
0.11036,0.16052,0.11135,0.11802,0.065833,0.12146,0.065208,0.069219
0.099948,0.15422,0.17813,0.13,0.079687,0.16068,0.072292,0.06724
0.092344,0.14901,0.23344,0.12802,0.0925,0.18568,0.079479,0.074896
0.090313,0.10781,0.11802,0.10698,0.075417,0.1676,0.06901,0.057188
0.10781,0.16703,0.19505,0.12547,0.089219,0.21339,0.081562,0.07125
0.099479,0.12448,0.14063,0.12073,0.078802,0.15266,0.075833,0.071146
0.077135,0.1212,0.22125,0.10932,0.08125,0.14302,0.066302,0.054896
0.062135,0.12172,0.16911,0.089219,0.072865,0.12188,0.059583,0.046979
0.083906,0.13385,0.15234,0.13307,0.07599,0.12589,0.074375,0.10104
0.10865,0.15073,0.16755,0.13057,0.09151,0.18047,0.082604,0.075521
0.065104,0.12885,0.26661,0.089896,0.06401,0.13969,0.05276,0.043125
0.083854,0.19135,0.12458,0.13094,0.06625,0.14177,0.061198,0.052292
0.099219,0.16385,0.1512,0.2074,0.090156,0.14646,0.10245,0.068802
0.049375,0.17255,0.25354,0.059115,0.06276,0.054167,0.12484,0.13036
0.049792,0.17844,0.22719,0.065365,0.06625,0.054792,0.073698,0.095417
0.046771,0.12906,0.13115,0.037865,0.036615,0.028646,0.053385,0.099427
0.051927,0.12885,0.17797,0.041615,0.037187,0.036771,0.063802,0.1651
0.045,0.089167,0.1126,0.039115,0.036771,0.041875,0.069844,0.21609
0.054896,0.10875,0.14839,0.042552,0.041875,0.044635,0.089479,0.255
0.06349,0.16464,0.25375,0.059479,0.0575,0.052187,0.10354,0.28172
0.054583,0.17724,0.26974,0.062135,0.060521,0.057552,0.099583,0.29323
0.061615,0.18526,0.21958,0.051771,0.035781,0.036198,0.055417,0.13922
0.050156,0.15141,0.18198,0.045104,0.035052,0.035,0.061927,0.20615
0.060052,0.16234,0.19401,0.050417,0.033125,0.036667,0.082865,0.19536
0.062604,0.12755,0.15932,0.040417,0.032083,0.035781,0.059062,0.15609
0.072865,0.1425,0.15438,0.047135,0.037083,0.03849,0.047917,0.13146
0.057448,0.12703,0.10786,0.042031,0.031927,0.032083,0.060365,0.1463
0.066458,0.17938,0.17792,0.044427,0.028594,0.030208,0.046146,0.10589
0.057813,0.12911,0.15536,0.041302,0.034271,0.033542,0.053906,0.12115
0.061667,0.11708,0.1538,0.040938,0.031406,0.041094,0.086198,0.18479
0.046146,0.11135,0.13865,0.044219,0.033438,0.031198,0.059323,0.14297
0.073438,0.13813,0.16464,0.045833,0.035729,0.034635,0.058281,0.14078
0.065469,0.12927,0.18937,0.046823,0.036458,0.036615,0.050417,0.1451
0.045365,0.13682,0.19203,0.057969,0.059219,0.045573,0.063125,0.10891
0.03099,0.16667,0.14094,0.062552,0.052344,0.04651,0.044635,0.033958
0.054271,0.096823,0.12365,0.054479,0.037396,0.035677,0.04651,0.033229
0.039375,0.077083,0.11786,0.054062,0.038021,0.038542,0.1688,0.039688
0.044427,0.082917,0.09875,0.060052,0.038594,0.034792,0.056615,0.031042
0.034792,0.072448,0.14464,0.049896,0.033229,0.033333,0.057083,0.034271
0.041615,0.06724,0.10729,0.04151,0.033281,0.034219,0.02625,0.027552
0.049063,0.088229,0.096094,0.039948,0.031354,0.032656,0.04901,0.027708
0.10411,0.077917,0.12177,0.034688,0.031771,0.032708,0.026562,0.030885
0.041875,0.075573,0.15651,0.043073,0.036927,0.036458,0.060885,0.031406
0.036562,0.068177,0.10875,0.042344,0.03151,0.051979,0.10771,0.035156
0.035729,0.07,0.11203,0.040469,0.033438,0.032188,0.025781,0.026042
0.032344,0.073177,0.17245,0.043542,0.033125,0.033906,0.046875,0.028698
0.037083,0.064323,0.12646,0.049635,0.038906,0.034479,0.025833,0.024479
0.036146,0.065625,0.1237,0.039375,0.032969,0.03901,0.091198,0.033646
0.039531,0.06224,0.105,0.040208,0.032708,0.031458,0.13875,0.03776
0.043177,0.087552,0.13859,0.040885,0.034896,0.034688,0.07099,0.041094
0.045365,0.079635,0.11359,0.060052,0.03974,0.033542,0.045885,0.0275
0.066042,0.13292,0.13958,0.051354,0.033229,0.036875,0.089896,0.038125
0.027917,0.072292,0.13031,0.048646,0.046979,0.045417,0.045208,0.029896
0.052969,0.10729,0.16776,0.059479,0.053333,0.050729,0.085,0.044062
0.076719,0.060625,0.11922,0.062396,0.06125,0.05625,0.057396,0.033542
0.068333,0.11854,0.15245,0.072083,0.097396,0.09224,0.078281,0.059271
0.070885,0.07526,0.1449,0.10688,0.083542,0.08474,0.066146,0.042552
0.06875,0.078073,0.2125,0.12339,0.088698,0.09,0.064167,0.041875
0.16042,0.083073,0.13818,0.083437,0.063437,0.060469,0.061667,0.035729
0.095208,0.066094,0.13677,0.093594,0.061146,0.052031,0.11604,0.037135
0.059062,0.069115,0.11823,0.084323,0.063281,0.063802,0.062396,0.033646
0.091875,0.13068,0.16286,0.10641,0.079844,0.079844,0.079531,0.046563
0.10917,0.12984,0.28964,0.096615,0.096302,0.09875,0.08724,0.046563
0.076354,0.092708,0.22135,0.096094,0.059219,0.05,0.063698,0.034219
0.092292,0.10818,0.20797,0.11469,0.076042,0.068594,0.058594,0.039323
0.047865,0.062448,0.11995,0.10255,0.067708,0.071094,0.085365,0.043021
0.058073,0.057083,0.17505,0.07776,0.06,0.054479,0.064323,0.035104
0.06,0.049167,0.095937,0.068437,0.04875,0.051458,0.060833,0.034115
0.042969,0.079062,0.12755,0.056875,0.047604,0.051354,0.050365,0.03901
0.14969,0.10182,0.11479,0.076094,0.052708,0.048854,0.052552,0.046458
0.089531,0.071615,0.13182,0.076354,0.050365,0.047969,0.055156,0.040156
0.092604,0.16016,0.12786,0.093854,0.064948,0.059635,0.050573,0.033281
0.066823,0.057656,0.10604,0.088125,0.055104,0.050313,0.04849,0.031719
0.092813,0.12979,0.17495,0.092865,0.087396,0.089219,0.076198,0.04875
0.049323,0.049063,0.14109,0.18089,0.20708,0.06401,0.069948,0.071302
0.035521,0.044271,0.14063,0.19255,0.25885,0.068021,0.059531,0.064479
0.040156,0.047292,0.14813,0.1801,0.22755,0.05901,0.067865,0.08349
0.041823,0.070729,0.22599,0.19125,0.23594,0.070885,0.067083,0.092813
0.045833,0.040938,0.18385,0.16057,0.22224,0.060677,0.07276,0.073125
0.06849,0.059375,0.19995,0.16385,0.1974,0.054375,0.051146,0.070625
0.036354,0.055833,0.16104,0.1563,0.25734,0.065625,0.052083,0.085729
0.052187,0.090833,0.23573,0.17656,0.21552,0.05599,0.098333,0.12552
0.048229,0.065156,0.23224,0.17766,0.23005,0.07625,0.051198,0.10719
0.042708,0.062917,0.19328,0.16953,0.23292,0.083021,0.20266,0.15115
0.045,0.085729,0.28052,0.15328,0.23521,0.063698,0.056406,0.11573
0.044896,0.077969,0.25,0.21365,0.24578,0.071563,0.06099,0.095417
0.042396,0.11099,0.26813,0.18172,0.25583,0.066667,0.054427,0.13547
0.03651,0.065365,0.19656,0.16792,0.19281,0.086979,0.14495,0.10323
0.043958,0.051615,0.21813,0.16167,0.22771,0.063542,0.044375,0.080208
0.034583,0.065156,0.19583,0.17156,0.27271,0.060312,0.075417,0.090729
0.043125,0.064427,0.20797,0.1538,0.23297,0.065365,0.063229,0.11651
0.051875,0.087188,0.24594,0.1925,0.24734,0.071042,0.088802,0.096146
0.031667,0.048542,0.15115,0.23115,0.28589,0.076198,0.051875,0.12953
0.09724,0.19208,0.38,0.16542,0.14031,0.12542,0.18286,0.15781
0.073438,0.1274,0.35234,0.10943,0.069896,0.091771,0.17391,0.12531
0.097708,0.16161,0.33281,0.13359,0.084844,0.09375,0.15083,0.14792
0.090365,0.14021,0.2962,0.11083,0.082552,0.090208,0.14568,0.14208
0.10703,0.21406,0.34089,0.13875,0.10161,0.088229,0.21354,0.21974
0.11141,0.19562,0.3312,0.14276,0.089375,0.097604,0.21682,0.20266
0.12125,0.19885,0.28849,0.12823,0.088958,0.085208,0.16974,0.12318
0.10292,0.19714,0.26724,0.11568,0.086563,0.092552,0.16552,0.14828
0.090938,0.15937,0.24615,0.11786,0.067448,0.080677,0.16375,0.12089
0.09151,0.13359,0.21844,0.11557,0.083594,0.061771,0.13771,0.1175
0.1987,0.15958,0.21833,0.091875,0.066875,0.076563,0.11677,0.12099
0.11146,0.21557,0.23615,0.17672,0.08724,0.08724,0.20464,0.14302
0.24432,0.16354,0.26771,0.13422,0.081927,0.086354,0.16682,0.12979
0.071563,0.13604,0.245,0.11682,0.067292,0.082812,0.16328,0.10453
0.073958,0.099844,0.22583,0.097396,0.065469,0.088073,0.18859,0.11031
0.13781,0.11865,0.22094,0.10547,0.077552,0.089271,0.15432,0.088542
0.082292,0.14495,0.2687,0.14594,0.082135,0.085312,0.20646,0.17682
0.21839,0.11495,0.18589,0.10531,0.077292,0.082031,0.16021,0.11714
0.34156,0.1213,0.24229,0.10661,0.06401,0.079896,0.16797,0.10276
0.29464,0.10609,0.21797,0.13688,0.093125,0.0925,0.22349,0.13781
0.096406,0.1187,0.23063,0.13792,0.088438,0.084427,0.17089,0.14422
0.090938,0.12729,0.22026,0.1162,0.10187,0.062865,0.1201,0.081615
0.091719,0.14224,0.28229,0.11635,0.087604,0.062031,0.13604,0.10714
0.1026,0.15151,0.24281,0.17865,0.12432,0.082448,0.18068,0.15922
0.085,0.12589,0.25104,0.1476,0.11245,0.089167,0.16901,0.11984
0.10719,0.1338,0.22156,0.15182,0.099323,0.072031,0.15995,0.14464
0.097083,0.14182,0.27078,0.22323,0.13016,0.093021,0.20349,0.14422
0.08599,0.12422,0.27276,0.15391,0.093906,0.082187,0.16521,0.10255
0.12104,0.1824,0.31823,0.24406,0.16187,0.099427,0.20307,0.16115
0.10396,0.18219,0.24563,0.19693,0.14563,0.081823,0.19073,0.13745
0.095937,0.14651,0.29281,0.17078,0.11354,0.083021,0.18563,0.12922
0.10224,0.13516,0.27266,0.18828,0.10344,0.080156,0.18484,0.13255
0.10714,0.16896,0.27297,0.20318,0.1375,0.090313,0.21266,0.13359
0.078802,0.11255,0.22208,0.16344,0.099479,0.051927,0.17365,0.094792
0.064896,0.10807,0.24719,0.1938,0.092813,0.057292,0.18052,0.1062
0.11917,0.15323,0.30052,0.16688,0.098385,0.085104,0.17307,0.12516
0.067448,0.088594,0.2151,0.15266,0.093854,0.049167,0.13917,0.083698
0.096354,0.17182,0.2463,0.18823,0.097708,0.064531,0.16969,0.14615
0.10469,0.15479,0.33641,0.1975,0.11682,0.069479,0.21271,0.14865
0.10208,0.12292,0.25068,0.15984,0.090469,0.058854,0.16224,0.07974
0.075938,0.13385,0.19354,0.13807,0.087865,0.056406,0.16599,0.11427
0.077083,0.12557,0.20885,0.13547,0.105,0.10932,0.12677,0.064323
0.065365,0.09,0.091406,0.080469,0.06875,0.11568,0.11953,0.046042
0.082187,0.11969,0.15469,0.13427,0.085885,0.10901,0.13526,0.074583
0.078333,0.15208,0.19547,0.16635,0.093438,0.13458,0.1451,0.072083
0.065781,0.1088,0.13432,0.11917,0.08651,0.070052,0.093438,0.038646
0.045885,0.079427,0.15615,0.10724,0.068229,0.088646,0.11578,0.038542
0.03776,0.073906,0.099323,0.10583,0.065417,0.07599,0.09099,0.051354
0.058125,0.10177,0.14714,0.14427,0.082917,0.10182,0.098073,0.044062
0.035833,0.070573,0.087135,0.10589,0.064427,0.052083,0.066094,0.037708
0.045625,0.07151,0.12823,0.11958,0.071719,0.04599,0.071615,0.03901
0.053021,0.072344,0.098281,0.14688,0.09401,0.099427,0.091146,0.043594
0.043021,0.071823,0.10031,0.13198,0.081406,0.087708,0.10823,0.037917
0.037708,0.057656,0.10969,0.105,0.062292,0.051042,0.0675,0.032031
0.04401,0.077969,0.10729,0.11745,0.064844,0.049844,0.057083,0.032969
0.040729,0.06151,0.10552,0.13656,0.071979,0.048281,0.071667,0.033333
0.047969,0.073594,0.10297,0.1238,0.061927,0.061406,0.068437,0.043229
0.057604,0.097083,0.1151,0.1012,0.06625,0.059635,0.069375,0.031458
0.04474,0.080781,0.099219,0.14276,0.079219,0.05974,0.078385,0.037552
0.04026,0.067292,0.12594,0.14021,0.07599,0.10057,0.10396,0.041823
0.036042,0.051302,0.085208,0.10099,0.067448,0.055677,0.064583,0.03276
0.044062,0.061146,0.10599,0.09349,0.06625,0.053073,0.064635,0.036771
0.056354,0.11479,0.17078,0.14615,0.082865,0.091771,0.11047,0.045885
0.04276,0.057917,0.14016,0.11667,0.074219,0.07224,0.066146,0.034375
0.089479,0.20443,0.29896,0.20073,0.15042,0.11292,0.12562,0.15208
0.11594,0.20521,0.34682,0.23521,0.20031,0.15203,0.1551,0.16818
0.091615,0.21349,0.31469,0.20755,0.16328,0.11391,0.14917,0.14297
0.10443,0.20875,0.32057,0.19604,0.18969,0.14339,0.16943,0.16328
0.11516,0.22661,0.31021,0.2413,0.18005,0.10276,0.15422,0.19344
0.067917,0.14932,0.27401,0.16755,0.15672,0.091198,0.11979,0.15526
0.11047,0.22516,0.32557,0.20927,0.16875,0.13604,0.16281,0.10646
0.098125,0.20073,0.3488,0.25073,0.17328,0.12589,0.16016,0.12318
0.080208,0.15073,0.23833,0.18307,0.12573,0.091771,0.14115,0.1163
0.050677,0.12302,0.21401,0.13917,0.12292,0.10146,0.12401,0.084427
0.060417,0.1249,0.23271,0.15016,0.12792,0.11365,0.13568,0.096458
0.074271,0.14536,0.27875,0.15911,0.14,0.09099,0.16458,0.11776
0.056615,0.1337,0.23391,0.17766,0.15026,0.099271,0.12344,0.10724
0.06974,0.16964,0.26266,0.19323,0.16208,0.10297,0.16187,0.12448
0.072708,0.15255,0.27375,0.14302,0.13302,0.10401,0.16359,0.11693
0.058958,0.10391,0.20068,0.17979,0.1274,0.10448,0.15557,0.11901
0.061615,0.094687,0.22583,0.13255,0.10224,0.073021,0.1225,0.09724
0.049688,0.13245,0.23057,0.14422,0.095729,0.080052,0.11203,0.10255
0.051615,0.1026,0.20849,0.13052,0.11068,0.083854,0.1038,0.073698
0.265,0.32719,0.16219,0.079167,0.12464,0.095312,0.077448,0.091302
0.25708,0.25943,0.29073,0.08625,0.15734,0.11818,0.13135,0.10563
0.32885,0.23755,0.1674,0.06974,0.12307,0.094271,0.074323,0.086927
0.18797,0.29646,0.1226,0.059271,0.13198,0.097031,0.079062,0.086719
0.20411,0.245,0.16161,0.070417,0.11974,0.09151,0.074948,0.084687
0.19214,0.2462,0.18469,0.061562,0.10625,0.082917,0.076615,0.083021
0.21057,0.21203,0.15812,0.073594,0.10604,0.076146,0.059115,0.066406
0.2276,0.21073,0.17563,0.056354,0.096198,0.074323,0.052865,0.066615
0.13219,0.1701,0.11859,0.051302,0.087917,0.063542,0.041042,0.060104
0.14005,0.15422,0.12531,0.043281,0.068906,0.055208,0.045937,0.05
0.1274,0.185,0.18406,0.043906,0.080469,0.061771,0.046094,0.073021
0.23833,0.25568,0.15719,0.04776,0.051927,0.039323,0.040156,0.058177
0.31156,0.30229,0.21063,0.053229,0.065729,0.067448,0.084583,0.080469
0.34115,0.2913,0.27849,0.052396,0.078854,0.059687,0.051146,0.096615
0.21302,0.2562,0.18083,0.048958,0.056979,0.05125,0.062188,0.061406
0.1563,0.19969,0.1901,0.042708,0.042083,0.039479,0.033177,0.058073
0.15089,0.16943,0.13901,0.045156,0.04651,0.095365,0.032031,0.036875
0.11641,0.16229,0.10521,0.036979,0.043281,0.036667,0.031615,0.040365
0.23052,0.21359,0.18703,0.060781,0.05625,0.053854,0.039167,0.070677
0.13885,0.20536,0.23849,0.061771,0.06625,0.050573,0.043437,0.048542
0.15125,0.31016,0.22781,0.08474,0.12135,0.17323,0.1437,0.088906
0.18526,0.39609,0.24635,0.084635,0.081458,0.12906,0.086875,0.092813
0.19193,0.54005,0.34698,0.088333,0.1049,0.12125,0.088385,0.086823
0.21833,0.42964,0.32625,0.11922,0.11948,0.15547,0.46318,0.086927
0.18583,0.29089,0.31062,0.1001,0.10776,0.21068,0.11682,0.079844
0.15609,0.32531,0.3876,0.091563,0.12068,0.16167,0.17688,0.083854
0.19516,0.45516,0.3012,0.08474,0.096927,0.19214,0.11313,0.07276
0.15349,0.34443,0.36448,0.086406,0.090885,0.14083,0.14547,0.064271
0.15875,0.46995,0.27307,0.13776,0.097969,0.20068,0.10557,0.069427
0.16328,0.44161,0.24969,0.070781,0.080104,0.13125,0.096771,0.073177
0.19656,0.40203,0.31849,0.070833,0.10531,0.17016,0.11026,0.07901
0.19484,0.49458,0.47641,0.11193,0.096198,0.28422,0.12708,0.071979
0.19573,0.51422,0.34693,0.10422,0.105,0.20901,0.12932,0.095833
0.21339,0.49724,0.40552,0.11094,0.1051,0.1974,0.14089,0.15068
0.18609,0.50979,0.34292,0.13161,0.10141,0.24385,0.16984,0.080625
0.19312,0.52771,0.36771,0.10333,0.10646,0.17542,0.24849,0.091354
0.20036,0.60995,0.39891,0.17177,0.093333,0.23125,0.13318,0.082187
0.19354,0.45766,0.25182,0.10875,0.10172,0.14964,0.14104,0.073021
0.15672,0.40167,0.37625,0.14021,0.087813,0.17359,0.094531,0.072292
0.21745,0.45172,0.33937,0.13266,0.12047,0.22792,0.1576,0.088073
0.14417,0.2001,0.30245,0.075104,0.11682,0.091406,0.092917,0.086354
0.25812,0.28063,0.24099,0.071719,0.099479,0.082812,0.073646,0.11875
0.25562,0.26552,0.2275,0.073646,0.1037,0.094844,0.081198,0.11714
0.23323,0.24656,0.23443,0.06026,0.10786,0.12828,0.078594,0.11281
0.26552,0.30078,0.29745,0.072083,0.11313,0.10969,0.090729,0.10661
0.23615,0.2463,0.22583,0.080052,0.13083,0.12177,0.10979,0.10917
0.23422,0.28052,0.28568,0.080729,0.10922,0.096198,0.084687,0.10417
0.30266,0.33953,0.31266,0.091458,0.12865,0.11208,0.097396,0.11578
0.23729,0.31542,0.32365,0.070885,0.081667,0.065521,0.056823,0.11786
0.22458,0.39375,0.38411,0.10896,0.12719,0.11901,0.088594,0.099948
0.25281,0.32703,0.36927,0.073177,0.076198,0.06625,0.066562,0.10964
0.2599,0.31505,0.28714,0.090885,0.11141,0.096875,0.079531,0.11599
0.23438,0.33177,0.26594,0.088021,0.12089,0.11448,0.10099,0.1251
0.23802,0.36365,0.30578,0.087708,0.1025,0.091302,0.075625,0.099948
0.25115,0.31656,0.37562,0.084271,0.11375,0.13177,0.096927,0.11182
0.25484,0.31781,0.33151,0.096562,0.10031,0.089531,0.078229,0.11375
0.28865,0.34964,0.30432,0.097187,0.10635,0.20318,0.088281,0.12432
0.28281,0.33172,0.40297,0.091979,0.11703,0.67115,0.27187,0.10385
0.27469,0.37396,0.33276,0.088854,0.09125,0.12182,0.074844,0.12729
0.30047,0.37667,0.34948,0.098958,0.11193,0.098021,0.090417,0.12224
0.1087,0.22625,0.24807,0.15786,0.088125,0.22615,0.10323,0.069323
0.094792,0.13526,0.20688,0.11104,0.072292,0.15078,0.22318,0.076719
0.13391,0.24063,0.23245,0.11891,0.08526,0.21984,0.11521,0.086094
0.1126,0.27094,0.34396,0.1963,0.098125,0.32969,0.11318,0.072865
0.11766,0.18266,0.27995,0.10167,0.075729,0.15536,0.10156,0.076875
0.12474,0.19599,0.26651,0.11891,0.086563,0.15083,0.10953,0.074063
0.089479,0.13839,0.22099,0.091719,0.066771,0.14984,0.09276,0.073802
0.11615,0.17943,0.24703,0.1612,0.089323,0.16531,0.1188,0.08026
0.071719,0.15411,0.18745,0.072448,0.064531,0.11141,0.077969,0.059583
0.082344,0.20568,0.25609,0.086719,0.066875,0.14177,0.073854,0.08474
0.072917,0.13469,0.21318,0.061667,0.063021,0.12984,0.086927,0.049792
0.079635,0.12953,0.18688,0.065312,0.067396,0.12453,0.089948,0.057708
0.065156,0.19562,0.24068,0.061771,0.052917,0.12812,0.07625,0.043646
0.086458,0.15604,0.22375,0.06026,0.061615,0.12333,0.076563,0.066458
0.081615,0.15687,0.21536,0.096302,0.070104,0.13833,0.23109,0.05901
0.065781,0.18266,0.23203,0.070417,0.062604,0.17828,0.086094,0.044687
0.11245,0.28964,0.21698,0.10797,0.060625,0.13563,0.11693,0.080781
0.080625,0.22026,0.30818,0.1251,0.07099,0.13615,0.075208,0.074635
0.097135,0.1349,0.26484,0.081979,0.062708,0.13667,0.077917,0.068385
0.084687,0.13172,0.27979,0.076615,0.070313,0.14578,0.091354,0.062812
