0.074323,0.11297,0.21297,0.050417,0.039271,0.047031,0.05099,0.036354
0.084427,0.064271,0.064375,0.053802,0.036771,0.044271,0.045521,0.037448
0.087448,0.0775,0.15547,0.0525,0.043021,0.06,0.056979,0.049792
0.074115,0.07526,0.091667,0.057656,0.041719,0.061667,0.061354,0.045312
0.076979,0.082083,0.099375,0.093594,0.038698,0.049375,0.044375,0.039167
0.076719,0.069687,0.074635,0.073177,0.039167,0.050052,0.057604,0.044323
0.090208,0.10135,0.091615,0.076927,0.040885,0.04901,0.052656,0.040521
0.075052,0.073333,0.063958,0.064219,0.039219,0.042656,0.048542,0.038385
0.096042,0.077813,0.07776,0.085573,0.035469,0.037344,0.039375,0.038698
0.066927,0.068437,0.075417,0.073073,0.035365,0.042292,0.051146,0.04375
0.070208,0.065104,0.085573,0.059167,0.036823,0.046719,0.049844,0.040938
0.0925,0.075729,0.083854,0.05474,0.041615,0.052396,0.054844,0.044635
0.062917,0.075156,0.087083,0.063594,0.0375,0.047188,0.05026,0.041198
0.084479,0.075,0.056354,0.055469,0.039479,0.043021,0.041094,0.035729
0.073958,0.060052,0.075885,0.06224,0.034896,0.042031,0.037396,0.032292
0.073646,0.05151,0.087188,0.060365,0.034948,0.043594,0.041719,0.034896
0.084271,0.074583,0.10396,0.066302,0.03276,0.035521,0.034427,0.033438
0.08974,0.079167,0.066146,0.062083,0.04526,0.06599,0.064323,0.046875
0.10625,0.096302,0.07401,0.063385,0.037448,0.043229,0.044896,0.039896
0.11823,0.085677,0.0925,0.070052,0.038906,0.04901,0.049271,0.046771
0.10401,0.073958,0.070729,0.054271,0.034688,0.03875,0.043854,0.039115
0.093021,0.098333,0.10422,0.067031,0.043177,0.055885,0.058698,0.040781
0.10797,0.085521,0.089792,0.066354,0.036146,0.036198,0.038073,0.034427
0.075781,0.063646,0.078177,0.058906,0.034115,0.04349,0.043802,0.03974
0.069792,0.074688,0.13896,0.088333,0.038281,0.044167,0.04474,0.039896
0.12552,0.09651,0.11521,0.082969,0.041823,0.04651,0.044948,0.039583
0.094479,0.069271,0.088021,0.073021,0.033906,0.049115,0.046823,0.037448
0.092344,0.075052,0.081094,0.066771,0.035833,0.035677,0.037969,0.033542
0.078281,0.079115,0.10547,0.086563,0.04099,0.052396,0.04,0.032969
0.10724,0.10667,0.13286,0.068958,0.034323,0.050781,0.057969,0.04349
0.09125,0.070208,0.089844,0.069948,0.037396,0.058021,0.05526,0.044844
0.099896,0.085625,0.14224,0.09474,0.043698,0.05875,0.059583,0.04401
0.12922,0.15219,0.13432,0.075833,0.037812,0.047917,0.047813,0.043229
0.097083,0.08474,0.10594,0.060781,0.036615,0.043281,0.041354,0.032344
0.12286,0.115,0.13422,0.075781,0.036719,0.0425,0.044531,0.038802
0.11797,0.10979,0.1026,0.072031,0.045312,0.04625,0.041719,0.040052
0.11969,0.10047,0.14911,0.077917,0.03974,0.042344,0.03875,0.037604
0.10781,0.092604,0.13,0.070469,0.042604,0.057396,0.06401,0.051719
0.10167,0.10068,0.14552,0.077865,0.035833,0.035104,0.044583,0.04026
0.10745,0.092917,0.12589,0.062292,0.038281,0.053906,0.049063,0.045208
0.1163,0.11052,0.14604,0.080208,0.041198,0.051458,0.055313,0.054219
0.10609,0.090052,0.1274,0.080885,0.040469,0.050625,0.052812,0.046719
0.11729,0.099531,0.13057,0.07099,0.041354,0.048177,0.048125,0.044896
0.10974,0.0975,0.12474,0.10474,0.04,0.050625,0.053021,0.040052
0.095729,0.074844,0.1063,0.065417,0.033958,0.035104,0.040052,0.035625
0.08875,0.072448,0.11615,0.066094,0.032344,0.03474,0.038594,0.032969
0.089115,0.089479,0.13651,0.080937,0.043177,0.050052,0.054167,0.048698
0.10828,0.096823,0.17109,0.070417,0.036094,0.051146,0.051615,0.046875
0.082917,0.069792,0.10573,0.069219,0.032969,0.039167,0.040521,0.037135
0.10016,0.087708,0.16776,0.083906,0.035729,0.044323,0.041198,0.037917
0.10167,0.089271,0.15943,0.059271,0.035417,0.048854,0.047708,0.036667
0.12953,0.11302,0.16734,0.069062,0.039792,0.040677,0.041302,0.035677
0.11469,0.10729,0.14021,0.075417,0.041458,0.056615,0.050208,0.039479
0.093333,0.073854,0.11776,0.056927,0.033281,0.036406,0.043125,0.032083
0.10094,0.097708,0.11766,0.083646,0.034792,0.049583,0.052604,0.039688
0.1076,0.085104,0.1751,0.08224,0.03849,0.03651,0.041146,0.037604
0.10995,0.10995,0.12344,0.07599,0.033542,0.048854,0.047135,0.034479
0.11844,0.09526,0.15698,0.075104,0.03474,0.038854,0.036875,0.038906
0.097865,0.10495,0.1326,0.083854,0.047344,0.046094,0.044583,0.036875
0.12828,0.093698,0.15203,0.082187,0.037656,0.047396,0.045312,0.039323
0.10198,0.12042,0.20146,0.096198,0.036667,0.045521,0.045312,0.040573
0.10979,0.11495,0.17313,0.082031,0.041094,0.05276,0.063542,0.043281
0.12937,0.10906,0.12859,0.082969,0.035208,0.046823,0.05224,0.054375
0.087656,0.098385,0.10813,0.063177,0.039479,0.050729,0.050937,0.042604
0.12047,0.12484,0.1188,0.066458,0.039479,0.043073,0.046667,0.044531
0.082812,0.094271,0.1325,0.06,0.038437,0.047708,0.04901,0.037396
0.12557,0.12411,0.098125,0.071458,0.038281,0.051771,0.052552,0.04875
0.095312,0.10745,0.14604,0.064896,0.034583,0.046875,0.049479,0.039375
0.11276,0.11318,0.15865,0.068958,0.039479,0.042813,0.046198,0.037031
0.12427,0.10656,0.19443,0.06849,0.035469,0.048021,0.050937,0.04
0.10031,0.10068,0.15052,0.071667,0.035677,0.0425,0.041094,0.03651
0.10458,0.11286,0.13724,0.079635,0.039219,0.04724,0.048021,0.040885
0.11719,0.14297,0.15271,0.07401,0.041615,0.057448,0.051042,0.048698
0.098281,0.11458,0.13661,0.066615,0.041302,0.037604,0.043177,0.034583
0.11016,0.15161,0.15547,0.07875,0.040417,0.044687,0.048854,0.041094
0.084167,0.11385,0.17276,0.075625,0.038802,0.057917,0.050833,0.039323
0.10875,0.13906,0.16609,0.07026,0.033385,0.049375,0.045937,0.03599
0.12458,0.13786,0.14552,0.090313,0.035104,0.041354,0.048281,0.040573
0.13271,0.15401,0.14849,0.086875,0.039531,0.048542,0.047708,0.048125
0.1287,0.15422,0.26573,0.076302,0.040208,0.054219,0.051146,0.042552
0.11146,0.11995,0.16469,0.075677,0.039219,0.048854,0.047604,0.040885
0.10141,0.19078,0.13807,0.074115,0.04526,0.052135,0.052292,0.039479
0.11771,0.16115,0.14698,0.10839,0.03776,0.041563,0.044687,0.034896
0.10464,0.13292,0.12745,0.085104,0.046563,0.058594,0.055104,0.044323
0.09724,0.11969,0.13,0.070833,0.040781,0.045677,0.051562,0.039688
0.13417,0.12646,0.15734,0.077708,0.035417,0.038177,0.044219,0.043385
0.11432,0.083333,0.12562,0.085417,0.038073,0.039896,0.045104,0.033646
0.105,0.10703,0.1424,0.077292,0.042604,0.042708,0.041667,0.034427
0.096823,0.16031,0.1538,0.069948,0.045312,0.059062,0.059583,0.040156
0.11891,0.16089,0.14969,0.088385,0.039583,0.049271,0.064427,0.048438
0.12458,0.34594,0.15083,0.095937,0.045885,0.054479,0.057188,0.051823
0.12797,0.21698,0.1425,0.076354,0.035104,0.041875,0.043542,0.035521
0.12667,0.11604,0.15052,0.074896,0.041823,0.047813,0.055573,0.045104
0.10427,0.10406,0.12276,0.074844,0.039792,0.044062,0.041094,0.032865
0.093958,0.10469,0.11208,0.084167,0.035521,0.038594,0.037969,0.034531
0.15802,0.11208,0.10693,0.06724,0.044635,0.056875,0.049479,0.044323
0.13995,0.083021,0.075833,0.050104,0.032865,0.053281,0.045365,0.042188
0.096667,0.068385,0.083385,0.048906,0.043437,0.0625,0.064115,0.048542
0.10932,0.084635,0.079844,0.060885,0.04099,0.053021,0.054219,0.047083
0.13656,0.076615,0.096302,0.056406,0.037448,0.055052,0.051771,0.0425
0.06401,0.060781,0.070052,0.056667,0.041667,0.056667,0.048958,0.042604
0.097865,0.070573,0.070156,0.047969,0.042083,0.057552,0.04724,0.044062
0.12422,0.085885,0.10911,0.053333,0.042865,0.053594,0.050625,0.047135
0.11594,0.088698,0.10734,0.049479,0.038385,0.059896,0.052708,0.042396
0.10781,0.088021,0.11823,0.055104,0.04,0.045729,0.053281,0.038646
0.12016,0.075208,0.11854,0.06599,0.041458,0.049115,0.051823,0.039167
0.12734,0.083073,0.097448,0.054792,0.037083,0.060469,0.065208,0.044948
0.11771,0.090156,0.11557,0.051823,0.036458,0.057135,0.056927,0.043177
0.15234,0.11047,0.13135,0.04974,0.045469,0.052031,0.052969,0.041823
0.12365,0.079219,0.11802,0.066667,0.042031,0.063073,0.062917,0.044219
0.16167,0.10432,0.10953,0.055208,0.034115,0.048542,0.051354,0.040104
0.13005,0.092813,0.13766,0.072292,0.030885,0.048698,0.048229,0.037135
0.15021,0.09901,0.15927,0.080469,0.042135,0.049844,0.051771,0.044323
0.14188,0.10776,0.17922,0.075573,0.041198,0.042292,0.043594,0.042135
0.13641,0.096146,0.14542,0.075469,0.033958,0.044948,0.04849,0.03625
0.12104,0.078542,0.22109,0.078542,0.032135,0.040833,0.046823,0.038802
0.12469,0.087604,0.17505,0.081094,0.03625,0.052917,0.052865,0.04526
0.14359,0.095417,0.13349,0.069844,0.037292,0.047969,0.04651,0.040208
0.11885,0.090625,0.11646,0.076667,0.033438,0.048281,0.047292,0.037552
0.13219,0.10281,0.14734,0.075052,0.033229,0.050729,0.048594,0.037031
0.15479,0.10766,0.16349,0.073229,0.038125,0.055573,0.058073,0.043437
0.16948,0.11906,0.14484,0.060833,0.033021,0.04875,0.051354,0.045104
0.16729,0.11219,0.19839,0.060833,0.041927,0.063698,0.059948,0.050313
0.21031,0.13219,0.14063,0.063177,0.036094,0.042865,0.048177,0.040938
0.14984,0.10516,0.15214,0.045625,0.035104,0.06474,0.066302,0.049323
0.1424,0.11391,0.11516,0.056146,0.035625,0.042708,0.04349,0.03901
0.19042,0.14073,0.16005,0.066875,0.043177,0.076615,0.072552,0.057969
0.13661,0.10104,0.1362,0.052552,0.03625,0.053229,0.054844,0.04401
0.14943,0.096719,0.13745,0.062188,0.035417,0.054375,0.059375,0.048333
0.13516,0.11849,0.16698,0.062708,0.04026,0.054427,0.053594,0.049323
0.14422,0.10036,0.20516,0.067865,0.030417,0.050365,0.049844,0.042396
0.18479,0.14677,0.20146,0.068021,0.036302,0.046875,0.052656,0.04599
0.14568,0.12745,0.14531,0.064167,0.040521,0.049531,0.050104,0.038802
0.14802,0.12703,0.22495,0.05974,0.043281,0.061094,0.061198,0.047552
0.13635,0.12141,0.17052,0.060469,0.043698,0.063802,0.07625,0.049688
0.16943,0.14552,0.14906,0.070208,0.037448,0.052656,0.056563,0.043802
0.16854,0.13271,0.14786,0.067292,0.03901,0.049792,0.05901,0.04276
0.15833,0.11703,0.14422,0.064115,0.03125,0.046823,0.04849,0.039271
0.17156,0.11964,0.1774,0.069427,0.037969,0.068125,0.0675,0.04724
0.14661,0.11385,0.14667,0.060625,0.037292,0.066302,0.074271,0.055677
0.20615,0.15474,0.16203,0.065625,0.037708,0.067708,0.071615,0.049844
0.19521,0.15026,0.17495,0.078594,0.040052,0.068594,0.082552,0.047344
0.1599,0.12615,0.17495,0.075156,0.038542,0.051667,0.052344,0.039844
0.1288,0.13516,0.16552,0.060885,0.037552,0.051406,0.058438,0.043333
0.18042,0.12479,0.17224,0.063437,0.036719,0.05224,0.064531,0.041615
0.16542,0.11349,0.21578,0.068229,0.038229,0.058802,0.058021,0.040104
0.15036,0.13318,0.18099,0.081771,0.032031,0.053177,0.049948,0.046146
0.14219,0.11031,0.195,0.060937,0.033385,0.049688,0.060625,0.045365
0.12583,0.11135,0.19365,0.06974,0.041094,0.050885,0.056042,0.035677
0.14391,0.10297,0.1924,0.068958,0.035729,0.061458,0.071979,0.049635
0.16453,0.1151,0.16172,0.068437,0.040469,0.053333,0.061615,0.041354
0.10953,0.091406,0.18224,0.070625,0.035469,0.057188,0.06026,0.036615
0.11953,0.078021,0.17375,0.05375,0.032865,0.047656,0.056927,0.043437
0.16469,0.15469,0.22917,0.078698,0.040625,0.076875,0.095833,0.064635
0.15505,0.11484,0.1674,0.072031,0.03526,0.041719,0.045156,0.035469
0.16042,0.11042,0.15203,0.065625,0.039219,0.048802,0.052187,0.044531
0.165,0.1025,0.17453,0.069219,0.041979,0.060312,0.061094,0.045677
0.13911,0.080104,0.15937,0.049792,0.032813,0.043958,0.047604,0.035365
0.11271,0.084271,0.14927,0.061823,0.039792,0.054531,0.060052,0.038854
0.19276,0.12818,0.23938,0.080729,0.038437,0.060833,0.068854,0.048958
0.12599,0.13964,0.21219,0.075469,0.034635,0.059323,0.066198,0.043802
0.16036,0.11234,0.19844,0.077135,0.045208,0.070938,0.073906,0.045469
0.14714,0.11844,0.19182,0.069583,0.036406,0.048125,0.054635,0.038594
0.17714,0.16073,0.22401,0.07901,0.040417,0.062083,0.067969,0.047188
0.16083,0.13271,0.20932,0.087188,0.045104,0.056719,0.068542,0.044948
0.23349,0.16818,0.2788,0.1025,0.04776,0.054583,0.044687,0.047083
0.1775,0.10646,0.26771,0.07526,0.04026,0.049323,0.052187,0.039792
0.16661,0.19068,0.2275,0.079427,0.039427,0.054167,0.050521,0.043854
0.15911,0.09526,0.2125,0.088281,0.044427,0.050156,0.04974,0.043958
0.18688,0.1101,0.21292,0.080312,0.04401,0.058385,0.058906,0.048542
0.16089,0.11839,0.18734,0.072969,0.032344,0.054323,0.056302,0.045156
0.17094,0.13021,0.2199,0.077917,0.03849,0.054688,0.048073,0.037552
0.13568,0.10823,0.17292,0.071094,0.037396,0.055052,0.057396,0.048802
0.18255,0.094792,0.20089,0.079479,0.04125,0.049948,0.047552,0.041354
0.16005,0.11875,0.20474,0.058542,0.034479,0.047813,0.053958,0.041979
0.1399,0.12234,0.20672,0.078542,0.032604,0.04401,0.039792,0.038281
0.13698,0.099479,0.17448,0.08599,0.038646,0.042188,0.039063,0.035469
0.15255,0.086615,0.24583,0.062396,0.037917,0.055,0.056979,0.050885
0.15698,0.10786,0.24526,0.079323,0.040208,0.049583,0.045417,0.043229
0.1674,0.096302,0.20214,0.07474,0.040156,0.049635,0.054531,0.048177
0.14995,0.10312,0.19604,0.079792,0.040781,0.055365,0.050104,0.045625
0.1425,0.10198,0.20807,0.094479,0.041354,0.049323,0.047083,0.042917
0.14359,0.088698,0.21724,0.078333,0.035937,0.05375,0.04776,0.038385
0.14651,0.10078,0.20208,0.070938,0.039948,0.045833,0.040885,0.037865
0.17927,0.11323,0.22703,0.062135,0.03974,0.054792,0.048854,0.040573
0.13411,0.11313,0.19224,0.080156,0.038646,0.039948,0.039688,0.040938
0.12562,0.10302,0.18771,0.075781,0.036562,0.04724,0.045781,0.041146
0.16406,0.092083,0.23776,0.080052,0.036562,0.047813,0.045156,0.044844
0.14182,0.10016,0.20948,0.075469,0.036042,0.043437,0.044219,0.036875
0.14906,0.11943,0.21969,0.081302,0.035885,0.046354,0.047135,0.037969
0.13026,0.11766,0.20406,0.076927,0.037135,0.043958,0.052292,0.038385
0.14146,0.10953,0.2238,0.08375,0.036615,0.047604,0.039479,0.038854
0.12005,0.11177,0.22687,0.079115,0.045885,0.049323,0.058021,0.042031
0.1437,0.09724,0.2663,0.074688,0.038802,0.053437,0.05026,0.046302
0.068698,0.20182,0.050625,0.040625,0.044948,0.10109,0.059323,0.051719
0.1162,0.13938,0.044427,0.03625,0.049531,0.11359,0.055,0.057031
0.079479,0.042604,0.036771,0.03401,0.041094,0.091458,0.067031,0.049583
0.10208,0.078229,0.045365,0.035521,0.042552,0.11224,0.058125,0.049688
0.052917,0.044323,0.035833,0.035104,0.042604,0.1174,0.064531,0.053281
0.070938,0.053281,0.044948,0.042396,0.039896,0.087813,0.056094,0.054844
0.055521,0.11016,0.039167,0.037448,0.038177,0.071458,0.044635,0.040417
0.089844,0.075833,0.039323,0.0325,0.038281,0.089583,0.0575,0.046979
0.053125,0.054844,0.033385,0.036354,0.036354,0.1113,0.056458,0.047083
0.058229,0.075365,0.04,0.032188,0.039688,0.073958,0.040156,0.041615
0.04651,0.049115,0.036562,0.031302,0.040417,0.081927,0.05125,0.040573
0.054062,0.044271,0.034792,0.034427,0.034063,0.072708,0.042552,0.04026
0.11083,0.053698,0.036094,0.028854,0.034479,0.080469,0.042917,0.04401
0.056354,0.040417,0.036302,0.035156,0.034115,0.069844,0.044115,0.039375
0.086823,0.047083,0.040573,0.035677,0.035833,0.087396,0.05125,0.041563
0.086927,0.036354,0.03474,0.036615,0.039323,0.11021,0.055625,0.048646
0.079062,0.049167,0.045729,0.040729,0.043854,0.090052,0.06099,0.053958
0.047552,0.032865,0.041875,0.034271,0.042813,0.078281,0.047813,0.046354
0.047031,0.032188,0.035,0.03276,0.039427,0.12063,0.054688,0.045625
0.078229,0.041719,0.037448,0.03125,0.035052,0.073542,0.041771,0.03849
0.10818,0.06599,0.047135,0.039167,0.046875,0.12401,0.071927,0.058177
0.068281,0.041927,0.041198,0.034375,0.032448,0.079531,0.046094,0.038437
0.052656,0.037969,0.034896,0.036302,0.035677,0.082656,0.052083,0.04375
0.046146,0.041354,0.03724,0.029219,0.038854,0.097396,0.051667,0.040052
0.08125,0.052448,0.046406,0.043542,0.044323,0.10339,0.059479,0.053802
0.062396,0.057188,0.035,0.030938,0.032448,0.068698,0.045521,0.036198
0.093594,0.045625,0.038698,0.039792,0.043177,0.095,0.05125,0.046406
0.065417,0.038177,0.039063,0.034063,0.03474,0.084167,0.049531,0.04125
0.060677,0.039583,0.03974,0.031615,0.039583,0.092083,0.051875,0.040469
0.040208,0.030677,0.034531,0.031458,0.031354,0.057031,0.035573,0.032292
0.080937,0.039479,0.037969,0.031615,0.031094,0.063594,0.050937,0.037812
0.082969,0.037396,0.038698,0.029687,0.037917,0.082396,0.04651,0.045052
0.05151,0.034479,0.030052,0.029427,0.032031,0.070938,0.041771,0.036354
0.060469,0.038177,0.035833,0.030104,0.029792,0.054062,0.034167,0.034844
0.08901,0.04224,0.034948,0.033594,0.03599,0.073438,0.044792,0.039479
0.076198,0.034375,0.033125,0.026771,0.031771,0.063229,0.046094,0.050104
0.052917,0.03026,0.033281,0.031302,0.034531,0.071615,0.045,0.042552
0.049531,0.05276,0.035521,0.024635,0.031042,0.065573,0.038958,0.03099
0.072708,0.037083,0.031667,0.031667,0.029219,0.05724,0.039219,0.031927
0.13458,0.045417,0.039271,0.0325,0.03599,0.073854,0.05224,0.046042
0.059844,0.03349,0.037552,0.029531,0.034479,0.066771,0.046094,0.038229
0.064583,0.036406,0.03474,0.030521,0.034427,0.073073,0.041198,0.037187
0.088594,0.043333,0.036458,0.028385,0.036458,0.052812,0.041042,0.048906
0.051771,0.038437,0.03651,0.035,0.049635,0.12698,0.077656,0.054688
0.07349,0.035885,0.032552,0.033958,0.035,0.057604,0.037656,0.03526
0.07151,0.039948,0.029635,0.029323,0.03125,0.073021,0.037604,0.041302
0.069219,0.042552,0.037187,0.031927,0.038125,0.073542,0.04401,0.034531
0.092031,0.046302,0.039844,0.029115,0.034896,0.093802,0.054427,0.064115
0.075729,0.084271,0.037083,0.030781,0.034375,0.079062,0.063385,0.064635
0.07,0.078125,0.034948,0.032813,0.033802,0.14547,0.1212,0.05
0.058698,0.25776,0.044062,0.030833,0.026979,0.031198,0.062448,0.029271
0.12937,0.042188,0.044323,0.037031,0.047969,0.11089,0.065,0.05625
0.091927,0.0475,0.040729,0.046823,0.054531,0.10823,0.06349,0.055417
0.057188,0.040052,0.043177,0.03375,0.048073,0.12432,0.074792,0.05724
0.064062,0.042344,0.039323,0.038385,0.039531,0.089167,0.051302,0.047031
0.037448,0.034635,0.031354,0.026667,0.031563,0.068021,0.036875,0.030677
0.037187,0.034271,0.033594,0.029583,0.025781,0.073125,0.042604,0.035208
0.041094,0.036094,0.02776,0.032552,0.036927,0.086823,0.045937,0.042604
0.042083,0.039531,0.029531,0.034688,0.032292,0.063646,0.042135,0.039635
0.042865,0.03625,0.03901,0.033646,0.041042,0.09901,0.05026,0.037708
0.045156,0.042083,0.03875,0.036615,0.039375,0.1038,0.053802,0.047135
0.039479,0.035937,0.035625,0.035677,0.044219,0.089688,0.047135,0.039583
0.037865,0.032448,0.028438,0.029687,0.033698,0.071302,0.044687,0.03651
0.040052,0.0325,0.037656,0.035729,0.040833,0.075313,0.048438,0.042396
0.042083,0.031406,0.034323,0.030052,0.042552,0.10724,0.05724,0.046771
0.045833,0.037292,0.034948,0.029115,0.034792,0.092344,0.052604,0.042188
0.040729,0.033854,0.03125,0.030052,0.035365,0.077969,0.04375,0.038281
0.04401,0.034167,0.032552,0.03026,0.038073,0.075573,0.04276,0.043281
0.071823,0.036667,0.035417,0.037865,0.03875,0.094115,0.056667,0.054844
0.038854,0.033958,0.03026,0.03401,0.031302,0.06099,0.041302,0.032135
0.039167,0.03474,0.037135,0.036146,0.0425,0.08099,0.042083,0.040469
0.038906,0.027448,0.032188,0.034271,0.029844,0.064323,0.041927,0.034948
0.039063,0.034063,0.033281,0.031823,0.040625,0.077188,0.040521,0.033698
0.041094,0.041354,0.037344,0.031667,0.030833,0.069167,0.049219,0.042083
0.038646,0.036354,0.035104,0.032552,0.037031,0.064531,0.038542,0.033646
0.042031,0.034115,0.03401,0.034479,0.037656,0.081458,0.045365,0.039271
0.036146,0.029323,0.034375,0.031302,0.027396,0.057552,0.03375,0.036823
0.034271,0.033802,0.032917,0.02974,0.032969,0.054688,0.035156,0.031667
0.033698,0.032292,0.034375,0.0325,0.032188,0.05849,0.036302,0.034844
0.039115,0.033594,0.034427,0.028646,0.035781,0.073229,0.038437,0.034635
0.04099,0.038281,0.036615,0.032344,0.035677,0.059531,0.03401,0.030521
0.034375,0.037604,0.036875,0.031302,0.029167,0.062344,0.036198,0.028854
0.039583,0.034115,0.035,0.031667,0.035104,0.072292,0.044896,0.036615
0.038021,0.032708,0.032917,0.030156,0.034271,0.07125,0.039896,0.034375
0.035781,0.039688,0.033333,0.027188,0.032448,0.056146,0.033125,0.030052
0.044583,0.039896,0.032292,0.027552,0.035729,0.064687,0.04,0.035365
0.04375,0.038646,0.040677,0.024688,0.033438,0.063958,0.044583,0.043177
0.069167,0.037865,0.031198,0.029792,0.031198,0.065365,0.033906,0.031927
0.043437,0.037865,0.034115,0.029115,0.036094,0.075417,0.042344,0.039844
0.034531,0.033542,0.031979,0.029063,0.03526,0.071979,0.035885,0.033385
0.037656,0.041146,0.042292,0.023594,0.032604,0.060833,0.041042,0.034167
0.049323,0.029167,0.036823,0.033438,0.038385,0.06849,0.042292,0.037708
0.034323,0.028906,0.028073,0.026875,0.031823,0.050625,0.032292,0.029531
0.03776,0.031094,0.033698,0.02776,0.034219,0.06099,0.040469,0.034531
0.038958,0.033698,0.02901,0.028333,0.033906,0.05724,0.041927,0.033594
0.037708,0.032083,0.032448,0.033646,0.033333,0.057188,0.036771,0.033385
0.062448,0.032552,0.03651,0.032813,0.041979,0.078125,0.043802,0.035781
0.039688,0.041146,0.038073,0.032448,0.035833,0.070052,0.036719,0.034531
0.10167,0.091875,0.13839,0.051302,0.038854,0.05625,0.054583,0.048438
0.11031,0.12177,0.083594,0.053333,0.036823,0.053385,0.047396,0.040938
0.094115,0.11188,0.14068,0.056979,0.037031,0.048385,0.042344,0.038385
0.094219,0.092448,0.076563,0.051302,0.035729,0.044896,0.037917,0.03651
0.091875,0.084896,0.11151,0.051875,0.039948,0.061406,0.05099,0.035365
0.11385,0.076927,0.068437,0.046927,0.032708,0.04901,0.046042,0.038542
0.10854,0.09625,0.093333,0.044792,0.038958,0.04375,0.041979,0.043594
0.083229,0.12104,0.15068,0.04099,0.039635,0.05401,0.049583,0.044271
0.11464,0.11365,0.073698,0.042031,0.038281,0.055885,0.046823,0.044375
0.094531,0.10036,0.067708,0.040781,0.035365,0.051771,0.047344,0.036771
0.099896,0.1451,0.086667,0.047344,0.039583,0.064375,0.058333,0.044948
0.12292,0.10417,0.0925,0.044427,0.036979,0.057708,0.044219,0.041042
0.13849,0.11083,0.099271,0.04125,0.039271,0.068437,0.091979,0.054635
0.13542,0.12474,0.091823,0.049219,0.036875,0.053073,0.049844,0.038542
0.10943,0.097031,0.085208,0.042031,0.035,0.060365,0.051146,0.040469
0.10646,0.1051,0.093698,0.04276,0.032917,0.05349,0.049479,0.044323
0.092708,0.084948,0.07276,0.045365,0.038854,0.050833,0.046719,0.038437
0.14464,0.094219,0.12141,0.049167,0.039063,0.066771,0.056406,0.053906
0.12703,0.11615,0.18135,0.07875,0.043385,0.051458,0.04349,0.040833
0.10333,0.10198,0.13094,0.045104,0.036094,0.057969,0.052187,0.048646
0.12557,0.11016,0.1324,0.052812,0.036302,0.057448,0.048958,0.040677
0.10047,0.099948,0.15641,0.065885,0.038437,0.055052,0.054219,0.049219
0.12974,0.11484,0.1551,0.069219,0.04276,0.051146,0.043958,0.038229
0.11224,0.10047,0.13437,0.058594,0.038437,0.051302,0.049531,0.042188
0.092135,0.09276,0.13646,0.069427,0.035365,0.046563,0.042083,0.037344
0.14021,0.10099,0.13594,0.063073,0.040625,0.053333,0.050156,0.043229
0.11031,0.10417,0.12812,0.048906,0.03349,0.051406,0.042552,0.038125
0.11615,0.083802,0.1425,0.055,0.031667,0.044531,0.040885,0.034844
0.13484,0.099896,0.12099,0.055625,0.03651,0.049375,0.044635,0.041302
0.11964,0.10276,0.11625,0.056458,0.037396,0.045,0.044427,0.040833
0.11057,0.10547,0.12823,0.055833,0.031927,0.049688,0.043646,0.039792
0.11625,0.090677,0.14229,0.051146,0.036719,0.045781,0.036042,0.038594
0.105,0.092188,0.12073,0.042188,0.035,0.051302,0.045573,0.040208
0.11516,0.089167,0.11677,0.046146,0.032448,0.04974,0.042135,0.036875
0.14276,0.10312,0.12307,0.05776,0.03776,0.04974,0.047865,0.039792
0.11875,0.093125,0.14318,0.059271,0.035,0.049063,0.042552,0.039688
0.10396,0.087083,0.11313,0.051042,0.039479,0.055208,0.043437,0.041302
0.1087,0.085833,0.11453,0.048125,0.035729,0.04401,0.04349,0.035833
0.1225,0.095625,0.13724,0.045469,0.033438,0.045521,0.041458,0.034271
0.1,0.095469,0.13651,0.047969,0.036667,0.048073,0.043594,0.042604
0.11089,0.074427,0.13792,0.047604,0.037448,0.048854,0.044531,0.038698
0.12286,0.10516,0.11604,0.041667,0.038698,0.04776,0.040833,0.038802
0.1187,0.11464,0.12411,0.047865,0.039583,0.057708,0.046146,0.04526
0.1299,0.1087,0.13677,0.061979,0.03151,0.04474,0.043229,0.040729
0.11802,0.094531,0.11026,0.04875,0.037656,0.054271,0.046771,0.046458
0.11839,0.089427,0.12391,0.055833,0.035417,0.052344,0.040521,0.037031
0.12443,0.090833,0.11922,0.042604,0.035573,0.048177,0.050573,0.04151
0.11198,0.095312,0.10974,0.051927,0.040469,0.059531,0.055208,0.046146
0.11365,0.10068,0.10922,0.043073,0.034375,0.046979,0.044479,0.040365
0.10234,0.08,0.1163,0.037812,0.033646,0.046771,0.041563,0.03776
0.098906,0.08849,0.10411,0.039167,0.036094,0.050052,0.044635,0.041458
0.1162,0.084427,0.12703,0.050677,0.036979,0.054219,0.044479,0.039844
0.10792,0.0925,0.13443,0.051615,0.03875,0.059427,0.049688,0.042448
0.1012,0.10021,0.12151,0.048385,0.042865,0.055208,0.044219,0.04026
0.085104,0.084167,0.11766,0.054792,0.037604,0.05,0.044375,0.041979
0.10089,0.090104,0.10661,0.043906,0.038698,0.053281,0.049583,0.046927
0.13427,0.12198,0.11901,0.038542,0.035781,0.052135,0.04724,0.041354
0.14234,0.1063,0.15729,0.041771,0.035573,0.056563,0.044062,0.04375
0.10729,0.095208,0.11083,0.03974,0.040573,0.051458,0.04599,0.043854
0.094427,0.097135,0.125,0.042031,0.035885,0.056927,0.049948,0.042969
0.10906,0.090781,0.11063,0.04974,0.035521,0.053646,0.045729,0.041927
0.096823,0.11354,0.099687,0.047135,0.036979,0.057813,0.047396,0.044687
0.10286,0.10932,0.12323,0.058073,0.033333,0.052917,0.047396,0.043646
0.10021,0.093438,0.15115,0.050469,0.037135,0.047604,0.046354,0.038698
0.1113,0.11219,0.10349,0.042656,0.036406,0.04651,0.052396,0.041094
0.09026,0.11005,0.12099,0.04724,0.037344,0.055,0.047448,0.041875
0.10406,0.10099,0.11948,0.045885,0.041615,0.064531,0.050417,0.040677
0.12792,0.10948,0.11656,0.049635,0.037812,0.0525,0.044427,0.044583
0.093021,0.076719,0.13943,0.045521,0.04026,0.051458,0.045312,0.038333
0.11667,0.13214,0.11979,0.049167,0.042865,0.056823,0.054115,0.042135
0.11193,0.10198,0.094896,0.045052,0.039375,0.04974,0.050677,0.046198
0.10292,0.095312,0.10438,0.045,0.037344,0.053073,0.041563,0.03724
0.145,0.13214,0.16224,0.05849,0.039948,0.05724,0.044479,0.053021
0.13911,0.11042,0.13766,0.057292,0.044531,0.063437,0.058594,0.046302
0.10927,0.10099,0.2025,0.06026,0.04099,0.050208,0.041563,0.040208
0.12687,0.11203,0.19443,0.081302,0.039635,0.049635,0.040104,0.041354
0.096094,0.096927,0.20193,0.067187,0.041667,0.055365,0.050677,0.048229
0.11406,0.11234,0.18443,0.057552,0.037083,0.050156,0.050677,0.046094
0.11328,0.1,0.16979,0.073854,0.039635,0.053854,0.044479,0.04099
0.1276,0.12005,0.17172,0.070469,0.042552,0.050417,0.047448,0.045
0.1075,0.10854,0.17635,0.060833,0.035312,0.047656,0.040938,0.035573
0.11693,0.11703,0.18818,0.060677,0.041667,0.055208,0.047656,0.043177
0.099375,0.10208,0.2175,0.058958,0.033385,0.062031,0.055677,0.048333
0.11526,0.095625,0.16432,0.062865,0.041719,0.05599,0.045885,0.041302
0.10604,0.097083,0.15547,0.062448,0.040313,0.049948,0.045104,0.043802
0.10599,0.099427,0.15099,0.056823,0.038333,0.051094,0.048646,0.045156
0.081354,0.089219,0.17031,0.072188,0.044896,0.061927,0.055521,0.046979
0.085,0.089583,0.19453,0.067083,0.041719,0.049792,0.042552,0.043802
0.091406,0.089271,0.13297,0.052656,0.039167,0.056927,0.04224,0.044635
0.10151,0.090885,0.15557,0.04375,0.039427,0.050313,0.043594,0.040781
0.10312,0.18474,0.15146,0.05099,0.053021,0.097135,0.11672,0.066667
0.14208,0.20021,0.086667,0.046927,0.051354,0.090781,0.10714,0.071927
0.12115,0.17161,0.090156,0.037448,0.04625,0.091563,0.11229,0.074583
0.135,0.14385,0.091406,0.038281,0.042396,0.08849,0.097865,0.067917
0.11323,0.12781,0.098281,0.045156,0.045469,0.090469,0.10792,0.067292
0.15328,0.18969,0.13432,0.065885,0.046302,0.09599,0.10927,0.078073
0.12969,0.13875,0.084531,0.038646,0.03901,0.068906,0.077448,0.060365
0.19297,0.19901,0.13552,0.052083,0.047344,0.086094,0.11479,0.08599
0.16187,0.14594,0.10839,0.054635,0.051562,0.084323,0.093125,0.06151
0.18589,0.18672,0.14625,0.067708,0.053698,0.10292,0.12823,0.08151
0.21734,0.21495,0.12177,0.055573,0.049583,0.0875,0.09375,0.079323
0.15172,0.1962,0.11427,0.049688,0.045469,0.075938,0.084115,0.062188
0.15771,0.18969,0.11516,0.055938,0.053698,0.098281,0.10573,0.070052
0.16026,0.2088,0.19266,0.070469,0.049375,0.076823,0.091719,0.064167
0.15505,0.20604,0.18297,0.079687,0.048385,0.07401,0.08724,0.058073
0.1949,0.17359,0.16526,0.07099,0.054219,0.076354,0.075469,0.060833
0.1424,0.17031,0.092969,0.043229,0.046875,0.08474,0.11151,0.071042
0.12906,0.12557,0.095885,0.041198,0.043333,0.064271,0.076719,0.057031
0.15802,0.17615,0.13177,0.055833,0.047708,0.089479,0.10922,0.07349
0.1438,0.19292,0.15156,0.079271,0.055781,0.081719,0.09375,0.071146
0.14365,0.1901,0.16646,0.06401,0.050208,0.070365,0.075729,0.058958
0.13375,0.20667,0.16573,0.059323,0.047292,0.090521,0.10234,0.069167
0.12823,0.26885,0.13323,0.046563,0.043385,0.073125,0.074219,0.06
0.12901,0.16208,0.14104,0.059635,0.047656,0.088438,0.088021,0.063802
0.14505,0.20641,0.14,0.065208,0.048958,0.080469,0.09,0.068125
0.1624,0.33901,0.14521,0.053281,0.045,0.067969,0.070938,0.0625
0.13531,0.25849,0.16073,0.058229,0.04375,0.067031,0.072813,0.056979
0.11839,0.26969,0.18464,0.066302,0.049531,0.071302,0.084323,0.064792
0.18219,0.25792,0.18281,0.071979,0.046198,0.066875,0.079635,0.056094
0.16745,0.29385,0.14651,0.071094,0.04849,0.073802,0.077917,0.066667
0.19,0.29849,0.16115,0.053229,0.046979,0.071979,0.086146,0.067656
0.16208,0.23839,0.14125,0.067448,0.047188,0.075208,0.074531,0.065052
0.1899,0.19021,0.18146,0.068177,0.048906,0.071146,0.075781,0.059687
0.18099,0.15672,0.16682,0.057188,0.044115,0.080677,0.085417,0.071146
0.17656,0.22297,0.21391,0.075208,0.046094,0.072604,0.086615,0.06349
0.19792,0.23688,0.23885,0.072292,0.057188,0.085573,0.1001,0.074375
0.18609,0.2526,0.22323,0.071094,0.051771,0.074375,0.094375,0.0675
0.18943,0.22771,0.18953,0.059531,0.049063,0.081042,0.0825,0.062292
0.15172,0.1962,0.13266,0.059844,0.049115,0.074323,0.08724,0.057083
0.19,0.24208,0.18073,0.065052,0.049323,0.068333,0.069115,0.051979
0.19026,0.18531,0.1201,0.043281,0.040781,0.057188,0.054323,0.050781
0.19604,0.18104,0.16562,0.061094,0.045521,0.077135,0.084375,0.064479
0.18911,0.19714,0.17052,0.05599,0.040469,0.063229,0.060156,0.053542
0.21651,0.22323,0.17625,0.077135,0.053698,0.075104,0.088177,0.07
0.1587,0.18823,0.14557,0.069115,0.051719,0.08474,0.11474,0.070573
0.14563,0.18063,0.15849,0.062083,0.05,0.068281,0.066667,0.053854
0.22693,0.24057,0.17448,0.057448,0.047708,0.075313,0.076042,0.066042
0.1901,0.19453,0.15229,0.070625,0.044427,0.061458,0.064375,0.051615
0.16823,0.17625,0.15693,0.064687,0.046719,0.092708,0.10734,0.07901
0.20964,0.23979,0.18745,0.066458,0.047604,0.078177,0.08974,0.064948
0.18396,0.21833,0.1362,0.067708,0.049479,0.066615,0.08401,0.06776
0.15781,0.15135,0.091771,0.042865,0.039167,0.063125,0.07599,0.06375
0.14276,0.15885,0.10203,0.043958,0.043437,0.072188,0.070833,0.058281
0.17906,0.1763,0.12354,0.051615,0.047813,0.072865,0.063073,0.053333
0.13844,0.15719,0.096771,0.037812,0.042917,0.056042,0.061094,0.055365
0.1424,0.17495,0.12526,0.046302,0.042604,0.068437,0.068281,0.04875
0.12859,0.14016,0.092917,0.039479,0.043646,0.071354,0.078698,0.05276
0.12286,0.16187,0.097917,0.048802,0.046458,0.066406,0.07849,0.056615
0.13099,0.13927,0.091667,0.042604,0.041615,0.058281,0.054115,0.049583
0.099583,0.13552,0.099115,0.040156,0.038542,0.059062,0.055677,0.04526
0.097344,0.12255,0.081875,0.031771,0.036615,0.055052,0.060312,0.04625
0.08776,0.091198,0.087083,0.038906,0.038646,0.061875,0.069271,0.052708
0.1125,0.10526,0.10885,0.046875,0.036875,0.075469,0.086406,0.059687
0.11536,0.13833,0.1413,0.056354,0.04901,0.081354,0.090052,0.070208
0.14016,0.13995,0.13448,0.060208,0.042448,0.067292,0.074167,0.06625
0.15635,0.16219,0.16839,0.053594,0.044062,0.071927,0.070625,0.05849
0.16495,0.1675,0.1576,0.073906,0.049635,0.071302,0.064323,0.057656
0.15839,0.15505,0.14125,0.047552,0.04151,0.077917,0.089323,0.0575
0.13693,0.16078,0.14281,0.058073,0.042865,0.071771,0.074323,0.056406
0.13031,0.17583,0.15427,0.061094,0.05,0.078021,0.088906,0.062031
0.12224,0.23542,0.15167,0.055677,0.042135,0.068802,0.069948,0.053802
0.14688,0.1601,0.11615,0.050625,0.047292,0.065417,0.072083,0.061146
0.14714,0.17479,0.17177,0.064635,0.041875,0.069323,0.07375,0.061875
0.18151,0.1587,0.21911,0.08,0.046667,0.07474,0.083281,0.069687
0.19719,0.20146,0.20734,0.070052,0.049948,0.094948,0.10661,0.074219
0.15396,0.20776,0.17521,0.054115,0.042917,0.073385,0.080521,0.064115
0.16,0.23438,0.19135,0.067604,0.047969,0.08526,0.089375,0.066354
0.13661,0.17667,0.16729,0.063906,0.046198,0.068385,0.077031,0.05276
0.15786,0.24583,0.16583,0.086198,0.048177,0.074375,0.081198,0.062031
0.14219,0.16385,0.15734,0.067604,0.04276,0.064687,0.058802,0.052656
0.15651,0.14906,0.17115,0.064948,0.049323,0.068333,0.079115,0.064792
0.066771,0.31276,0.68193,0.092917,0.069479,0.11234,0.060208,0.079062
0.086979,0.29161,0.67052,0.079271,0.061042,0.084062,0.059062,0.049948
0.075104,0.27266,0.59026,0.089219,0.071875,0.10146,0.060937,0.048229
0.11193,0.33698,0.7251,0.11484,0.069062,0.096354,0.072604,0.054844
0.23234,0.4275,0.84339,0.14005,0.089167,0.12115,0.076927,0.058229
0.19344,0.36422,0.85781,0.23448,0.088542,0.12302,0.085156,0.066979
0.15651,0.38266,0.78156,0.2299,0.074427,0.10786,0.072917,0.10005
0.1288,0.39563,0.60521,0.22839,0.085625,0.13193,0.081667,0.11344
0.1224,0.39281,0.63052,0.13167,0.083281,0.12599,0.074948,0.11344
0.14318,0.39802,0.68833,0.13667,0.10453,0.17714,0.10849,0.15271
0.19578,0.52885,0.71875,0.17849,0.10042,0.15135,0.11786,0.14391
0.12542,0.36104,0.63687,0.11859,0.087448,0.13781,0.083333,0.12365
0.13547,0.38875,0.63724,0.13141,0.0975,0.15411,0.091198,0.13766
0.13568,0.39063,0.65411,0.17859,0.10344,0.15604,0.076823,0.14568
0.13391,0.42771,0.60318,0.13719,0.10495,0.12724,0.10703,0.13609
0.11833,0.35396,0.66729,0.12281,0.082656,0.14089,0.10661,0.12021
0.11234,0.51536,0.65458,0.15635,0.089844,0.13948,0.08375,0.13776
0.16057,0.41271,0.6001,0.13859,0.11802,0.15479,0.083177,0.099844
0.1151,0.32766,0.53906,0.15411,0.11208,0.14422,0.08026,0.11938
0.13635,0.34521,0.54823,0.14021,0.11396,0.13682,0.10531,0.10609
0.10536,0.35146,0.56958,0.1701,0.087031,0.13844,0.10531,0.18536
0.13625,0.37672,0.55198,0.15911,0.10984,0.16391,0.10818,0.12318
0.11661,0.3688,0.64609,0.13667,0.098229,0.13109,0.1212,0.14906
0.14807,0.32474,0.71047,0.13922,0.12073,0.2013,0.14802,0.21682
0.1249,0.37562,0.60505,0.14677,0.08875,0.13818,0.10995,0.14281
0.11906,0.34844,0.66938,0.13068,0.097187,0.1376,0.1075,0.21542
0.10115,0.3099,0.71286,0.14729,0.097656,0.13667,0.11443,0.16302
0.13969,0.36984,0.57464,0.15286,0.091927,0.1863,0.11245,0.17052
0.10156,0.30234,0.58766,0.14953,0.10141,0.15484,0.1299,0.18365
0.10823,0.34068,0.52599,0.1176,0.11104,0.15156,0.11146,0.1425
0.14214,0.42406,0.62229,0.16307,0.086979,0.12089,0.11781,0.15161
0.15417,0.4199,0.70307,0.14313,0.088906,0.11745,0.12052,0.21734
0.13333,0.43458,0.53651,0.14151,0.10193,0.16141,0.12193,0.18016
0.14594,0.49943,0.76672,0.19599,0.086042,0.1163,0.16766,0.19568
0.13036,0.41609,0.69583,0.16036,0.090365,0.1199,0.11948,0.1712
0.14313,0.40026,0.73328,0.14979,0.10495,0.15089,0.15891,0.28333
0.11786,0.40625,0.60885,0.1412,0.081719,0.11615,0.12703,0.16766
0.11635,0.52323,0.58328,0.13719,0.086875,0.14453,0.11714,0.13448
0.16776,0.54391,0.64839,0.19573,0.1075,0.14422,0.10203,0.10703
0.17094,0.45391,0.67661,0.30922,0.11161,0.15172,0.1312,0.17323
0.16646,0.47875,0.80078,0.15552,0.099896,0.15078,0.1225,0.17271
0.14026,0.42276,0.62635,0.20411,0.098437,0.17245,0.12984,0.20896
0.20115,0.47146,0.65708,0.23703,0.10266,0.14443,0.11198,0.18057
0.14885,0.4625,0.63651,0.23177,0.12734,0.16625,0.10156,0.14073
0.15057,0.61693,0.75292,0.23901,0.11714,0.16474,0.10839,0.080312
0.15125,0.58286,0.63693,0.30391,0.12198,0.16521,0.13052,0.10823
0.17974,0.42339,0.61031,0.30599,0.13432,0.17448,0.1137,0.1124
0.1512,0.42323,0.69266,0.14714,0.094635,0.12443,0.10844,0.20224
0.14552,0.46318,0.66984,0.19365,0.097396,0.13714,0.11552,0.15755
0.14964,0.47146,0.6513,0.2074,0.098802,0.15323,0.12948,0.20359
0.12807,0.4313,0.68167,0.15729,0.084062,0.14781,0.08401,0.12385
0.12901,0.44094,0.59661,0.16641,0.085,0.10469,0.11536,0.15365
0.17109,0.52703,0.67104,0.24828,0.091146,0.13417,0.10339,0.098125
0.18521,0.40464,0.68083,0.22177,0.078958,0.12849,0.09026,0.13922
0.20484,0.56927,0.63469,0.2226,0.090313,0.14526,0.089792,0.10672
0.17708,0.50646,0.65365,0.24964,0.11797,0.17734,0.098802,0.11365
0.12839,0.40182,0.62255,0.2438,0.093021,0.12656,0.077188,0.076146
0.17849,0.44307,0.65177,0.21495,0.10974,0.1399,0.095208,0.10948
0.16667,0.50589,0.56797,0.2426,0.11922,0.15901,0.091094,0.092865
0.11677,0.35151,0.58135,0.21583,0.1101,0.13385,0.083594,0.092031
0.14151,0.52109,0.63005,0.25214,0.10698,0.14938,0.090573,0.12495
0.051406,0.094896,0.41266,0.095052,0.054531,0.12979,0.14693,0.10771
0.090156,0.078646,0.39557,0.096927,0.053854,0.10187,0.27823,0.15406
0.076094,0.071875,0.41078,0.079271,0.047813,0.092344,0.17208,0.077813
0.048021,0.088854,0.475,0.092292,0.054531,0.12682,0.19953,0.055521
0.045885,0.070781,0.39458,0.081667,0.056146,0.11802,0.095156,0.047188
0.049479,0.094271,0.42672,0.10255,0.061198,0.12807,0.13125,0.048021
0.060208,0.071094,0.42859,0.073958,0.045833,0.097969,0.09125,0.041771
0.052865,0.070469,0.52615,0.088177,0.051667,0.12682,0.11714,0.057917
0.045,0.070625,0.38464,0.098281,0.054062,0.13224,0.1976,0.051615
0.083698,0.15469,0.46906,0.1101,0.065156,0.16375,0.32073,0.10479
0.063021,0.089323,0.46557,0.096979,0.053594,0.092604,0.078437,0.072083
0.096979,0.082292,0.44359,0.094687,0.055677,0.19526,0.19521,0.088438
0.048125,0.073958,0.40677,0.079792,0.053021,0.13615,0.14266,0.04651
0.06875,0.08651,0.44958,0.10219,0.049479,0.11422,0.1713,0.073281
0.06349,0.11786,0.45104,0.11271,0.06099,0.16255,0.19859,0.056615
0.057865,0.076302,0.37781,0.12302,0.051719,0.11938,0.1675,0.057292
0.068594,0.0925,0.39167,0.1376,0.058542,0.10547,0.11266,0.076875
0.081042,0.091875,0.43339,0.11906,0.063437,0.12036,0.24875,0.072865
0.093958,0.11896,0.525,0.1426,0.062344,0.13693,0.23214,0.14964
0.11406,0.093438,0.39177,0.079792,0.055104,0.14302,0.17177,0.12865
0.092708,0.082344,0.45255,0.12094,0.067656,0.13312,0.2062,0.13516
0.089219,0.094219,0.49385,0.10344,0.067187,0.18812,0.20333,0.14036
0.064219,0.070208,0.40953,0.089219,0.062448,0.15557,0.21771,0.13979
0.09375,0.09849,0.43729,0.099115,0.053906,0.089583,0.12411,0.10979
0.095417,0.087813,0.53708,0.11089,0.055052,0.12391,0.10818,0.14401
0.14688,0.08224,0.41417,0.22047,0.07125,0.16583,0.10583,0.15469
0.13083,0.15234,0.55234,0.14167,0.07349,0.14078,0.27453,0.17031
0.10417,0.10958,0.5925,0.2101,0.09151,0.1337,0.13146,0.12812
0.081875,0.10516,0.50151,0.23125,0.076875,0.13781,0.19083,0.16271
0.096146,0.098333,0.52922,0.30922,0.096823,0.15609,0.55672,0.20823
0.067292,0.08651,0.53448,0.14391,0.061094,0.089219,0.085833,0.052969
0.1512,0.11104,0.38214,0.13557,0.065052,0.11073,0.097552,0.15271
0.1362,0.1076,0.38359,0.14443,0.069479,0.1325,0.15901,0.10063
0.054479,0.08974,0.48734,0.1574,0.061719,0.11318,0.1037,0.062135
0.13203,0.10078,0.53391,0.13969,0.067865,0.13453,0.24948,0.23849
0.087083,0.14724,0.59297,0.17651,0.072188,0.14229,0.5713,0.19526
0.093229,0.10479,0.37656,0.086563,0.054167,0.10307,0.19557,0.17344
0.082292,0.086406,0.49318,0.17411,0.073229,0.13594,0.21344,0.1113
0.12391,0.13026,0.53312,0.16411,0.079792,0.12943,0.19776,0.13797
0.071042,0.11323,0.52297,0.15953,0.086927,0.15703,0.18932,0.061875
0.1412,0.24068,0.37141,0.11672,0.067083,0.14578,0.53255,0.29234
0.10161,0.17724,0.44276,0.20161,0.08349,0.17052,0.46505,0.32135
0.077344,0.14151,0.40057,0.096042,0.056615,0.14177,0.14521,0.074479
0.13906,0.1625,0.50849,0.14214,0.081771,0.15302,0.16552,0.15672
0.13641,0.17516,0.56443,0.12104,0.067031,0.18797,0.23891,0.1875
0.14885,0.17771,0.51833,0.14266,0.075625,0.13698,0.4875,0.25297
0.14052,0.12094,0.60229,0.10187,0.05974,0.11167,0.10755,0.15573
0.12885,0.13948,0.42354,0.1475,0.088594,0.1349,0.24146,0.24281
0.12057,0.11297,0.55526,0.12672,0.054219,0.10865,0.23698,0.11526
0.099115,0.16312,0.61443,0.14688,0.066615,0.10094,0.37458,0.13333
0.093698,0.12359,0.48229,0.10172,0.053073,0.11917,0.25458,0.14682
0.075313,0.075052,0.3451,0.099062,0.050469,0.07276,0.17453,0.088698
0.082396,0.07375,0.25932,0.15656,0.059115,0.072031,0.14276,0.050156
0.098542,0.056875,0.15589,0.16062,0.064167,0.06849,0.1413,0.087917
0.08526,0.088385,0.33516,0.15021,0.057656,0.066875,0.36828,0.10823
0.062969,0.10349,0.28089,0.21734,0.085469,0.079062,0.32469,0.1162
0.055052,0.055208,0.34292,0.15854,0.047969,0.071979,0.15365,0.066927
0.04599,0.11911,0.29474,0.24375,0.078542,0.084219,0.41854,0.14995
0.034844,0.060833,0.20448,0.18438,0.051146,0.08375,0.13938,0.044375
0.067552,0.061771,0.2226,0.15896,0.047917,0.079792,0.088385,0.036042
0.10443,0.069687,0.26063,0.16052,0.051927,0.1175,0.22151,0.073177
0.033698,0.075052,0.23443,0.1974,0.051875,0.044635,0.074219,0.039271
0.04526,0.062969,0.2463,0.18203,0.061302,0.088542,0.12937,0.047396
0.08224,0.057396,0.30047,0.18193,0.052448,0.085104,0.13078,0.076615
0.11635,0.09849,0.22479,0.25307,0.067812,0.067969,0.077969,0.03526
0.073229,0.090156,0.32719,0.18734,0.05026,0.091146,0.22615,0.075625
0.072969,0.074219,0.24198,0.16615,0.045729,0.064635,0.1151,0.053125
0.038594,0.081198,0.29271,0.16943,0.05599,0.073698,0.16922,0.047865
0.12859,0.054531,0.33594,0.17078,0.04724,0.064167,0.12438,0.13172
0.064687,0.05625,0.31016,0.14172,0.05375,0.068437,0.17057,0.063437
0.037083,0.064323,0.34781,0.17078,0.05526,0.06875,0.1399,0.043385
0.049375,0.077448,0.29786,0.14167,0.051771,0.063802,0.11323,0.046979
0.037396,0.06724,0.3201,0.23875,0.06026,0.080052,0.13729,0.046458
0.034688,0.063385,0.30547,0.20745,0.065521,0.077552,0.13359,0.048542
0.074479,0.049219,0.36745,0.19589,0.054323,0.076667,0.093542,0.038125
0.066667,0.049688,0.33068,0.13865,0.051823,0.069271,0.13365,0.052969
0.035833,0.093021,0.36505,0.15823,0.053125,0.06401,0.10161,0.040885
0.04625,0.068854,0.3612,0.14214,0.054271,0.10099,0.1151,0.041615
0.10656,0.054115,0.35177,0.17339,0.044219,0.051562,0.068437,0.093438
0.028333,0.051771,0.2713,0.088438,0.038385,0.05901,0.076823,0.034427
0.052656,0.07776,0.32135,0.14292,0.04349,0.064115,0.09151,0.041563
0.052083,0.086302,0.4188,0.14083,0.051406,0.082656,0.1074,0.044792
0.039531,0.079062,0.48693,0.15672,0.055313,0.1112,0.089844,0.034375
0.033698,0.061406,0.31844,0.11219,0.047031,0.055729,0.09125,0.034948
0.037604,0.061875,0.33672,0.14427,0.04651,0.081927,0.082031,0.036979
0.07724,0.054271,0.33865,0.14745,0.049323,0.062708,0.071146,0.046979
0.034948,0.071823,0.35547,0.15953,0.05401,0.061094,0.08224,0.038594
0.036094,0.066458,0.29281,0.15359,0.054427,0.065625,0.28156,0.085
0.040521,0.096719,0.38052,0.14661,0.055521,0.1026,0.33922,0.074427
0.095417,0.20234,0.39391,0.11708,0.045521,0.088177,0.11948,0.052552
0.04276,0.16578,0.31073,0.11792,0.048125,0.088906,0.099896,0.047292
0.037552,0.09,0.40542,0.13948,0.049688,0.095052,0.1024,0.0425
0.038333,0.092969,0.47484,0.17021,0.049531,0.14521,0.13104,0.048385
0.064115,0.07349,0.4575,0.14641,0.049271,0.08776,0.12474,0.044687
0.052656,0.06474,0.44641,0.16703,0.041719,0.072552,0.11286,0.044375
0.038177,0.069792,0.39281,0.15557,0.047448,0.085938,0.14714,0.058542
0.036354,0.086042,0.46125,0.20807,0.06349,0.067552,0.10531,0.04599
0.036719,0.058646,0.43458,0.1538,0.050104,0.066406,0.10073,0.04125
0.034635,0.072969,0.43208,0.15167,0.043854,0.061667,0.1076,0.04375
0.03776,0.064115,0.32854,0.18474,0.059844,0.065781,0.10557,0.038802
0.058229,0.061354,0.4488,0.14307,0.054583,0.085208,0.10688,0.047552
0.070417,0.064427,0.33203,0.15891,0.053906,0.073385,0.10984,0.12094
0.14651,0.29776,0.35745,0.19354,0.082552,0.091823,0.12964,0.073021
0.14792,0.24828,0.32891,0.17729,0.072656,0.08349,0.22094,0.069635
0.1449,0.28411,0.35,0.21859,0.094635,0.08651,0.25042,0.062292
0.1474,0.25552,0.24271,0.16609,0.07151,0.09599,0.47984,0.07125
0.12557,0.20234,0.17031,0.14245,0.068854,0.10109,0.10839,0.074688
0.1338,0.23865,0.28396,0.18672,0.066927,0.070156,0.12677,0.055833
0.13208,0.18969,0.30062,0.16464,0.055781,0.074896,0.070729,0.052812
0.14026,0.21234,0.34646,0.15021,0.063646,0.089427,0.096406,0.06599
0.13182,0.21818,0.40953,0.21161,0.06651,0.078542,0.09349,0.058542
0.14734,0.22943,0.29974,0.2038,0.084844,0.080833,0.12234,0.071563
0.12599,0.18229,0.24823,0.20901,0.065781,0.075521,0.1087,0.059167
0.14469,0.26693,0.32333,0.18536,0.068125,0.071615,0.079323,0.05776
0.11859,0.22651,0.2788,0.17161,0.06276,0.069062,0.067344,0.049271
0.12667,0.21875,0.31255,0.15188,0.055156,0.068542,0.058385,0.055313
0.12031,0.22661,0.32448,0.14078,0.059271,0.075885,0.13849,0.058958
0.11411,0.23969,0.25198,0.13469,0.067604,0.088542,0.27187,0.065312
0.14453,0.21641,0.23229,0.13125,0.075156,0.091302,0.50417,0.081927
0.14188,0.20359,0.14745,0.15438,0.050781,0.059792,0.061562,0.049635
0.12792,0.27776,0.24859,0.14667,0.061198,0.066146,0.1087,0.059427
0.12068,0.25073,0.2225,0.18542,0.073698,0.073698,0.066354,0.061354
0.14073,0.28417,0.34219,0.17063,0.071615,0.088385,0.38182,0.063177
0.14281,0.23807,0.26016,0.13719,0.055104,0.063906,0.052604,0.060104
0.12786,0.22974,0.39776,0.15833,0.059635,0.063646,0.086771,0.057135
0.14661,0.21536,0.34031,0.16927,0.06349,0.069531,0.063177,0.057969
0.13021,0.24385,0.33896,0.1537,0.061615,0.070729,0.11115,0.05224
0.17391,0.24193,0.37667,0.17385,0.062135,0.075365,0.11479,0.054688
0.1837,0.22344,0.41786,0.17411,0.06375,0.067135,0.072448,0.065677
0.18542,0.26667,0.35115,0.16974,0.066042,0.072865,0.056458,0.055677
0.12854,0.22974,0.33177,0.14828,0.062604,0.07099,0.11292,0.052031
0.1213,0.26484,0.34104,0.15687,0.058594,0.069583,0.17911,0.063021
0.13922,0.3212,0.36042,0.20599,0.078021,0.080781,0.10344,0.055469
0.13724,0.25953,0.30526,0.18526,0.058385,0.069271,0.086615,0.057917
0.15276,0.28432,0.33484,0.19891,0.059844,0.066823,0.43073,0.047917
0.13724,0.27333,0.29438,0.19229,0.065937,0.073073,0.20542,0.058438
0.12625,0.30177,0.25734,0.1912,0.069219,0.065625,0.090365,0.052083
0.13719,0.36333,0.42651,0.19818,0.061615,0.075156,0.19422,0.058802
0.14719,0.28349,0.31849,0.17182,0.070156,0.070208,0.06276,0.057188
0.13797,0.29974,0.27859,0.21047,0.070729,0.073073,0.10755,0.059062
0.1588,0.36844,0.36448,0.17828,0.070104,0.073021,0.080365,0.056146
0.14328,0.33286,0.28906,0.18667,0.0675,0.075677,0.056615,0.058802
0.12453,0.37615,0.24792,0.20042,0.063281,0.068125,0.092135,0.058698
0.12422,0.3663,0.22677,0.19979,0.063281,0.069479,0.16474,0.06776
0.1624,0.37359,0.22885,0.1812,0.075938,0.089271,0.23146,0.068333
0.13552,0.33802,0.27505,0.17625,0.064687,0.063906,0.18146,0.05599
0.14505,0.26964,0.41151,0.19411,0.079375,0.088073,0.22057,0.077083
0.11901,0.27286,0.27911,0.2051,0.074167,0.071719,0.059896,0.064167
0.12766,0.28375,0.23401,0.18573,0.068177,0.080104,0.12427,0.059635
0.14979,0.34609,0.32417,0.16969,0.081771,0.10323,0.094167,0.096875
0.13375,0.28307,0.28115,0.19109,0.068906,0.079427,0.10427,0.066823
0.13615,0.29219,0.20995,0.18839,0.073229,0.089844,0.10297,0.065208
0.1474,0.26245,0.30161,0.17802,0.07099,0.095052,0.40479,0.074271
0.066823,0.22281,0.2287,0.075833,0.060312,0.093698,0.12224,0.11339
0.052083,0.21771,0.215,0.056146,0.04224,0.082083,0.083542,0.07276
0.069219,0.22859,0.23875,0.061354,0.056406,0.1037,0.12807,0.11667
0.053958,0.21969,0.22255,0.05625,0.054792,0.10542,0.1063,0.086927
0.063542,0.21922,0.19849,0.058385,0.05375,0.11563,0.12516,0.09651
0.064687,0.22229,0.19646,0.057292,0.056875,0.12089,0.12807,0.10984
0.075781,0.23005,0.22583,0.084844,0.073594,0.12672,0.14917,0.12724
0.071406,0.22974,0.21797,0.069062,0.065781,0.13125,0.10672,0.10161
0.070729,0.24333,0.24734,0.069219,0.060469,0.12125,0.10589,0.093542
0.054479,0.23224,0.23297,0.061406,0.054323,0.13307,0.1226,0.09349
0.12625,0.23693,0.25193,0.10995,0.090365,0.18557,0.19599,0.20214
0.10354,0.22661,0.23375,0.095937,0.064687,0.093021,0.11438,0.092708
0.11448,0.1912,0.25641,0.095521,0.060729,0.1025,0.14776,0.11104
0.089427,0.18573,0.25714,0.074792,0.050729,0.076771,0.10068,0.080729
0.09849,0.15552,0.25656,0.099896,0.057604,0.090365,0.13333,0.12036
0.089167,0.15417,0.2375,0.0825,0.049479,0.080469,0.1113,0.092083
0.072396,0.15474,0.2876,0.092917,0.052135,0.07625,0.10464,0.088281
0.095937,0.1374,0.23813,0.098385,0.064427,0.095208,0.14057,0.11708
0.092708,0.19964,0.31682,0.09875,0.065833,0.092396,0.12234,0.09901
0.12609,0.11917,0.30359,0.12979,0.061042,0.083698,0.10948,0.090156
0.10073,0.15578,0.22375,0.16297,0.07375,0.13984,0.16156,0.10448
0.087552,0.12823,0.21792,0.18724,0.067292,0.10516,0.12698,0.095
0.074688,0.10865,0.21188,0.14599,0.069427,0.11661,0.1351,0.090885
0.066198,0.10167,0.20839,0.12411,0.057813,0.078854,0.089844,0.068073
0.052708,0.091719,0.14714,0.093958,0.051927,0.08099,0.10714,0.069167
0.052552,0.10255,0.1988,0.12448,0.063281,0.089688,0.097969,0.06849
0.065677,0.092396,0.19135,0.12609,0.065208,0.086146,0.11266,0.088854
0.061823,0.097917,0.18359,0.11703,0.058073,0.088646,0.090521,0.070573
0.073021,0.098281,0.1613,0.11146,0.069115,0.11724,0.11839,0.092448
0.060937,0.11359,0.20182,0.13339,0.058385,0.10604,0.11563,0.07349
0.046302,0.15464,0.12724,0.070938,0.049219,0.073906,0.074479,0.046719
0.041198,0.084948,0.043125,0.048385,0.040521,0.061042,0.048438,0.036146
0.045417,0.047656,0.049115,0.059844,0.038646,0.056719,0.060052,0.043594
0.045833,0.059219,0.058021,0.049375,0.049479,0.074844,0.069792,0.040938
0.041667,0.10786,0.05375,0.07875,0.0475,0.045365,0.061042,0.038646
0.043021,0.091615,0.054479,0.050885,0.037917,0.048958,0.044375,0.032292
0.039635,0.051406,0.05276,0.061146,0.045417,0.051875,0.04901,0.036042
0.044167,0.071094,0.069271,0.061146,0.039896,0.051354,0.072604,0.048438
0.036875,0.048646,0.061667,0.08224,0.062083,0.056042,0.052917,0.032604
0.03875,0.065312,0.050573,0.060781,0.039219,0.05375,0.050104,0.034583
0.038802,0.058854,0.048125,0.05625,0.039948,0.051667,0.049583,0.03776
0.042969,0.12104,0.064531,0.077188,0.043073,0.061458,0.056406,0.048281
0.045677,0.044219,0.053021,0.062656,0.039948,0.058854,0.053073,0.035104
0.041146,0.16495,0.10531,0.059531,0.042135,0.044687,0.053854,0.034323
0.044792,0.10995,0.083229,0.080417,0.041823,0.055208,0.05724,0.038594
0.037187,0.095052,0.072917,0.03901,0.043646,0.055052,0.062083,0.03224
0.040781,0.1138,0.047969,0.05474,0.040417,0.058594,0.053333,0.12016
0.040938,0.073958,0.046406,0.043021,0.034896,0.043802,0.048385,0.040313
0.035937,0.070469,0.087031,0.05099,0.041979,0.043333,0.047604,0.036406
0.049427,0.072813,0.091563,0.13078,0.054167,0.051823,0.068177,0.039479
0.047448,0.05026,0.14807,0.072813,0.031563,0.026979,0.026562,0.035417
0.03276,0.20458,0.10917,0.06276,0.02974,0.025417,0.021979,0.02974
0.048177,0.073594,0.16292,0.10771,0.037656,0.029687,0.025521,0.046406
0.052135,0.067448,0.18141,0.14365,0.039635,0.027344,0.025573,0.042813
0.04875,0.23922,0.16411,0.15177,0.033385,0.027969,0.025104,0.055625
0.050156,0.21495,0.16094,0.1212,0.040208,0.029167,0.028385,0.047552
0.041354,0.19016,0.17734,0.15057,0.044167,0.031875,0.027396,0.05026
0.059792,0.06651,0.27073,0.21839,0.04474,0.032188,0.026042,0.063906
0.037969,0.055156,0.1299,0.11745,0.038594,0.02974,0.027865,0.047448
0.039948,0.08375,0.10021,0.2176,0.094687,0.041146,0.032135,0.04026
0.036979,0.069167,0.069427,0.14438,0.075729,0.029219,0.023958,0.024323
0.041458,0.094427,0.080781,0.20109,0.068229,0.031823,0.023229,0.025417
0.049635,0.12229,0.08276,0.18255,0.062865,0.03349,0.03151,0.0325
0.036406,0.095781,0.07474,0.27958,0.086563,0.032708,0.025781,0.023854
0.039427,0.083229,0.09151,0.21599,0.062604,0.031615,0.031615,0.033958
0.041615,0.09099,0.10302,0.24802,0.068854,0.030156,0.032083,0.039427
0.039688,0.082969,0.084687,0.29766,0.066875,0.031302,0.034167,0.036146
0.081615,0.1424,0.053229,0.18875,0.10266,0.04349,0.098229,0.049271
0.088385,0.16271,0.067396,0.17109,0.093021,0.081771,0.13891,0.062031
0.067083,0.11031,0.053125,0.19042,0.089792,0.076719,0.16135,0.073073
0.069792,0.11854,0.055469,0.1512,0.080417,0.07875,0.34,0.074479
0.083281,0.16,0.05651,0.1851,0.08849,0.051615,0.1162,0.04724
0.083542,0.2051,0.068385,0.17906,0.076302,0.053958,0.10042,0.043281
0.089375,0.20839,0.068125,0.20031,0.10417,0.066406,0.099792,0.046302
0.075833,0.16443,0.05849,0.19286,0.081667,0.051302,0.12464,0.053437
0.086354,0.1437,0.057292,0.17068,0.079062,0.055,0.10953,0.057813
0.069427,0.17505,0.066198,0.20411,0.086563,0.041771,0.12594,0.053854
0.052969,0.13437,0.33552,0.096094,0.054375,0.042188,0.058281,0.098802
0.043073,0.11745,0.43505,0.13901,0.059896,0.033854,0.050052,0.088542
0.041458,0.10396,0.29823,0.10682,0.053177,0.034115,0.046615,0.065052
0.051406,0.12354,0.3799,0.10932,0.054427,0.047135,0.057656,0.068594
0.051094,0.12323,0.42089,0.12734,0.074323,0.092135,0.055938,0.062865
0.056302,0.12339,0.39563,0.094427,0.047708,0.034271,0.057031,0.14984
0.062917,0.17401,0.51609,0.11411,0.054948,0.0375,0.056302,0.1274
0.058177,0.14109,0.34719,0.11089,0.079271,0.049948,0.055469,0.075521
0.057552,0.15844,0.33458,0.090781,0.050729,0.03625,0.050365,0.083646
0.058958,0.17411,0.38198,0.080937,0.047969,0.027969,0.051823,0.14109
0.049688,0.14104,0.4613,0.10141,0.053698,0.033646,0.066615,0.13802
0.043958,0.11224,0.44854,0.087031,0.047344,0.030312,0.0475,0.15661
0.045052,0.13974,0.5487,0.097604,0.057292,0.040521,0.059531,0.11599
0.050365,0.14839,0.26448,0.071042,0.047865,0.041823,0.064687,0.096823
0.048958,0.14828,0.3676,0.1,0.047396,0.038906,0.049635,0.11953
0.043802,0.16755,0.45661,0.098542,0.052969,0.033438,0.034323,0.044427
0.055469,0.1801,0.52443,0.076146,0.05401,0.071615,0.053125,0.12833
0.050417,0.18677,0.41646,0.072604,0.037917,0.04974,0.063594,0.13375
0.05375,0.19297,0.56109,0.12063,0.056771,0.046875,0.062188,0.15313
0.04625,0.14036,0.44922,0.095,0.050833,0.038594,0.056563,0.12833
0.054792,0.12625,0.33776,0.087448,0.052552,0.12911,0.099948,0.10542
0.1,0.22281,0.77698,0.25651,0.094792,0.17859,0.21411,0.12635
0.079219,0.15026,0.50349,0.11182,0.078854,0.15766,0.16297,0.14885
0.063177,0.14443,0.43969,0.12063,0.059323,0.12245,0.11958,0.088125
0.057552,0.10333,0.40302,0.097708,0.056719,0.096615,0.076719,0.07026
0.055885,0.1187,0.45109,0.16453,0.068177,0.099271,0.090417,0.069687
0.043958,0.12859,0.33859,0.10917,0.054896,0.093438,0.075208,0.045521
0.068854,0.090625,0.32667,0.14016,0.063854,0.11333,0.1113,0.07026
0.056615,0.1138,0.31938,0.093021,0.05901,0.099375,0.080521,0.052344
0.069375,0.12344,0.45385,0.10573,0.06849,0.12792,0.11484,0.094583
0.053646,0.12958,0.55563,0.10365,0.058802,0.10729,0.10776,0.061771
0.073229,0.10167,0.29141,0.10891,0.06625,0.14818,0.12792,0.11776
0.069427,0.12802,0.53635,0.25635,0.086771,0.12229,0.12411,0.1463
0.056458,0.14604,0.66948,0.11094,0.061667,0.12875,0.092552,0.09401
0.049688,0.1249,0.44271,0.11818,0.074531,0.21313,0.095729,0.064479
0.058073,0.13182,0.4662,0.11802,0.058958,0.12708,0.095781,0.074688
0.046719,0.11281,0.45172,0.11516,0.057292,0.13943,0.08224,0.041198
0.049583,0.10995,0.42828,0.098906,0.060312,0.12188,0.098281,0.05125
0.055469,0.13781,0.49979,0.097448,0.050937,0.12052,0.089583,0.076823
0.064271,0.11026,0.35734,0.11052,0.05776,0.13062,0.11922,0.13141
0.036615,0.12917,0.093333,0.07,0.080833,0.031146,0.036927,0.036927
0.056875,0.17568,0.13297,0.054115,0.033906,0.038333,0.043021,0.065573
0.041302,0.14026,0.085208,0.049948,0.038125,0.035104,0.033594,0.071042
0.053177,0.15875,0.1213,0.064323,0.039271,0.047135,0.040781,0.06901
0.051667,0.15432,0.11161,0.051406,0.037656,0.040781,0.040729,0.068125
0.041615,0.16521,0.074948,0.046354,0.030833,0.03375,0.034688,0.044427
0.064948,0.14901,0.092552,0.0475,0.038281,0.029375,0.031354,0.038177
0.045729,0.15958,0.077344,0.039167,0.029896,0.036719,0.034479,0.056823
0.044219,0.15307,0.077708,0.044115,0.033177,0.050417,0.053698,0.039323
0.041979,0.1863,0.10865,0.047969,0.032813,0.035937,0.036302,0.048385
0.1224,0.22484,0.1251,0.053698,0.036771,0.040625,0.038698,0.14865
0.24594,0.26781,0.1787,0.063698,0.047552,0.047188,0.11292,0.30391
0.0375,0.18146,0.083802,0.054115,0.056042,0.043958,0.041667,0.035312
0.040781,0.16953,0.089323,0.053906,0.062448,0.035937,0.032865,0.048385
0.056927,0.17276,0.076198,0.038698,0.03,0.031406,0.043177,0.1049
0.06349,0.14891,0.082344,0.03849,0.031354,0.082031,0.036875,0.071979
0.065469,0.25193,0.087865,0.040833,0.034948,0.034063,0.038073,0.068542
0.054115,0.15406,0.071823,0.039427,0.031563,0.070365,0.26995,0.10063
0.059427,0.18385,0.095781,0.040469,0.027188,0.039792,0.047865,0.08276
0.052708,0.15953,0.090781,0.045417,0.037187,0.042396,0.05,0.058333
0.11052,0.24083,0.16844,0.08849,0.051719,0.049375,0.14219,0.1399
0.12698,0.21292,0.30948,0.075208,0.046875,0.043281,0.08776,0.072292
0.10839,0.27578,0.15781,0.064219,0.040469,0.039219,0.057604,0.061562
0.099479,0.30448,0.18156,0.062865,0.041823,0.047656,0.06401,0.063906
0.11661,0.35401,0.13755,0.058333,0.047344,0.041563,0.075208,0.09349
0.11078,0.35542,0.13375,0.06849,0.037448,0.036667,0.053698,0.092292
0.10911,0.38557,0.15828,0.096198,0.041667,0.053073,0.18516,0.11969
0.12036,0.35641,0.18453,0.062083,0.041094,0.04625,0.062708,0.068385
0.10667,0.42792,0.14568,0.057604,0.042135,0.038385,0.054219,0.063125
0.093906,0.36599,0.14646,0.067812,0.039063,0.038281,0.054219,0.058854
0.09849,0.33953,0.19802,0.062812,0.04349,0.041302,0.15339,0.13833
0.10885,0.28026,0.23266,0.069479,0.048594,0.04724,0.12089,0.13365
0.10411,0.32641,0.15307,0.11885,0.047604,0.049688,0.071302,0.11526
0.085833,0.29724,0.16677,0.10453,0.038021,0.041146,0.060104,0.12557
0.10521,0.29422,0.14844,0.063698,0.044635,0.052031,0.061562,0.12156
0.11766,0.50786,0.17464,0.077656,0.04724,0.048594,0.078646,0.11193
0.12693,0.34036,0.24802,0.10193,0.049375,0.04375,0.1362,0.10594
0.080885,0.31479,0.16068,0.070677,0.042708,0.0625,0.064896,0.083125
0.055208,0.23849,0.18552,0.078021,0.045781,0.038177,0.051458,0.068385
0.067812,0.16271,0.15339,0.067031,0.038229,0.037083,0.068802,0.12979
0.1426,0.24755,0.14365,0.099635,0.056719,0.065729,0.25255,0.076563
0.16266,0.23906,0.17521,0.094375,0.06125,0.070677,0.24193,0.14
0.12094,0.32547,0.12,0.088229,0.05599,0.075208,0.21625,0.10786
0.12021,0.27599,0.15547,0.10297,0.062604,0.061458,0.11198,0.076406
0.12359,0.28078,0.13437,0.086667,0.060104,0.066354,0.13391,0.089688
0.1313,0.28125,0.10391,0.079167,0.060104,0.07724,0.15594,0.076198
0.14406,0.35505,0.1025,0.091771,0.0575,0.06625,0.14526,0.089531
0.16927,0.36807,0.17531,0.08599,0.058438,0.071875,0.18323,0.1113
0.1363,0.32641,0.07599,0.082969,0.054323,0.065417,0.14161,0.097656
0.10448,0.36083,0.16911,0.097396,0.065052,0.069427,0.1463,0.086094
0.098854,0.31672,0.22505,0.10068,0.046563,0.055156,0.12776,0.071667
0.12755,0.32589,0.10896,0.098958,0.055104,0.079219,0.21255,0.080677
0.10771,0.31427,0.096771,0.11474,0.059167,0.061979,0.12224,0.074583
0.11438,0.33542,0.071354,0.087344,0.045833,0.055573,0.1087,0.064948
0.11469,0.37786,0.096354,0.11214,0.050573,0.05474,0.12781,0.081094
0.11745,0.37766,0.088073,0.10094,0.044896,0.048906,0.090313,0.064531
0.12354,0.33813,0.17042,0.10813,0.046094,0.057813,0.10292,0.068125
0.1125,0.37635,0.087292,0.10047,0.051458,0.060729,0.10396,0.072865
0.16062,0.38927,0.10115,0.091823,0.060677,0.061719,0.13396,0.07526
0.2051,0.33563,0.11021,0.093646,0.06125,0.06776,0.12839,0.082969
0.04651,0.085729,0.25547,0.16359,0.23849,0.068698,0.079948,0.052187
0.049115,0.11609,0.13854,0.15099,0.26115,0.079167,0.10167,0.079844
0.045,0.16448,0.12792,0.19833,0.26849,0.067187,0.095781,0.064271
0.043802,0.17313,0.22161,0.2124,0.27734,0.076667,0.095156,0.063854
0.039271,0.14422,0.18208,0.19609,0.27766,0.064219,0.078333,0.052292
0.033906,0.050625,0.14729,0.23484,0.27208,0.067448,0.076042,0.046563
0.068125,0.25177,0.13135,0.22516,0.27859,0.078073,0.093802,0.067656
0.047552,0.1988,0.22901,0.23115,0.28255,0.06224,0.080208,0.068021
0.049948,0.22469,0.14552,0.18943,0.26318,0.084844,0.14859,0.12156
0.065781,0.16536,0.16333,0.17849,0.28484,0.068385,0.082812,0.10359
0.035312,0.10849,0.12484,0.18807,0.28818,0.076146,0.08401,0.056667
0.060625,0.10703,0.12109,0.18453,0.26833,0.069427,0.070052,0.045208
0.04276,0.12656,0.21849,0.19495,0.22505,0.078854,0.093802,0.052135
0.052135,0.19286,0.15141,0.21682,0.27156,0.082865,0.10057,0.074688
0.037604,0.12536,0.14786,0.20141,0.22401,0.074063,0.089688,0.05599
0.055469,0.21552,0.11604,0.19083,0.3051,0.066875,0.082969,0.061354
0.074844,0.17026,0.13214,0.24307,0.29734,0.076979,0.077813,0.081458
0.093958,0.12906,0.099271,0.21849,0.26255,0.076302,0.068542,0.045677
0.043958,0.13182,0.20333,0.18281,0.27245,0.07651,0.078073,0.08125
0.042813,0.17229,0.10938,0.21021,0.26349,0.069844,0.063333,0.037917
0.091823,0.084219,0.22156,0.13422,0.063177,0.050885,0.1062,0.15
0.15063,0.15245,0.24995,0.14245,0.070208,0.063646,0.10464,0.19505
0.41833,0.16656,0.2751,0.15052,0.069635,0.063229,0.085312,0.17099
0.1938,0.20729,0.29771,0.14734,0.090156,0.090052,0.12271,0.21797
0.14339,0.20172,0.27776,0.14714,0.075156,0.07599,0.10292,0.16271
0.16323,0.18859,0.2976,0.1651,0.07776,0.069219,0.11182,0.20813
0.16161,0.19432,0.27563,0.15599,0.07401,0.066562,0.11771,0.20104
0.18318,0.24615,0.34755,0.16854,0.085104,0.088542,0.11646,0.22698
0.17885,0.18276,0.31188,0.16286,0.082969,0.08724,0.14484,0.24411
0.17922,0.22531,0.34078,0.14672,0.062188,0.07,0.10891,0.19516
0.17391,0.24099,0.34693,0.20172,0.089115,0.0825,0.13234,0.22089
0.16661,0.22542,0.31656,0.15885,0.077917,0.071771,0.10406,0.18115
0.19073,0.25641,0.28276,0.14896,0.085625,0.080469,0.11245,0.18214
0.19802,0.23109,0.36568,0.20411,0.091198,0.080104,0.14094,0.24052
0.17906,0.22354,0.33531,0.14115,0.083958,0.071354,0.11135,0.22599
0.1462,0.1963,0.26531,0.14432,0.079687,0.068229,0.12438,0.18375
0.13177,0.20729,0.22833,0.098906,0.063906,0.061198,0.090365,0.14615
0.18661,0.22901,0.26891,0.14057,0.069948,0.067396,0.11635,0.18464
0.21901,0.23698,0.36526,0.18745,0.091927,0.092708,0.11927,0.20792
0.21458,0.2412,0.35479,0.15047,0.090156,0.085833,0.13964,0.22698
0.090677,0.23964,0.49099,0.25094,0.15937,0.12151,0.12224,0.12578
0.064167,0.2899,0.34469,0.18052,0.096771,0.073646,0.078958,0.098333
0.081302,0.3599,0.38172,0.22422,0.14443,0.094167,0.09474,0.09125
0.069531,0.38016,0.39193,0.20427,0.12208,0.092135,0.088698,0.093385
0.049323,0.27823,0.46219,0.16802,0.08224,0.075104,0.07125,0.059948
0.063802,0.31302,0.38625,0.18995,0.1174,0.099948,0.091042,0.070156
0.052917,0.30031,0.31365,0.23521,0.10776,0.07474,0.068073,0.05875
0.058073,0.23422,0.32146,0.1762,0.089844,0.078437,0.074635,0.074167
0.062292,0.28531,0.29943,0.18021,0.089792,0.086771,0.087031,0.073333
0.05349,0.29969,0.33255,0.19833,0.12469,0.087552,0.081927,0.068333
0.057396,0.3062,0.33547,0.24604,0.13062,0.10318,0.085104,0.065208
0.05901,0.33339,0.28583,0.21609,0.097552,0.07599,0.075208,0.06651
0.055573,0.30448,0.33667,0.22323,0.099427,0.073802,0.071563,0.064687
0.065104,0.32448,0.33703,0.20641,0.10948,0.087396,0.080573,0.080729
0.057813,0.29516,0.34255,0.21141,0.11385,0.082656,0.074219,0.07224
0.062812,0.2587,0.3976,0.21974,0.10563,0.099844,0.086927,0.076406
0.052604,0.28365,0.2937,0.22422,0.12464,0.083385,0.082031,0.064479
0.058229,0.27625,0.33115,0.2349,0.12406,0.10594,0.092604,0.086042
0.059271,0.32734,0.3226,0.20755,0.10474,0.08599,0.12854,0.11771
0.076406,0.40125,0.40271,0.26474,0.13068,0.09401,0.089896,0.078906
0.069427,0.1699,0.14583,0.14547,0.095312,0.050156,0.11307,0.089323
0.085417,0.20922,0.1812,0.13865,0.10745,0.060052,0.14219,0.10224
0.08349,0.2125,0.13891,0.12146,0.089323,0.052083,0.10073,0.090885
0.076458,0.17984,0.22599,0.14135,0.086198,0.051042,0.11885,0.092448
0.070417,0.20177,0.13464,0.11922,0.085781,0.050156,0.11141,0.079635
0.082187,0.15969,0.24854,0.15167,0.077031,0.056198,0.12578,0.094844
0.090313,0.21281,0.19667,0.14745,0.10786,0.054844,0.12005,0.10307
0.08026,0.21896,0.1675,0.15036,0.10776,0.053437,0.11391,0.088125
0.075885,0.19089,0.23786,0.15557,0.090208,0.046406,0.11818,0.095365
0.072708,0.19943,0.12823,0.13052,0.081146,0.044531,0.089479,0.067969
0.062969,0.17021,0.16599,0.12937,0.075104,0.048542,0.10016,0.077813
0.072448,0.23109,0.14641,0.14745,0.094427,0.043385,0.079635,0.062969
0.071563,0.21068,0.14255,0.14531,0.096927,0.039792,0.073177,0.059583
0.056667,0.18104,0.10417,0.10052,0.070521,0.033906,0.070521,0.052448
0.063437,0.20229,0.11896,0.13724,0.092344,0.039063,0.06724,0.055104
0.08401,0.21115,0.13703,0.1188,0.074583,0.042344,0.084844,0.061406
0.076875,0.19557,0.18448,0.14661,0.10292,0.059167,0.12885,0.10776
0.046198,0.15792,0.12266,0.12557,0.07849,0.039583,0.06776,0.052865
0.073021,0.20708,0.13948,0.12932,0.072865,0.03599,0.067083,0.058385
0.069531,0.21104,0.20188,0.14281,0.074948,0.043333,0.078333,0.064479
0.064583,0.19547,0.15198,0.15557,0.08875,0.038854,0.086042,0.05625
0.0875,0.21271,0.21818,0.21589,0.14063,0.082396,0.10344,0.15375
0.086146,0.23589,0.21443,0.13276,0.10703,0.085208,0.13474,0.13052
0.097552,0.27641,0.25057,0.14047,0.10906,0.090573,0.11052,0.16161
0.097917,0.24901,0.2751,0.15,0.10193,0.065469,0.1026,0.17656
0.098958,0.20911,0.23625,0.15036,0.13193,0.074167,0.10271,0.16484
0.090625,0.24703,0.21964,0.15536,0.1287,0.073438,0.095469,0.14328
0.081302,0.23604,0.20464,0.12672,0.10052,0.060312,0.083385,0.13099
0.074063,0.18115,0.22854,0.0975,0.097708,0.056094,0.087708,0.14172
0.074896,0.20068,0.24198,0.10396,0.085729,0.052812,0.093177,0.14417
0.077917,0.18865,0.20672,0.099844,0.105,0.075677,0.086563,0.12672
0.082604,0.23766,0.21682,0.1262,0.095052,0.079531,0.089948,0.13885
0.1001,0.21578,0.22068,0.12969,0.096562,0.056302,0.10292,0.1788
0.082604,0.21443,0.20396,0.11615,0.091458,0.072083,0.09349,0.14589
0.10401,0.28609,0.26859,0.12432,0.078542,0.065365,0.091042,0.16667
0.071094,0.25271,0.22276,0.11156,0.092188,0.056979,0.083958,0.12792
0.079375,0.15932,0.20333,0.10047,0.081042,0.056198,0.073021,0.15589
0.10432,0.21698,0.24734,0.14036,0.092083,0.048646,0.08526,0.19286
0.093542,0.25667,0.20505,0.092813,0.078437,0.052812,0.078021,0.16417
0.10281,0.27693,0.19781,0.12057,0.10938,0.06651,0.11042,0.18964
0.0925,0.25302,0.25682,0.10083,0.088229,0.073438,0.093854,0.16427
0.087292,0.21984,0.24688,0.12021,0.092813,0.059115,0.095625,0.16255
0.073854,0.20193,0.17891,0.098281,0.098958,0.067865,0.090104,0.15146
0.21781,0.3226,0.18708,0.065052,0.065104,0.10292,0.09401,0.087135
0.22974,0.37161,0.33469,0.065208,0.074115,0.15021,0.14073,0.13609
0.50286,0.52448,0.53719,0.10453,0.083437,0.11833,0.11104,0.1713
0.33521,0.33198,0.1825,0.063906,0.077604,0.13906,0.11224,0.11208
0.245,0.31604,0.24406,0.054792,0.058802,0.094948,0.080365,0.095625
0.11245,0.24234,0.10688,0.058385,0.06875,0.11984,0.08651,0.075417
0.13745,0.21188,0.1512,0.059896,0.067031,0.10906,0.078594,0.06974
0.11479,0.26078,0.13146,0.055313,0.064948,0.11063,0.084844,0.06224
0.33927,0.27115,0.27406,0.074531,0.071302,0.11328,0.080729,0.10073
0.26349,0.37365,0.15464,0.059427,0.072656,0.13323,0.12568,0.10432
0.43573,0.45078,0.18182,0.069271,0.076615,0.11786,0.15865,0.10432
0.24484,0.42557,0.17964,0.06625,0.071146,0.2126,0.23208,0.10661
0.21521,0.30005,0.20177,0.070104,0.067083,0.10885,0.15932,0.15229
0.18974,0.25005,0.13943,0.053646,0.055521,0.091823,0.19161,0.071406
0.15609,0.23349,0.1276,0.046823,0.059427,0.10938,0.16594,0.074271
0.30927,0.24089,0.20396,0.05375,0.070885,0.12406,0.11542,0.090156
0.19448,0.27875,0.11995,0.05474,0.048854,0.07625,0.17234,0.082344
0.16979,0.2226,0.12745,0.0525,0.06599,0.10922,0.084844,0.073333
0.20729,0.24672,0.14313,0.049583,0.057917,0.093021,0.069635,0.0625
0.16458,0.20104,0.12948,0.049479,0.06599,0.11141,0.074688,0.066198
0.18391,0.22437,0.2749,0.070365,0.065156,0.18469,0.26411,0.058958
0.17161,0.22281,0.28854,0.079167,0.063021,0.14729,0.24646,0.073802
0.20297,0.29969,0.31073,0.077865,0.054115,0.11745,0.14714,0.081927
0.23818,0.30547,0.25474,0.069635,0.055677,0.15094,0.18516,0.079635
0.21943,0.28354,0.24224,0.10411,0.058646,0.22036,0.39802,0.087083
0.25026,0.27802,0.21271,0.093073,0.055938,0.16917,0.18281,0.073906
0.2037,0.32792,0.2187,0.080573,0.056667,0.16766,0.23844,0.10839
0.2274,0.36844,0.25182,0.11,0.070417,0.21417,0.25781,0.10005
0.22208,0.30833,0.31854,0.06901,0.055365,0.17698,0.15833,0.082604
0.21469,0.28464,0.21172,0.079687,0.049427,0.2251,0.23464,0.058333
0.22396,0.32927,0.21948,0.069167,0.041406,0.18594,0.15193,0.064427
0.26151,0.33286,0.21573,0.090677,0.056979,0.17552,0.082031,0.061146
0.26188,0.3524,0.2525,0.098542,0.064167,0.20771,0.18172,0.08526
0.25188,0.36698,0.2213,0.10021,0.040938,0.25693,0.39656,0.06349
0.28187,0.33661,0.22833,0.09349,0.045885,0.19693,0.11708,0.066354
0.27047,0.40484,0.23854,0.10068,0.050781,0.20109,0.15922,0.067448
0.25771,0.39115,0.32609,0.082031,0.040729,0.20719,0.093333,0.053802
0.26953,0.36755,0.22333,0.1101,0.045208,0.18104,0.15615,0.066354
0.26313,0.33875,0.25932,0.08401,0.051094,0.20344,0.10646,0.053385
0.24641,0.28224,0.20286,0.088177,0.040104,0.19375,0.11375,0.054271
0.38276,0.40781,0.19922,0.07151,0.080937,0.14813,0.18297,0.14615
0.40771,0.38422,0.21417,0.081302,0.10948,0.24021,0.26047,0.19083
0.32917,0.3412,0.17807,0.073906,0.088073,0.16594,0.17667,0.14359
0.34984,0.35714,0.23672,0.076458,0.089167,0.13932,0.17391,0.1375
0.38297,0.39583,0.17125,0.064062,0.096198,0.20573,0.23865,0.16339
0.3274,0.32026,0.19844,0.06474,0.065677,0.11943,0.16187,0.15687
0.31182,0.33984,0.15188,0.063177,0.089271,0.15016,0.1612,0.10974
0.2713,0.38167,0.21781,0.078698,0.088906,0.13484,0.18714,0.13354
0.28266,0.31146,0.16078,0.061042,0.088177,0.2225,0.23552,0.14406
0.31958,0.32297,0.13828,0.051406,0.064115,0.12365,0.16984,0.10932
0.29844,0.39297,0.18281,0.069271,0.086875,0.14047,0.15578,0.12724
0.36219,0.43453,0.22703,0.073698,0.074635,0.12464,0.15229,0.12911
0.34677,0.36641,0.20979,0.05724,0.07724,0.13891,0.19672,0.12156
0.37818,0.41547,0.22182,0.07125,0.07849,0.29474,0.21219,0.14135
0.3774,0.46922,0.24406,0.072917,0.091667,0.18182,0.1812,0.12094
0.41708,0.3726,0.25427,0.073698,0.085104,0.15281,0.18594,0.11964
0.38927,0.45469,0.22672,0.062396,0.075625,0.12542,0.14083,0.12641
0.4263,0.48823,0.28937,0.07026,0.085938,0.26458,0.28182,0.13167
0.4037,0.39516,0.1937,0.066979,0.074271,0.12875,0.1487,0.11036
0.40104,0.37417,0.22495,0.066458,0.07151,0.13495,0.14214,0.11094
0.39807,0.39406,0.25099,0.065833,0.069896,0.16922,0.15969,0.12745
0.42229,0.37359,0.21448,0.058229,0.068646,0.11016,0.11927,0.11901
0.44797,0.4838,0.27401,0.074896,0.069531,0.1074,0.11234,0.12469
0.051198,0.16089,0.20349,0.062292,0.048021,0.087188,0.10219,0.050156
0.098281,0.21974,0.22615,0.072813,0.045885,0.094896,0.24089,0.057292
0.08276,0.2526,0.22276,0.10026,0.050208,0.11932,0.2976,0.053385
0.099323,0.20526,0.35646,0.12859,0.056198,0.082344,0.32776,0.088802
0.23411,0.40109,0.19958,0.19943,0.065104,0.18896,0.72292,0.070729
0.15464,0.28349,0.26115,0.17208,0.069271,0.14656,0.19641,0.076979
0.12823,0.29328,0.28766,0.15172,0.048333,0.11635,0.29474,0.088438
0.095052,0.26859,0.26823,0.10125,0.050313,0.083854,0.23083,0.1188
0.063958,0.23438,0.33578,0.13823,0.05526,0.12974,0.17292,0.042188
0.071667,0.25359,0.31401,0.23927,0.074792,0.22672,0.34833,0.12193
0.051302,0.24786,0.20823,0.11531,0.05401,0.091042,0.18005,0.055208
0.058906,0.20964,0.28396,0.15901,0.057344,0.12568,0.45219,0.1001
0.066927,0.20823,0.2426,0.24885,0.067292,0.088542,0.23948,0.05276
0.073021,0.21109,0.26776,0.11995,0.046927,0.10286,0.1475,0.071979
0.075365,0.20693,0.37068,0.15276,0.060469,0.10073,0.23047,0.10427
0.095,0.23182,0.30453,0.15224,0.050833,0.10021,0.23969,0.048229
0.054375,0.22885,0.23849,0.1251,0.041667,0.085677,0.14656,0.04651
0.049948,0.21167,0.38594,0.11729,0.054688,0.11469,0.15167,0.046875
0.042552,0.22156,0.29333,0.18042,0.05026,0.066094,0.13729,0.04625
0.057031,0.14573,0.26411,0.12943,0.052969,0.0875,0.12661,0.049323
