0.087708,0.25719,0.22266,0.09125,0.054219,0.079687,0.26698,0.082865
0.042448,0.052865,0.15776,0.096042,0.037708,0.066667,0.20776,0.05349
0.050521,0.088021,0.16016,0.079062,0.040573,0.055625,0.21776,0.05625
0.045208,0.097135,0.20589,0.11036,0.036302,0.065729,0.27609,0.050729
0.043281,0.054427,0.14359,0.1051,0.037552,0.05875,0.25229,0.049948
0.038594,0.090208,0.17641,0.11729,0.044115,0.06526,0.13974,0.044375
0.036042,0.043229,0.1301,0.094427,0.038906,0.047708,0.29922,0.049583
0.038333,0.045365,0.11448,0.09151,0.037396,0.05474,0.17479,0.055104
0.039583,0.047708,0.11948,0.094687,0.04151,0.066927,0.21083,0.043021
0.036823,0.042813,0.11865,0.084062,0.038594,0.053229,0.16437,0.049115
0.035365,0.043437,0.13167,0.088125,0.032396,0.04125,0.12656,0.0475
0.034323,0.039531,0.11406,0.07875,0.038906,0.039219,0.13391,0.039115
0.039792,0.036979,0.12042,0.075677,0.034583,0.055417,0.22703,0.050313
0.034844,0.039063,0.11047,0.077448,0.03625,0.038802,0.16375,0.042917
0.044948,0.044167,0.11313,0.086719,0.039479,0.049115,0.15646,0.043854
0.03849,0.040156,0.14188,0.08349,0.031979,0.04151,0.19375,0.05099
0.039271,0.040052,0.14458,0.083802,0.038229,0.046927,0.16229,0.045469
0.03151,0.048229,0.12594,0.085,0.035625,0.046302,0.15026,0.046406
0.040313,0.043906,0.1201,0.092344,0.04099,0.052187,0.15151,0.044271
0.034896,0.042604,0.13547,0.068021,0.035937,0.054115,0.18156,0.045677
0.037708,0.039688,0.1462,0.0775,0.038281,0.059115,0.22052,0.046927
0.036562,0.040208,0.10401,0.070104,0.035417,0.046979,0.20292,0.042656
0.040521,0.045885,0.13396,0.081458,0.03776,0.047292,0.16495,0.045312
0.037448,0.040469,0.11063,0.087708,0.039271,0.061667,0.24141,0.053542
0.040156,0.042969,0.12901,0.078542,0.037396,0.055521,0.25292,0.053021
0.033333,0.036458,0.11573,0.079635,0.035833,0.052135,0.22781,0.051354
0.035208,0.040208,0.13495,0.088438,0.035365,0.056458,0.23969,0.055938
0.034792,0.04151,0.12208,0.078385,0.032344,0.057135,0.25214,0.050052
0.036979,0.038073,0.14615,0.077083,0.031875,0.049896,0.25089,0.064323
0.041302,0.038646,0.14521,0.08474,0.037865,0.051979,0.25641,0.059323
0.041094,0.04349,0.11344,0.078906,0.036354,0.049063,0.22969,0.05151
0.04349,0.068906,0.1287,0.083958,0.039635,0.056146,0.21755,0.049167
0.036875,0.042396,0.15286,0.079583,0.040781,0.060156,0.30552,0.055677
0.035781,0.043646,0.13635,0.086094,0.034844,0.058177,0.31844,0.056667
0.042813,0.065677,0.135,0.072188,0.037604,0.051406,0.20385,0.043646
0.030781,0.050156,0.14318,0.076667,0.03375,0.044167,0.23333,0.046198
0.034583,0.040313,0.14052,0.087969,0.037083,0.063177,0.27307,0.052708
0.034844,0.05,0.16432,0.09651,0.038698,0.060833,0.27604,0.057188
0.038906,0.074063,0.13693,0.074063,0.035365,0.056563,0.23021,0.051354
0.035365,0.073542,0.12901,0.077604,0.034375,0.055365,0.27141,0.051823
0.036406,0.039479,0.11667,0.074219,0.030104,0.051198,0.22677,0.056198
0.038958,0.044271,0.1313,0.089792,0.040313,0.057396,0.22917,0.042708
0.035625,0.042292,0.12047,0.087396,0.034323,0.043906,0.21833,0.042552
0.035156,0.039948,0.11677,0.075417,0.036198,0.057396,0.21224,0.052917
0.037656,0.048906,0.15125,0.081667,0.033281,0.050833,0.18375,0.057344
0.036875,0.048542,0.11729,0.080573,0.035052,0.047552,0.21969,0.062135
0.033906,0.060052,0.12172,0.078437,0.035469,0.053229,0.27333,0.052344
0.035937,0.045573,0.10943,0.082396,0.040156,0.052344,0.1512,0.04474
0.037917,0.061979,0.1337,0.086198,0.038333,0.053125,0.22245,0.040625
0.030365,0.054531,0.14781,0.082656,0.032969,0.053594,0.2251,0.054062
0.039063,0.04625,0.13292,0.074167,0.034635,0.055104,0.16026,0.042865
0.041302,0.052656,0.1501,0.10443,0.042396,0.04974,0.16766,0.047083
0.037604,0.048802,0.12698,0.080833,0.033958,0.040781,0.18995,0.045625
0.045937,0.076927,0.12359,0.074688,0.038906,0.046875,0.20484,0.04599
0.03724,0.053281,0.14688,0.077708,0.036042,0.060729,0.27464,0.045833
0.042083,0.042448,0.11661,0.070313,0.040365,0.046042,0.19349,0.062083
0.040417,0.053177,0.12208,0.085677,0.039844,0.05026,0.19938,0.04901
0.05026,0.11672,0.14036,0.079323,0.037812,0.046979,0.1862,0.05
0.035469,0.071979,0.13208,0.07349,0.031927,0.045208,0.19281,0.046979
0.037083,0.039792,0.13625,0.074115,0.03401,0.044583,0.1925,0.048229
0.039531,0.084167,0.10578,0.075677,0.035156,0.038021,0.1574,0.0475
0.039427,0.093021,0.11266,0.089271,0.035781,0.046563,0.19047,0.068333
0.046875,0.073021,0.12792,0.083594,0.039219,0.049479,0.15656,0.056094
0.049167,0.084427,0.1299,0.09599,0.035469,0.04474,0.18177,0.044062
0.046354,0.10823,0.15745,0.097552,0.04125,0.047865,0.23094,0.044219
0.044948,0.10625,0.14917,0.095885,0.03974,0.041615,0.18927,0.05
0.052969,0.15906,0.14964,0.085208,0.040833,0.04474,0.16849,0.05
0.057292,0.17693,0.15099,0.099896,0.043802,0.046615,0.24365,0.060573
0.055625,0.14266,0.13026,0.091094,0.043542,0.055625,0.2175,0.054896
0.046667,0.14734,0.1213,0.082552,0.035312,0.065,0.24099,0.074115
0.039375,0.079479,0.12359,0.077552,0.036146,0.049531,0.18906,0.047448
0.046198,0.10745,0.14474,0.083542,0.039531,0.050729,0.21807,0.056563
0.033542,0.090417,0.15281,0.09,0.034688,0.04526,0.19411,0.06375
0.04151,0.070104,0.14615,0.0825,0.040052,0.054323,0.24443,0.056302
0.033646,0.063906,0.14823,0.073906,0.034219,0.060469,0.2313,0.051042
0.03599,0.046875,0.1176,0.071406,0.032344,0.052135,0.17391,0.049271
0.041042,0.070417,0.11026,0.07849,0.037135,0.043229,0.1801,0.053281
0.031979,0.037448,0.12937,0.071563,0.033177,0.049635,0.24557,0.06875
0.03474,0.043229,0.1276,0.063542,0.035521,0.043646,0.14984,0.041667
0.037083,0.076563,0.11135,0.064635,0.034167,0.045104,0.19219,0.041979
0.045417,0.11667,0.12729,0.08,0.037865,0.066719,0.30703,0.065677
0.045521,0.1012,0.14531,0.077969,0.039583,0.061302,0.2674,0.069948
0.055052,0.10203,0.14479,0.094896,0.041823,0.061771,0.22818,0.058333
0.04724,0.11026,0.145,0.087552,0.044167,0.052083,0.25542,0.060469
0.043594,0.10255,0.16432,0.077292,0.037708,0.072292,0.26276,0.062917
0.046354,0.14339,0.14911,0.090677,0.045573,0.064062,0.22781,0.048698
0.036719,0.10578,0.14198,0.076198,0.035781,0.053958,0.21313,0.055208
0.039323,0.12781,0.14729,0.086302,0.039688,0.050104,0.23995,0.055885
0.040833,0.14,0.13016,0.075729,0.03625,0.047135,0.2225,0.055417
0.052812,0.10792,0.13474,0.098333,0.047344,0.054635,0.17932,0.055208
0.051302,0.1224,0.14531,0.095104,0.046667,0.050052,0.17526,0.06651
0.041719,0.13464,0.13703,0.089792,0.040573,0.05099,0.29005,0.053125
0.059167,0.19125,0.15026,0.082083,0.034531,0.046198,0.15677,0.048125
0.043802,0.081615,0.1074,0.087604,0.036458,0.047188,0.1987,0.058698
0.039063,0.072031,0.16656,0.096615,0.039271,0.04599,0.16839,0.051198
0.039948,0.077552,0.12234,0.086563,0.03401,0.051823,0.21557,0.046823
0.040208,0.082969,0.13766,0.094792,0.037344,0.05349,0.21266,0.046615
0.056094,0.094948,0.12531,0.08625,0.039583,0.051979,0.15964,0.057917
0.039688,0.062969,0.13484,0.06224,0.035781,0.049531,0.27406,0.066823
0.034271,0.050729,0.13068,0.07474,0.03875,0.05349,0.20802,0.044479
0.042656,0.078229,0.11839,0.091406,0.036615,0.050417,0.19099,0.046563
0.043177,0.065937,0.13068,0.064531,0.040469,0.050573,0.17547,0.045729
0.046719,0.092604,0.13365,0.086979,0.044427,0.063646,0.24089,0.055885
0.047708,0.080937,0.11229,0.06125,0.038698,0.063177,0.22703,0.052344
0.037083,0.071667,0.14594,0.099323,0.039219,0.06599,0.25156,0.065365
0.041667,0.066667,0.14188,0.084583,0.041042,0.052865,0.19547,0.049531
0.051667,0.09151,0.14021,0.098073,0.049844,0.053646,0.19974,0.052344
0.03849,0.071302,0.13042,0.090729,0.039375,0.047969,0.17656,0.053021
0.037448,0.063437,0.17141,0.10885,0.04099,0.045885,0.12281,0.046198
0.039688,0.11089,0.13401,0.087656,0.034688,0.057813,0.27516,0.052865
0.039844,0.070521,0.15828,0.09401,0.039479,0.05474,0.19396,0.051979
0.040313,0.068021,0.14224,0.062604,0.035937,0.049479,0.23328,0.052448
0.038333,0.071094,0.11901,0.08151,0.036771,0.059323,0.29349,0.051458
0.048073,0.15948,0.11031,0.070208,0.035417,0.046198,0.13672,0.039063
0.074375,0.2426,0.13109,0.086094,0.049635,0.065729,0.22938,0.057708
0.055417,0.074896,0.13297,0.055781,0.047031,0.07151,0.14182,0.076406
0.051146,0.11448,0.11385,0.052917,0.042708,0.051979,0.12953,0.0475
0.04651,0.056302,0.087396,0.049063,0.038802,0.049948,0.10818,0.057448
0.045365,0.09901,0.087552,0.046979,0.03875,0.052552,0.21823,0.05474
0.049271,0.08099,0.085781,0.049635,0.043854,0.055521,0.15583,0.055469
0.042448,0.057188,0.049063,0.045573,0.035729,0.060677,0.21359,0.055938
0.039375,0.05224,0.053646,0.053073,0.039583,0.050052,0.20922,0.05349
0.045104,0.10406,0.059427,0.041563,0.038385,0.059948,0.22708,0.062865
0.045625,0.068333,0.056927,0.043646,0.034167,0.051979,0.27141,0.055417
0.042604,0.053646,0.056719,0.043281,0.032396,0.040469,0.12568,0.054635
0.03651,0.050469,0.055885,0.048021,0.036302,0.040104,0.16734,0.050885
0.041927,0.057031,0.068281,0.049792,0.036198,0.044271,0.19276,0.047396
0.044323,0.059062,0.056042,0.047969,0.039219,0.050208,0.23193,0.050781
0.036875,0.047656,0.050313,0.041979,0.029948,0.042292,0.23729,0.045469
0.033542,0.05349,0.049115,0.044219,0.034688,0.03974,0.16562,0.045885
0.037344,0.0675,0.049792,0.044635,0.036823,0.04125,0.185,0.04974
0.041302,0.078125,0.055885,0.04151,0.035781,0.055156,0.1574,0.044635
0.045937,0.065937,0.096615,0.046094,0.035208,0.048854,0.13865,0.047813
0.043177,0.079635,0.053333,0.046667,0.037448,0.047396,0.15672,0.047865
0.047188,0.067031,0.051719,0.041771,0.03901,0.055313,0.18281,0.051771
0.042708,0.070365,0.062708,0.037344,0.033125,0.045,0.14802,0.046979
0.047031,0.083437,0.05651,0.044635,0.038177,0.061042,0.25323,0.064531
0.046979,0.068542,0.05474,0.038646,0.03474,0.056615,0.21391,0.051927
0.033646,0.064219,0.061146,0.038073,0.028385,0.056719,0.22208,0.054844
0.03724,0.054167,0.052396,0.039323,0.032396,0.055781,0.21781,0.058854
0.0375,0.085625,0.057135,0.038646,0.03375,0.05026,0.19813,0.053021
0.043177,0.059635,0.068854,0.061927,0.036146,0.045833,0.19182,0.045677
0.04099,0.05401,0.061771,0.043073,0.031823,0.049167,0.19464,0.051823
0.039063,0.051823,0.067083,0.048385,0.035052,0.056667,0.21089,0.05224
0.040208,0.042917,0.065573,0.042344,0.031927,0.044167,0.18937,0.04849
0.032865,0.052604,0.064323,0.043281,0.037083,0.041146,0.23708,0.04401
0.046042,0.090417,0.04526,0.036406,0.035521,0.077917,0.36672,0.074948
0.03901,0.068177,0.04099,0.037448,0.036198,0.051719,0.25589,0.049635
0.038281,0.073438,0.050677,0.037448,0.033594,0.05125,0.2551,0.065729
0.03901,0.073281,0.063437,0.037031,0.02974,0.056354,0.25682,0.056719
0.04151,0.064271,0.055521,0.048438,0.038281,0.046354,0.17313,0.053021
0.039688,0.070417,0.055052,0.036146,0.035052,0.054479,0.25078,0.058438
0.042083,0.064531,0.049531,0.035,0.035729,0.05,0.21682,0.053385
0.041458,0.1275,0.053646,0.036302,0.03349,0.047969,0.255,0.050625
0.054323,0.14401,0.067552,0.049688,0.038958,0.065885,0.31182,0.06151
0.044167,0.07599,0.073646,0.045312,0.033594,0.061719,0.27917,0.050365
0.039792,0.062031,0.087188,0.04099,0.038229,0.051302,0.31141,0.057917
0.041198,0.073646,0.063594,0.042865,0.034479,0.056458,0.22818,0.054896
0.036667,0.065365,0.077083,0.044219,0.037708,0.061667,0.33427,0.056302
0.07099,0.16589,0.088542,0.051562,0.040208,0.055729,0.29599,0.059219
0.047083,0.093125,0.085208,0.046458,0.035677,0.058177,0.27656,0.05151
0.05151,0.10349,0.092135,0.046198,0.040104,0.058802,0.1838,0.065677
0.043177,0.087344,0.077708,0.047604,0.032552,0.053281,0.17849,0.047448
0.057552,0.13635,0.091042,0.045104,0.041302,0.056146,0.1887,0.062292
0.056458,0.16031,0.085469,0.045417,0.036771,0.049688,0.18026,0.057552
0.039896,0.068073,0.066198,0.049844,0.038333,0.049688,0.1963,0.062396
0.038958,0.078437,0.064583,0.045052,0.039063,0.060365,0.20901,0.060312
0.035729,0.05724,0.077344,0.044844,0.035312,0.05349,0.16271,0.06026
0.049896,0.12057,0.065781,0.040104,0.043906,0.066979,0.25682,0.066146
0.041302,0.08099,0.065104,0.04349,0.032135,0.04474,0.17875,0.053594
0.063281,0.12677,0.071146,0.048021,0.044531,0.063125,0.17646,0.063229
0.042083,0.071406,0.051823,0.03474,0.039063,0.048438,0.1163,0.05776
0.041458,0.089063,0.065208,0.048542,0.038229,0.063229,0.23708,0.056719
0.042969,0.08375,0.06401,0.040156,0.038958,0.054583,0.1924,0.068437
0.035677,0.071406,0.088594,0.049115,0.038177,0.049844,0.18198,0.048385
0.0425,0.10464,0.051458,0.040573,0.034271,0.055833,0.1774,0.053125
0.039375,0.10661,0.067292,0.040156,0.031979,0.051562,0.30297,0.059323
0.039635,0.087344,0.063385,0.036562,0.032448,0.05526,0.19089,0.052396
0.037083,0.088854,0.051562,0.034635,0.041146,0.054271,0.18557,0.058438
0.045729,0.11292,0.053854,0.040208,0.036458,0.060052,0.30552,0.062552
0.042344,0.084896,0.06625,0.035365,0.034792,0.064792,0.23943,0.058438
0.053385,0.17693,0.083542,0.04401,0.03599,0.061302,0.2949,0.062917
0.035052,0.098125,0.076875,0.040677,0.031198,0.05125,0.1599,0.061979
0.031719,0.061771,0.074688,0.038542,0.031823,0.052812,0.21344,0.055
0.0625,0.18964,0.079062,0.049323,0.034844,0.060104,0.23719,0.074583
0.050313,0.15979,0.094271,0.05,0.035521,0.038698,0.15885,0.050573
0.036042,0.065469,0.066615,0.039167,0.034948,0.053021,0.22911,0.060312
0.038021,0.051458,0.092344,0.046771,0.035365,0.052031,0.23255,0.063229
0.037708,0.068177,0.076771,0.039531,0.034063,0.049271,0.21745,0.057292
0.032344,0.061042,0.077865,0.042708,0.033438,0.047292,0.19104,0.050469
0.041146,0.085365,0.090104,0.045156,0.032448,0.064167,0.24641,0.065937
0.033646,0.083281,0.090573,0.047552,0.036094,0.053333,0.24089,0.050781
0.041094,0.097917,0.097656,0.054844,0.043125,0.055833,0.27359,0.068021
0.03151,0.068281,0.10792,0.051406,0.03974,0.058385,0.21161,0.04901
0.031823,0.078125,0.095417,0.037812,0.031094,0.051406,0.26813,0.063437
0.034167,0.081875,0.10448,0.054062,0.035885,0.0575,0.31474,0.060937
0.037656,0.053177,0.082917,0.045417,0.033229,0.056094,0.26057,0.061094
0.036458,0.093021,0.088021,0.045573,0.032396,0.055729,0.27609,0.060833
0.039583,0.10995,0.10135,0.05026,0.02849,0.061302,0.25958,0.053646
0.040313,0.097031,0.095781,0.056198,0.036875,0.056719,0.28401,0.056406
0.03151,0.073802,0.10036,0.052344,0.03099,0.070469,0.32042,0.063698
0.051927,0.15063,0.10589,0.045521,0.03474,0.056042,0.22979,0.058333
0.033802,0.07875,0.10922,0.047396,0.032292,0.063177,0.30323,0.054896
0.035833,0.065729,0.10979,0.055365,0.034583,0.045104,0.2626,0.060365
0.036979,0.088125,0.088385,0.048854,0.037604,0.055469,0.33042,0.060365
0.053125,0.19026,0.091563,0.04375,0.039792,0.06125,0.23964,0.068021
0.037812,0.11375,0.1012,0.049323,0.03349,0.052083,0.22479,0.053229
0.035208,0.079531,0.10542,0.050469,0.03724,0.057031,0.2663,0.065104
0.037708,0.06474,0.11448,0.051198,0.033698,0.052396,0.20703,0.057656
0.040573,0.092813,0.12073,0.060833,0.037969,0.056406,0.26068,0.063281
0.037187,0.067708,0.12667,0.05224,0.038646,0.055625,0.19042,0.062083
0.03724,0.10078,0.11146,0.060937,0.037396,0.045625,0.21521,0.0575
0.080937,0.25469,0.18802,0.093125,0.046354,0.084271,0.23292,0.088073
0.056771,0.18776,0.15161,0.073073,0.03625,0.05849,0.25396,0.059635
0.038125,0.10359,0.12828,0.06651,0.03849,0.050208,0.19344,0.057344
0.046406,0.13771,0.13609,0.07026,0.035573,0.053333,0.26141,0.059792
0.045,0.12193,0.11318,0.05901,0.039219,0.051979,0.17609,0.052083
0.047448,0.18688,0.14677,0.057813,0.031198,0.057135,0.2251,0.058073
0.04349,0.12776,0.14266,0.091406,0.037917,0.051875,0.17245,0.050885
0.056771,0.21896,0.15245,0.076979,0.036406,0.046771,0.19464,0.051667
0.038385,0.11151,0.11089,0.068073,0.034479,0.053854,0.27687,0.049479
0.039948,0.10172,0.14406,0.068073,0.036458,0.055104,0.22464,0.063594
0.038437,0.098021,0.13422,0.064635,0.035937,0.043698,0.12776,0.051719
0.044062,0.13297,0.13057,0.069583,0.031354,0.053646,0.22859,0.049427
0.056458,0.16021,0.12599,0.072656,0.03776,0.054479,0.29547,0.057292
0.045677,0.13911,0.12365,0.061094,0.034063,0.047917,0.22922,0.045729
0.067344,0.22115,0.1549,0.065937,0.040104,0.05776,0.19333,0.059167
0.030417,0.088385,0.14563,0.068802,0.035365,0.051302,0.25661,0.057344
0.032396,0.11911,0.14641,0.069115,0.033229,0.058125,0.27917,0.056563
0.040469,0.1462,0.15354,0.064167,0.03849,0.057188,0.25255,0.055208
0.070156,0.19469,0.14609,0.0625,0.046406,0.14146,0.22167,0.051823
0.065833,0.13214,0.10703,0.050417,0.04599,0.12349,0.28146,0.065104
0.055938,0.061406,0.079531,0.04474,0.03651,0.086823,0.18599,0.042292
0.055677,0.06776,0.054271,0.039531,0.040417,0.092917,0.23005,0.053177
0.053385,0.072396,0.043333,0.039688,0.034219,0.051302,0.1312,0.036562
0.059635,0.084948,0.044687,0.04151,0.034531,0.069531,0.16719,0.047135
0.072344,0.29078,0.082448,0.0525,0.048594,0.15589,0.25193,0.07349
0.056667,0.09625,0.1451,0.068437,0.045937,0.10417,0.17964,0.0525
0.059271,0.041042,0.092969,0.057396,0.035833,0.079115,0.14911,0.04599
0.060469,0.064167,0.10505,0.068646,0.037656,0.097812,0.21422,0.064323
0.051823,0.040885,0.03349,0.031875,0.032031,0.11042,0.21604,0.04776
0.048906,0.039792,0.043385,0.03849,0.032917,0.055781,0.12156,0.03349
0.04974,0.059375,0.076406,0.044062,0.033177,0.082969,0.22719,0.048281
0.054323,0.044479,0.13135,0.065729,0.038177,0.13198,0.22708,0.052865
0.049792,0.06901,0.083073,0.045521,0.033646,0.064115,0.1675,0.040833
0.052969,0.050781,0.062396,0.038437,0.034427,0.073594,0.17766,0.042813
0.056094,0.055625,0.083333,0.052187,0.042396,0.18984,0.25349,0.048229
0.053021,0.097031,0.055521,0.043802,0.037448,0.11214,0.22354,0.045729
0.057813,0.10224,0.060677,0.04,0.040365,0.17578,0.23927,0.05474
0.051875,0.059219,0.07776,0.04099,0.034063,0.06974,0.16318,0.039427
0.049271,0.092813,0.053906,0.039844,0.03724,0.10641,0.17896,0.05651
0.05349,0.13323,0.092604,0.043125,0.039375,0.10495,0.2325,0.050521
0.05776,0.11406,0.046875,0.040885,0.037187,0.13078,0.17281,0.049063
0.053385,0.10714,0.11604,0.062969,0.040365,0.10406,0.17182,0.048438
0.050937,0.10953,0.059531,0.040417,0.038073,0.12266,0.19896,0.057292
0.049427,0.09375,0.036719,0.035104,0.036719,0.074427,0.13932,0.044271
0.051042,0.10099,0.03875,0.034792,0.040156,0.064687,0.14542,0.042448
0.052344,0.12823,0.039635,0.039688,0.035885,0.084531,0.2175,0.048177
0.049427,0.066771,0.036406,0.035521,0.031667,0.065625,0.13948,0.036406
0.055677,0.10391,0.040417,0.033802,0.033125,0.083385,0.15172,0.046563
0.054635,0.15349,0.041771,0.042031,0.03,0.062031,0.17161,0.034167
0.052812,0.10823,0.039948,0.032083,0.030052,0.089115,0.1676,0.039167
0.05276,0.080365,0.034688,0.033958,0.032656,0.07401,0.15422,0.045937
0.056458,0.11094,0.03776,0.034896,0.037969,0.10104,0.14839,0.043594
0.053542,0.13104,0.037292,0.039219,0.044635,0.12224,0.22083,0.056927
0.05974,0.14234,0.055729,0.040313,0.035469,0.10844,0.24578,0.047031
0.059531,0.13786,0.09625,0.044531,0.034635,0.12,0.18365,0.052448
0.057448,0.13974,0.054635,0.04349,0.036979,0.097969,0.17583,0.046927
0.04651,0.071615,0.046354,0.035781,0.034427,0.066875,0.19427,0.045885
0.048177,0.075313,0.032135,0.03125,0.035469,0.12021,0.14359,0.045208
0.050156,0.062552,0.039323,0.03901,0.035052,0.12552,0.21807,0.048646
0.051042,0.066406,0.032708,0.035521,0.036927,0.13339,0.21458,0.045573
0.04875,0.1049,0.036927,0.03849,0.036719,0.14854,0.21063,0.064896
0.049167,0.07474,0.13615,0.059635,0.037187,0.074531,0.12672,0.040677
0.049219,0.084115,0.045885,0.038229,0.037865,0.093021,0.20313,0.046615
0.047188,0.064427,0.034531,0.031458,0.029635,0.064167,0.12083,0.043437
0.045625,0.070365,0.032969,0.03276,0.031354,0.052448,0.077708,0.035729
0.049219,0.089531,0.031823,0.031927,0.035312,0.11193,0.16214,0.045937
0.0525,0.086563,0.042188,0.036354,0.039167,0.082448,0.19943,0.050104
0.0525,0.070781,0.034063,0.028646,0.030781,0.077604,0.16859,0.044635
0.045104,0.0675,0.035052,0.02974,0.037135,0.089531,0.14526,0.046198
0.052396,0.062292,0.039583,0.039844,0.044479,0.06474,0.18146,0.046823
0.052187,0.06401,0.037292,0.034219,0.033958,0.062083,0.1826,0.037708
0.050833,0.051667,0.035312,0.03401,0.036198,0.08724,0.11755,0.041563
0.049271,0.046406,0.035833,0.031198,0.038698,0.091615,0.1363,0.045052
0.054531,0.037083,0.033021,0.029844,0.034375,0.072031,0.16995,0.038854
0.049115,0.051823,0.03224,0.035,0.032448,0.092135,0.23401,0.046302
0.052708,0.062865,0.036094,0.035052,0.039167,0.14568,0.1962,0.051875
0.053021,0.042604,0.039271,0.038333,0.037083,0.13469,0.21505,0.047292
0.048021,0.033594,0.03474,0.036354,0.03625,0.070104,0.13672,0.042292
0.051406,0.039635,0.038333,0.037292,0.034375,0.079531,0.13938,0.037552
0.051615,0.066146,0.037396,0.035417,0.040833,0.10417,0.1599,0.056719
0.053854,0.15021,0.14047,0.065208,0.041823,0.1387,0.27625,0.065208
0.040104,0.037656,0.098594,0.059583,0.040365,0.11396,0.20922,0.047813
0.039896,0.029115,0.05599,0.04,0.040417,0.085104,0.18094,0.036354
0.038177,0.043802,0.076719,0.048281,0.037656,0.11469,0.1624,0.034635
0.043021,0.036615,0.074896,0.049167,0.031563,0.078333,0.13953,0.038958
0.043229,0.035729,0.041719,0.032969,0.027708,0.1537,0.25359,0.038802
0.038073,0.03474,0.038698,0.03724,0.033906,0.062812,0.22687,0.03151
0.042813,0.032344,0.034792,0.039635,0.033229,0.070052,0.18536,0.039375
0.038125,0.032031,0.028281,0.032969,0.031823,0.035885,0.076094,0.026979
0.039323,0.032344,0.032292,0.034792,0.036719,0.05526,0.18667,0.037083
0.038594,0.032031,0.033646,0.035729,0.03401,0.077604,0.19396,0.041667
0.038177,0.028802,0.032188,0.035573,0.035208,0.056302,0.17885,0.031302
0.038177,0.034063,0.049219,0.038281,0.032344,0.065885,0.20599,0.036927
0.046354,0.032188,0.04849,0.034479,0.031667,0.060781,0.13927,0.034479
0.041615,0.031823,0.049635,0.036406,0.029687,0.066771,0.18526,0.031094
0.036146,0.035,0.041406,0.037344,0.031667,0.062812,0.19823,0.03401
0.03901,0.03651,0.034896,0.032552,0.03349,0.065312,0.19542,0.037031
0.038802,0.0325,0.055313,0.033229,0.033333,0.068333,0.22927,0.03625
0.03625,0.034635,0.045677,0.033958,0.031354,0.072969,0.19359,0.036458
0.042917,0.034583,0.035781,0.033802,0.02875,0.093333,0.21375,0.036198
0.035625,0.032448,0.037552,0.040729,0.031354,0.10359,0.21875,0.033438
0.039844,0.035625,0.03901,0.029375,0.028802,0.089688,0.23099,0.033906
0.042865,0.030938,0.047292,0.040365,0.03276,0.085781,0.1276,0.035937
0.038229,0.038802,0.038698,0.036615,0.031458,0.079792,0.18229,0.03875
0.033802,0.030885,0.044583,0.038125,0.03401,0.074688,0.19193,0.044219
0.033594,0.035,0.033073,0.033698,0.032969,0.054427,0.21703,0.035677
0.045156,0.031302,0.02724,0.032344,0.031979,0.094271,0.17438,0.033333
0.042865,0.035729,0.034479,0.035,0.031615,0.079635,0.18542,0.036823
0.041823,0.03625,0.03375,0.032188,0.031042,0.12182,0.27594,0.044375
0.038698,0.03125,0.034583,0.032396,0.028698,0.12552,0.20667,0.033125
0.042292,0.040885,0.036146,0.035312,0.034115,0.087083,0.34469,0.039063
0.03875,0.038542,0.035208,0.034531,0.030938,0.076615,0.18875,0.042604
0.037969,0.032396,0.034375,0.03375,0.032552,0.071146,0.16719,0.03724
0.03625,0.035052,0.031771,0.034323,0.030156,0.0675,0.16182,0.03224
0.041354,0.035104,0.11063,0.059115,0.036927,0.086406,0.23177,0.038281
0.037135,0.03776,0.061823,0.044896,0.031146,0.10875,0.23307,0.040469
0.037708,0.029219,0.033229,0.032031,0.028281,0.059427,0.12609,0.031198
0.035677,0.033594,0.051146,0.031667,0.027292,0.080833,0.18063,0.033542
0.036719,0.038177,0.036719,0.036771,0.034323,0.083542,0.13844,0.036771
0.03875,0.037344,0.033229,0.029948,0.028021,0.081667,0.24224,0.038802
0.040208,0.042656,0.032917,0.036771,0.028177,0.11167,0.19891,0.041563
0.034479,0.033385,0.030833,0.031979,0.029844,0.053646,0.15177,0.030833
0.040313,0.043229,0.096094,0.059323,0.029323,0.037865,0.030573,0.03224
0.067396,0.12255,0.1588,0.079271,0.068281,0.10625,0.18818,0.10135
0.046979,0.089115,0.15839,0.072604,0.040417,0.067969,0.13969,0.056927
0.047917,0.11599,0.16125,0.072656,0.043073,0.076406,0.24823,0.059323
0.040313,0.062656,0.16943,0.078698,0.03276,0.063281,0.17786,0.052396
0.04224,0.079844,0.13896,0.080677,0.037135,0.056198,0.13323,0.051979
0.043073,0.090469,0.13323,0.068906,0.031875,0.070938,0.20208,0.055833
0.042344,0.077813,0.14667,0.07224,0.037292,0.068125,0.20443,0.051615
0.040365,0.091979,0.15172,0.072448,0.03724,0.059948,0.19562,0.052812
0.039271,0.078802,0.13208,0.080729,0.030938,0.054688,0.15786,0.046719
0.042813,0.07276,0.13708,0.072188,0.03849,0.067031,0.23828,0.057188
0.045677,0.10469,0.15083,0.067292,0.035833,0.069844,0.1937,0.056302
0.043906,0.094531,0.12906,0.065,0.038958,0.056563,0.16458,0.04875
0.044948,0.10458,0.16094,0.078125,0.03375,0.061771,0.16234,0.04849
0.036302,0.10177,0.12745,0.065365,0.033333,0.059896,0.20172,0.053125
0.048073,0.14208,0.1525,0.07401,0.035469,0.067969,0.22646,0.070365
0.039479,0.10911,0.12323,0.061667,0.036927,0.066146,0.16021,0.054375
0.041563,0.11719,0.1349,0.066562,0.036823,0.062656,0.21167,0.052344
0.040833,0.09974,0.11776,0.063646,0.03625,0.053385,0.14495,0.053854
0.045625,0.11016,0.14698,0.056146,0.032448,0.066667,0.15953,0.054792
0.045417,0.094792,0.14443,0.061094,0.031406,0.055781,0.19266,0.049271
0.043385,0.11365,0.15146,0.067969,0.035677,0.069271,0.21677,0.051562
0.046146,0.12677,0.16021,0.070313,0.039896,0.064167,0.18651,0.051042
0.042813,0.1012,0.14771,0.065833,0.035833,0.055625,0.12708,0.050208
0.038906,0.079583,0.15047,0.071563,0.037135,0.050104,0.16078,0.060885
0.039896,0.097448,0.13042,0.072969,0.035573,0.057344,0.19052,0.048594
0.04349,0.096875,0.12958,0.057865,0.035677,0.053906,0.15172,0.045729
0.047292,0.11828,0.1524,0.067865,0.036042,0.060885,0.16411,0.055417
0.037604,0.068698,0.13344,0.062865,0.037812,0.055521,0.16859,0.048698
0.041771,0.075885,0.14036,0.06599,0.032292,0.059375,0.14849,0.052865
0.045156,0.087188,0.12068,0.061302,0.031406,0.057865,0.14203,0.049688
0.036198,0.075677,0.12635,0.056615,0.034531,0.050313,0.15948,0.05026
0.041406,0.086771,0.11484,0.066354,0.037708,0.057083,0.19125,0.055208
0.038177,0.08151,0.13781,0.054688,0.034115,0.063698,0.19234,0.056354
0.040052,0.061146,0.13198,0.074688,0.030573,0.054688,0.14172,0.052656
0.037865,0.06224,0.13104,0.061615,0.035,0.054219,0.12302,0.049792
0.042344,0.080781,0.13479,0.063802,0.033177,0.050417,0.15573,0.051562
0.039323,0.14495,0.14813,0.066562,0.035469,0.078177,0.2137,0.060885
0.043802,0.089167,0.12896,0.06375,0.03224,0.050104,0.2276,0.051042
0.044375,0.094635,0.15313,0.071354,0.038281,0.053229,0.17354,0.056563
0.042917,0.07474,0.12583,0.061146,0.031094,0.055573,0.22495,0.04776
0.043021,0.089688,0.11661,0.055625,0.031354,0.059219,0.20927,0.042135
0.042813,0.056615,0.1249,0.068333,0.03724,0.059323,0.20172,0.049063
0.0375,0.077344,0.12719,0.065365,0.031042,0.062865,0.19297,0.057083
0.044583,0.08151,0.1276,0.05724,0.034688,0.05974,0.16474,0.053802
0.040417,0.083177,0.12417,0.057708,0.03,0.067292,0.23833,0.051667
0.042083,0.10901,0.11078,0.060156,0.034583,0.055521,0.23344,0.048594
0.047188,0.11547,0.1437,0.067708,0.031094,0.069062,0.22687,0.051302
0.041354,0.093802,0.15734,0.079844,0.034896,0.064792,0.20802,0.051771
0.049063,0.055469,0.21974,0.093125,0.041979,0.075208,0.24109,0.047292
0.047917,0.083958,0.17661,0.075885,0.031979,0.062083,0.21854,0.051042
0.039792,0.068229,0.15255,0.072448,0.031823,0.060833,0.16312,0.05099
0.03776,0.094479,0.1801,0.069896,0.034792,0.06276,0.16,0.046354
0.045729,0.10281,0.15016,0.066667,0.034531,0.060729,0.15714,0.051562
0.041979,0.095729,0.13406,0.057813,0.036042,0.065885,0.20677,0.055625
0.039271,0.088021,0.14036,0.064323,0.036354,0.081094,0.19031,0.052031
0.03875,0.075156,0.15385,0.063385,0.030938,0.068437,0.2638,0.05349
0.042031,0.060937,0.1637,0.067292,0.040208,0.056563,0.14745,0.054323
0.04349,0.10813,0.17359,0.066302,0.033854,0.063177,0.18219,0.049479
0.042448,0.084427,0.17599,0.056302,0.033854,0.060104,0.1938,0.052604
0.043281,0.095885,0.15687,0.065885,0.0325,0.060365,0.18448,0.048802
0.041198,0.10328,0.14708,0.062865,0.037292,0.065417,0.19344,0.060417
0.04,0.072344,0.18667,0.065937,0.029635,0.06724,0.17964,0.049896
0.040104,0.071354,0.19047,0.065833,0.037708,0.059323,0.16417,0.052396
0.039896,0.060677,0.16568,0.068802,0.030365,0.062656,0.18521,0.048958
0.042604,0.099635,0.16922,0.069792,0.034219,0.064375,0.20172,0.055885
0.03625,0.08276,0.15719,0.057552,0.034635,0.059479,0.17266,0.052812
0.043646,0.13432,0.18646,0.059479,0.03474,0.066719,0.17875,0.054271
0.046563,0.091667,0.15927,0.064531,0.03526,0.065469,0.1763,0.053958
0.039531,0.069792,0.18563,0.069479,0.032188,0.05625,0.18922,0.052708
0.042031,0.071042,0.18177,0.069844,0.036198,0.06349,0.17729,0.051458
0.04375,0.09099,0.19073,0.06401,0.035729,0.055313,0.18292,0.045573
0.043177,0.084531,0.17391,0.066198,0.03026,0.069167,0.26083,0.053646
0.038646,0.051667,0.1887,0.064375,0.0325,0.068437,0.18625,0.058438
0.040677,0.055938,0.20615,0.067448,0.036354,0.069635,0.22422,0.053698
0.036146,0.051146,0.16052,0.060677,0.034323,0.06651,0.23089,0.054792
0.041406,0.10911,0.18469,0.076198,0.032396,0.074844,0.2162,0.056979
0.043021,0.072813,0.18568,0.063437,0.033594,0.074635,0.21271,0.058646
0.039063,0.07151,0.18234,0.068385,0.033229,0.073958,0.26318,0.056719
0.041927,0.075573,0.19026,0.068177,0.034896,0.070052,0.2449,0.056927
0.039948,0.063281,0.17661,0.069687,0.035625,0.065885,0.16958,0.055365
0.045521,0.090208,0.15661,0.067604,0.03599,0.059479,0.18786,0.050677
0.039792,0.092865,0.14849,0.068177,0.040938,0.061927,0.1974,0.05401
0.043698,0.085833,0.18167,0.064115,0.033542,0.071667,0.19578,0.056667
0.043906,0.085104,0.1501,0.06026,0.033229,0.069375,0.19927,0.056667
0.046875,0.10521,0.15786,0.066615,0.037656,0.065417,0.1951,0.056823
0.042031,0.084167,0.17818,0.052604,0.03651,0.057552,0.15391,0.053437
0.043229,0.098385,0.18484,0.063437,0.03224,0.074844,0.22479,0.054844
0.044375,0.13005,0.1637,0.05875,0.031927,0.067031,0.14484,0.057552
0.044219,0.095104,0.16104,0.059375,0.033333,0.063646,0.14151,0.0525
0.043073,0.16464,0.17474,0.058333,0.02849,0.069687,0.215,0.058698
0.044479,0.10646,0.15995,0.062812,0.036354,0.061927,0.14589,0.054375
0.046563,0.05724,0.15276,0.055521,0.036875,0.074167,0.16932,0.054688
0.0425,0.1176,0.17682,0.053073,0.034063,0.067292,0.21708,0.059583
0.047083,0.10698,0.17823,0.061094,0.035573,0.061094,0.14776,0.060156
0.04651,0.08401,0.19594,0.064844,0.03375,0.061562,0.15042,0.051042
0.045937,0.090365,0.17974,0.062656,0.035052,0.059687,0.16708,0.054531
0.03849,0.11021,0.17271,0.058333,0.034271,0.065781,0.15469,0.057969
0.046302,0.11422,0.16807,0.062448,0.03625,0.067031,0.20146,0.057031
0.044115,0.077448,0.17635,0.056875,0.03224,0.065312,0.16557,0.056094
0.03974,0.099687,0.17161,0.059792,0.032604,0.05875,0.11667,0.049688
0.044844,0.092031,0.17656,0.054167,0.034531,0.07026,0.15552,0.053021
0.046094,0.12479,0.19609,0.066823,0.036927,0.058281,0.13776,0.056458
0.04276,0.11135,0.17839,0.057865,0.032344,0.0625,0.12521,0.052708
0.049792,0.11693,0.19422,0.071667,0.037031,0.069271,0.14016,0.059271
0.043906,0.090417,0.17927,0.051562,0.033594,0.05901,0.14875,0.047917
0.045729,0.1163,0.18047,0.063177,0.036198,0.066094,0.18604,0.060677
0.037292,0.13245,0.17219,0.054688,0.033958,0.064271,0.24417,0.055104
0.043854,0.11396,0.18667,0.064167,0.032292,0.064271,0.20609,0.057865
0.039479,0.1062,0.16823,0.056979,0.032917,0.069219,0.20318,0.056719
0.039583,0.10906,0.16437,0.069479,0.031979,0.071875,0.18078,0.05875
0.045573,0.074531,0.17917,0.056146,0.02974,0.062396,0.18771,0.056979
0.040885,0.11068,0.1863,0.061615,0.029115,0.064219,0.20255,0.051823
0.058021,0.10229,0.10573,0.04974,0.052812,0.092344,0.25792,0.081146
0.050833,0.078542,0.11401,0.042604,0.036406,0.083229,0.23,0.075781
0.046615,0.061094,0.096302,0.042083,0.040156,0.086979,0.32318,0.081875
0.049063,0.050313,0.11776,0.046458,0.043958,0.10312,0.38599,0.090521
0.040573,0.046927,0.11797,0.047292,0.038281,0.1051,0.37344,0.095156
0.055781,0.086615,0.14229,0.046198,0.049531,0.087135,0.25448,0.074427
0.038906,0.061458,0.11865,0.045833,0.04099,0.066615,0.27495,0.068594
0.042396,0.05776,0.1012,0.03875,0.038646,0.080521,0.22839,0.078177
0.052344,0.058698,0.11755,0.047656,0.036406,0.078125,0.33656,0.080677
0.052865,0.0775,0.11583,0.046198,0.043542,0.086406,0.34729,0.091719
0.060937,0.078229,0.1113,0.039948,0.03401,0.10417,0.27437,0.074896
0.04526,0.056198,0.14031,0.049323,0.04151,0.10469,0.33901,0.091042
0.05526,0.05651,0.15167,0.045052,0.047083,0.089167,0.32958,0.072135
0.045208,0.058333,0.14854,0.051771,0.039688,0.10333,0.33047,0.085781
0.045573,0.1024,0.097656,0.041198,0.040365,0.11948,0.38005,0.091198
0.043333,0.062552,0.14901,0.050313,0.039583,0.080781,0.3776,0.073385
0.036719,0.053177,0.094323,0.036667,0.035104,0.068385,0.19818,0.070104
0.078646,0.13411,0.14229,0.057656,0.047292,0.095677,0.38995,0.089583
0.04099,0.085677,0.13266,0.05276,0.039583,0.065208,0.30635,0.067656
0.042188,0.14281,0.11302,0.04276,0.038229,0.086667,0.48693,0.080104
0.064323,0.19089,0.14104,0.051823,0.042656,0.077396,0.26125,0.073542
0.054948,0.060625,0.12104,0.056302,0.045208,0.089219,0.31568,0.08224
0.041563,0.05099,0.11839,0.050833,0.037292,0.086094,0.39469,0.086094
0.041198,0.054531,0.11266,0.049583,0.036719,0.082865,0.40573,0.074844
0.048854,0.060104,0.17667,0.055729,0.038802,0.088906,0.30323,0.084271
0.044687,0.083385,0.11906,0.043125,0.03849,0.074427,0.30615,0.078333
0.044115,0.05901,0.13979,0.044583,0.037344,0.077865,0.37854,0.087083
0.055729,0.10255,0.15042,0.047083,0.040781,0.10505,0.35964,0.090156
0.055573,0.081302,0.16396,0.068698,0.045625,0.095573,0.3362,0.068698
0.047344,0.060625,0.17005,0.056979,0.039844,0.086823,0.34859,0.079271
0.06974,0.090208,0.14484,0.045312,0.048854,0.10307,0.28818,0.090938
0.045312,0.056146,0.15005,0.045833,0.04125,0.085104,0.41786,0.073125
0.060312,0.12161,0.15401,0.056042,0.051302,0.10667,0.35297,0.09599
0.04474,0.055833,0.17182,0.049583,0.040573,0.089323,0.39177,0.079219
0.043698,0.084583,0.17182,0.052969,0.035677,0.095104,0.4449,0.086198
0.0525,0.11115,0.15547,0.05401,0.03724,0.098646,0.56609,0.083385
0.055365,0.060365,0.18703,0.054375,0.032969,0.097135,0.47422,0.080729
0.052448,0.11859,0.14604,0.051146,0.047917,0.10458,0.57406,0.097187
0.046458,0.09474,0.12021,0.050677,0.038437,0.10859,0.39823,0.087865
0.04651,0.094427,0.14854,0.046042,0.04125,0.084531,0.3362,0.083698
0.04151,0.11922,0.16724,0.056406,0.035625,0.13047,0.44542,0.093177
0.04,0.11906,0.15891,0.046146,0.034427,0.086615,0.41818,0.074115
0.040104,0.09375,0.1712,0.052292,0.039427,0.10219,0.40255,0.097656
0.037604,0.081406,0.14641,0.04724,0.033438,0.10234,0.52016,0.082552
0.040729,0.092969,0.13286,0.049115,0.039271,0.10906,0.5763,0.10729
0.041719,0.063958,0.16068,0.054062,0.039323,0.10292,0.41495,0.10255
0.039531,0.078698,0.16323,0.05974,0.034427,0.096198,0.42474,0.085625
0.053802,0.12875,0.13479,0.056458,0.042708,0.10984,0.49755,0.10323
0.052448,0.13578,0.15229,0.053906,0.046094,0.094948,0.37589,0.074792
0.046719,0.074479,0.17573,0.053021,0.039531,0.10375,0.45297,0.095417
0.048646,0.10297,0.1637,0.062917,0.047604,0.099167,0.30245,0.085625
0.059323,0.17573,0.19385,0.07276,0.045729,0.10193,0.57536,0.10375
0.071563,0.22203,0.17932,0.05776,0.050052,0.11401,0.52906,0.10063
0.073438,0.2851,0.1837,0.06,0.051458,0.13328,0.47786,0.1251
0.068021,0.23057,0.18313,0.061615,0.050104,0.12375,0.59234,0.10552
0.074531,0.25625,0.16797,0.061927,0.051042,0.12724,0.48688,0.10656
0.070469,0.26839,0.16745,0.071094,0.041875,0.10557,0.37667,0.077188
0.064115,0.24302,0.15547,0.063698,0.042448,0.12542,0.54911,0.10354
0.056354,0.18672,0.18453,0.062396,0.04599,0.11609,0.49349,0.084896
0.064062,0.20964,0.16823,0.051562,0.041406,0.1075,0.45781,0.090469
0.050573,0.18271,0.175,0.059635,0.048698,0.10005,0.40479,0.11458
0.056146,0.14031,0.16646,0.059167,0.047813,0.10594,0.41547,0.080521
0.064844,0.27516,0.17667,0.063021,0.048958,0.098698,0.38922,0.096823
0.060156,0.16375,0.18641,0.063542,0.040469,0.11807,0.4938,0.10563
0.056146,0.17083,0.15109,0.052917,0.037917,0.07901,0.27099,0.077656
0.059792,0.21484,0.17016,0.058958,0.036771,0.0975,0.40615,0.091771
0.065104,0.23516,0.14901,0.054062,0.044115,0.10427,0.53177,0.09
0.056094,0.16948,0.15547,0.051562,0.040208,0.1199,0.45505,0.096458
0.054167,0.18318,0.16047,0.049896,0.042865,0.10073,0.40859,0.088698
0.072292,0.20495,0.14292,0.051354,0.042083,0.09625,0.44891,0.094062
0.066719,0.22474,0.15833,0.053698,0.037292,0.10438,0.34818,0.080417
0.077396,0.34302,0.20786,0.06724,0.043229,0.10135,0.42839,0.088333
0.06125,0.21115,0.21688,0.054271,0.044479,0.11151,0.4512,0.098698
0.077708,0.24292,0.16151,0.052917,0.040365,0.081354,0.33172,0.075052
0.062188,0.23115,0.16135,0.058229,0.041719,0.10828,0.42255,0.091354
0.055885,0.23365,0.23276,0.083385,0.043385,0.11604,0.52219,0.10448
0.069635,0.25766,0.16359,0.068437,0.043073,0.096146,0.36203,0.08776
0.041719,0.079687,0.18724,0.062708,0.038281,0.086354,0.4287,0.072969
0.044271,0.070729,0.16089,0.06026,0.035521,0.083802,0.47422,0.086615
0.045208,0.098281,0.14568,0.054583,0.037031,0.1013,0.43234,0.081406
0.045365,0.10453,0.13948,0.046719,0.039635,0.10802,0.38521,0.08974
0.045156,0.097865,0.15026,0.056302,0.035312,0.085938,0.50833,0.084896
0.0475,0.099323,0.1499,0.055365,0.036562,0.11016,0.42245,0.081979
0.043646,0.090729,0.15672,0.055313,0.03776,0.105,0.48505,0.073958
0.047448,0.083437,0.15094,0.048854,0.038021,0.087552,0.43026,0.091458
0.046458,0.11401,0.16339,0.052917,0.044687,0.088438,0.29786,0.07151
0.038229,0.053854,0.15724,0.052812,0.036198,0.11083,0.42047,0.071927
0.039635,0.056875,0.17,0.057448,0.039219,0.098385,0.45401,0.093906
0.044687,0.084948,0.17109,0.059062,0.042656,0.10224,0.44995,0.097187
0.044948,0.1137,0.14281,0.044219,0.035781,0.088594,0.46979,0.076719
0.047448,0.10021,0.1163,0.042031,0.039844,0.098854,0.40099,0.083594
0.039896,0.1101,0.14219,0.048177,0.039271,0.11448,0.51776,0.092083
0.042031,0.10969,0.13375,0.049271,0.038854,0.087813,0.46531,0.088594
0.044948,0.076302,0.14359,0.058698,0.039479,0.10776,0.5476,0.090781
0.040156,0.072708,0.1351,0.05,0.039427,0.10776,0.48609,0.090365
0.038646,0.078229,0.1212,0.049375,0.033281,0.10714,0.51641,0.089531
0.046719,0.071563,0.15682,0.047917,0.036771,0.12182,0.50604,0.10536
0.044635,0.085052,0.17156,0.059219,0.045937,0.10266,0.52063,0.083958
0.038281,0.099115,0.14135,0.053906,0.040365,0.090625,0.43036,0.082812
0.035729,0.08401,0.12698,0.041458,0.035937,0.077188,0.39281,0.066927
0.044375,0.06224,0.17406,0.064167,0.038698,0.11443,0.43406,0.088594
0.042708,0.064531,0.13651,0.049896,0.035469,0.091927,0.44297,0.087969
0.043281,0.063125,0.15828,0.056667,0.036719,0.10432,0.49422,0.081719
0.044115,0.080417,0.1575,0.049948,0.043073,0.11938,0.48995,0.099219
0.048281,0.14932,0.17078,0.058958,0.042135,0.10786,0.49188,0.095
0.043958,0.073854,0.14755,0.053698,0.039167,0.096094,0.55729,0.08125
0.05125,0.084062,0.1625,0.055677,0.045156,0.10391,0.50385,0.088958
0.051719,0.10703,0.14943,0.058958,0.039635,0.090313,0.4951,0.078594
0.045625,0.13161,0.17182,0.055729,0.036406,0.087969,0.36328,0.065729
0.057708,0.11724,0.14224,0.058854,0.0375,0.10068,0.42125,0.099583
0.041563,0.09875,0.14979,0.059948,0.039896,0.10964,0.46833,0.10833
0.053594,0.20125,0.15995,0.056042,0.039323,0.095521,0.52969,0.10271
0.060677,0.21745,0.42656,0.14141,0.04849,0.035,0.041615,0.034635
0.27375,0.34344,0.70813,0.26099,0.067969,0.055313,0.14901,0.10115
0.40125,0.5776,0.82177,0.25089,0.075417,0.073385,0.1176,0.1424
0.38328,0.48615,0.90391,0.27568,0.083125,0.08625,0.23156,0.17354
0.36786,0.54443,0.94948,0.3401,0.092188,0.079531,0.23984,0.13307
0.53922,0.53255,0.85984,0.47906,0.12068,0.11734,0.20323,0.20271
0.40344,0.60974,0.92932,0.38948,0.090313,0.076094,0.24349,0.16469
0.36385,0.43688,0.74932,0.29016,0.08651,0.10661,0.23818,0.13552
0.38896,0.52448,0.82073,0.34667,0.089271,0.10885,0.29792,0.17255
0.42536,0.49693,0.86979,0.3862,0.10677,0.12188,0.34667,0.17688
0.50807,0.5063,0.93651,0.42755,0.11198,0.082292,0.20839,0.17688
0.42365,0.38021,0.7862,0.36016,0.098958,0.056406,0.13766,0.13437
0.39599,0.41594,0.76495,0.36948,0.092188,0.07026,0.21833,0.1463
0.44651,0.49208,0.88667,0.40016,0.097396,0.072135,0.2062,0.13224
0.55167,0.69927,0.94427,0.51245,0.14021,0.12411,0.33568,0.2388
0.44115,0.52792,0.92109,0.47927,0.12156,0.10906,0.25422,0.14391
0.45026,0.43792,1.0094,0.50641,0.12229,0.10161,0.17958,0.17646
0.39406,0.50526,1.0049,0.41922,0.09401,0.11599,0.40906,0.17177
0.29911,0.45255,1.1678,0.55266,0.13724,0.13193,0.45203,0.13406
0.32151,0.49714,1.1003,0.47302,0.10474,0.089896,0.26021,0.12521
0.39453,0.53938,1.1302,0.34005,0.094427,0.089115,0.24703,0.1201
0.33292,0.54427,1.0248,0.29922,0.088177,0.0775,0.23375,0.12479
0.52667,0.57359,1.0265,0.36797,0.099219,0.08401,0.28557,0.16141
0.35958,0.61844,1.1416,0.43583,0.10938,0.17193,0.76229,0.18406
0.39521,0.47859,1.0355,0.37266,0.098385,0.075729,0.15167,0.11719
0.31771,0.44698,1.108,0.38682,0.0925,0.06375,0.13422,0.11333
0.39339,0.62406,1.1584,0.36448,0.092656,0.090677,0.3788,0.16156
0.60573,0.57828,1.2082,0.50948,0.1188,0.077135,0.17792,0.19651
0.31083,0.35583,1.0655,0.31734,0.09099,0.073177,0.19578,0.10453
0.38198,0.55844,1.1148,0.41495,0.09849,0.078073,0.19823,0.14943
0.38786,0.61125,1.0548,0.3874,0.089375,0.083906,0.31146,0.1225
0.46198,0.49109,1.0185,0.31672,0.082604,0.086406,0.2351,0.14896
0.4737,0.71688,1.0802,0.49411,0.13792,0.076094,0.18495,0.14406
0.39703,0.4137,0.80974,0.38849,0.10714,0.13969,0.15354,0.14167
0.47437,0.47964,0.88927,0.39651,0.09875,0.079167,0.17188,0.1663
0.58255,0.62193,1.137,0.31828,0.091979,0.076875,0.15229,0.19911
0.46453,0.63427,1.1395,0.37901,0.080312,0.070156,0.14646,0.16406
0.53312,0.67901,1.2581,0.37651,0.10276,0.073542,0.18969,0.2051
0.45094,0.62609,1.1193,0.37229,0.096927,0.09125,0.30786,0.14932
0.30901,0.46906,0.90844,0.39484,0.092708,0.062865,0.17203,0.1175
0.25557,0.51469,1.0658,0.40125,0.099271,0.088646,0.31302,0.10901
0.35974,0.51151,1.0125,0.42005,0.1088,0.08974,0.2363,0.13891
0.30635,0.51557,1.1059,0.4088,0.11568,0.083021,0.25312,0.12286
0.37208,0.45109,1.0564,0.41016,0.096302,0.10042,0.20089,0.13406
0.385,0.49583,1.1928,0.48693,0.11807,0.09901,0.23068,0.13156
0.47953,0.55078,1.098,0.41396,0.11016,0.090729,0.27771,0.15568
0.22625,0.42578,1.031,0.41984,0.10578,0.058802,0.12635,0.083073
0.42099,0.45937,1.0984,0.46891,0.10578,0.086615,0.26422,0.16187
0.45906,0.64609,1.1894,0.51505,0.12458,0.088177,0.31542,0.18245
0.46495,0.51448,1.0882,0.52938,0.1275,0.10219,0.36375,0.17813
0.35297,0.50203,1.0128,0.53167,0.24781,0.1175,0.34172,0.14063
0.50328,0.56552,1.0354,0.42958,0.11354,0.098698,0.33125,0.16193
0.36583,0.43177,1.0754,0.52505,0.13062,0.086563,0.18385,0.13599
0.39797,0.49042,0.87594,0.52068,0.1213,0.10354,0.40505,0.14385
0.32661,0.12724,0.46203,0.14391,0.0475,0.074427,0.31719,0.16911
0.22901,0.14891,0.51224,0.1549,0.042135,0.055781,0.27875,0.1187
0.27937,0.11656,0.4812,0.11677,0.045729,0.067812,0.33031,0.15599
0.16948,0.07599,0.48021,0.11078,0.034063,0.034635,0.15995,0.15417
0.16557,0.087031,0.54385,0.11427,0.040469,0.030729,0.11448,0.15109
0.26672,0.10531,0.53187,0.13016,0.040677,0.043698,0.33917,0.16365
0.18839,0.094792,0.61292,0.18141,0.051667,0.058021,0.39839,0.2224
0.2537,0.10885,0.60969,0.13073,0.04875,0.091198,0.41167,0.18828
0.20219,0.11719,0.53115,0.12917,0.046719,0.080156,0.76745,0.18448
0.18432,0.12562,0.64448,0.16901,0.048906,0.047292,0.3449,0.25797
0.24703,0.11203,0.59234,0.17172,0.056302,0.081406,0.27484,0.25589
0.32589,0.12422,0.5376,0.17823,0.055677,0.06026,0.24286,0.16339
0.32042,0.11594,0.54802,0.15693,0.050625,0.04526,0.11135,0.15302
0.092917,0.07401,0.36807,0.14214,0.051719,0.029271,0.095156,0.13953
0.11745,0.07151,0.45651,0.12943,0.043802,0.037031,0.21203,0.23391
0.067031,0.087865,0.49458,0.15172,0.04901,0.03625,0.20828,0.19417
0.18068,0.085365,0.57958,0.17182,0.045729,0.029167,0.115,0.1726
0.30688,0.10182,0.56349,0.12839,0.039427,0.035677,0.16141,0.13724
0.16208,0.10583,0.58099,0.11141,0.036927,0.049063,0.17229,0.22266
0.17594,0.11203,0.67948,0.13849,0.042188,0.043333,0.24266,0.24682
0.3051,0.10516,0.4551,0.1326,0.043229,0.037031,0.086927,0.12729
0.072552,0.10187,0.63458,0.11557,0.044583,0.052187,0.26073,0.22708
0.16453,0.099635,0.71625,0.14005,0.043385,0.042448,0.19339,0.21052
0.3175,0.11812,0.66365,0.13484,0.045156,0.038333,0.2212,0.2175
0.10469,0.092083,0.67359,0.12661,0.046406,0.037031,0.23521,0.25266
0.21807,0.10026,0.45667,0.12328,0.03776,0.04625,0.15359,0.1837
0.15995,0.092813,0.37984,0.13542,0.044687,0.033229,0.04375,0.10208
0.16141,0.093698,0.64818,0.125,0.043125,0.039688,0.15,0.18964
0.46229,0.16854,0.52964,0.13729,0.049948,0.040469,0.25328,0.20083
0.087656,0.085469,0.45042,0.13547,0.037292,0.034948,0.15354,0.1838
0.091979,0.082187,0.55365,0.12339,0.042969,0.044687,0.17313,0.19443
0.27359,0.15484,0.57792,0.11135,0.037083,0.033542,0.080417,0.1349
0.14766,0.10854,0.55604,0.1376,0.044323,0.048073,0.12865,0.14182
0.061615,0.069062,0.55573,0.10922,0.037396,0.030677,0.11932,0.16969
0.12354,0.077552,0.51693,0.11573,0.039115,0.036927,0.1851,0.19766
0.22125,0.096354,0.57484,0.13969,0.047396,0.034844,0.14516,0.20464
0.26063,0.13229,0.57286,0.12578,0.03776,0.035417,0.13276,0.18458
0.076979,0.069167,0.39135,0.12687,0.044583,0.035417,0.10406,0.15
0.095312,0.093385,0.63391,0.1374,0.04276,0.031615,0.14161,0.19281
0.22573,0.10708,0.49057,0.14156,0.041302,0.032604,0.14141,0.24677
0.083698,0.09276,0.53224,0.12953,0.047552,0.048646,0.16755,0.20391
0.067552,0.073646,0.47047,0.12943,0.040833,0.028281,0.11589,0.15089
0.069115,0.061979,0.47661,0.1124,0.03724,0.026667,0.0675,0.14958
0.089427,0.079271,0.43255,0.12964,0.039323,0.028125,0.087969,0.14995
0.084531,0.078542,0.56906,0.13026,0.041823,0.034427,0.10786,0.13484
0.14615,0.070313,0.51151,0.092813,0.033125,0.028594,0.11745,0.17708
0.11771,0.070208,0.41578,0.10849,0.036406,0.037812,0.19917,0.17188
0.092917,0.092344,0.5549,0.13365,0.042552,0.042031,0.15839,0.18375
0.062083,0.066146,0.47094,0.13641,0.044635,0.03349,0.095365,0.14807
0.11667,0.10495,0.65359,0.15307,0.053021,0.044115,0.11016,0.14833
0.087969,0.085625,0.48865,0.11229,0.046615,0.053125,0.10333,0.15339
0.41484,0.18115,0.25203,0.092292,0.042969,0.084062,0.47318,0.25458
0.36766,0.17802,0.27589,0.074323,0.037604,0.087083,0.46734,0.21167
0.45849,0.1651,0.17026,0.049167,0.034115,0.052812,0.17115,0.17583
0.32052,0.13839,0.23286,0.058854,0.037292,0.058906,0.35802,0.17438
0.33224,0.15812,0.27255,0.10182,0.050052,0.052656,0.3574,0.21833
0.49812,0.20818,0.35948,0.096875,0.047969,0.05224,0.17906,0.16187
0.59943,0.18656,0.32844,0.11594,0.046094,0.050833,0.16255,0.15865
0.39073,0.14057,0.35255,0.11573,0.048802,0.052656,0.20802,0.21547
0.40292,0.18281,0.35828,0.091458,0.043698,0.05375,0.40755,0.23958
0.43604,0.17865,0.45755,0.1238,0.044948,0.057031,0.29938,0.14693
0.46766,0.1801,0.42391,0.11245,0.047083,0.053698,0.19672,0.19083
0.32089,0.13677,0.5487,0.1138,0.0475,0.07125,0.53505,0.26932
0.4499,0.16979,0.36615,0.092552,0.039427,0.051615,0.40432,0.33828
0.39609,0.17495,0.31375,0.081562,0.045573,0.050365,0.30089,0.23385
0.625,0.22177,0.50302,0.11443,0.047917,0.067917,0.36328,0.26839
0.74891,0.31469,0.44698,0.090208,0.041979,0.049635,0.15828,0.22203
0.59557,0.30859,0.38339,0.098385,0.04875,0.073906,0.56875,0.27953
0.59562,0.22094,0.38193,0.10839,0.044062,0.052448,0.21958,0.2587
0.58531,0.20786,0.46922,0.10104,0.041719,0.061771,0.2624,0.2249
0.76464,0.3349,0.33818,0.10625,0.048698,0.070313,0.3262,0.18979
0.77365,0.29641,0.35042,0.073906,0.044583,0.059896,0.15693,0.25219
0.62844,0.18943,0.29927,0.062552,0.037396,0.04151,0.12406,0.20953
0.50557,0.19333,0.31115,0.066562,0.039427,0.057448,0.34104,0.24948
0.63646,0.21792,0.50786,0.09474,0.041406,0.056354,0.46089,0.23026
0.48693,0.16391,0.43677,0.085521,0.041667,0.042656,0.27672,0.25979
0.71599,0.27615,0.42292,0.06776,0.042135,0.057448,0.23026,0.20661
0.6763,0.27573,0.33521,0.068021,0.039844,0.050417,0.17146,0.19339
0.59818,0.2649,0.28458,0.058438,0.036354,0.045937,0.17203,0.175
0.68255,0.22349,0.45953,0.079583,0.041875,0.050625,0.20453,0.22099
0.70917,0.26859,0.3388,0.076406,0.048438,0.052708,0.15917,0.2387
0.86052,0.24766,0.39563,0.105,0.046458,0.06125,0.33979,0.27026
0.41521,0.15641,0.44828,0.1137,0.049531,0.044375,0.19823,0.26365
0.66125,0.29318,0.43438,0.11474,0.048646,0.054167,0.30198,0.30047
0.87062,0.28469,0.38661,0.10958,0.04375,0.052396,0.1563,0.19974
0.43938,0.20641,0.39203,0.083177,0.039063,0.046927,0.19589,0.22594
0.4351,0.17766,0.38302,0.095781,0.034896,0.040833,0.13,0.18891
0.57828,0.25859,0.40005,0.093906,0.049375,0.052552,0.17583,0.22443
0.64505,0.17542,0.31594,0.081562,0.045365,0.068437,0.38995,0.25708
0.76161,0.25776,0.42609,0.11599,0.044271,0.067552,0.52724,0.20276
0.57547,0.19005,0.4801,0.099479,0.042865,0.049063,0.23927,0.23693
0.68583,0.23906,0.48344,0.1037,0.045104,0.041406,0.22276,0.18469
0.63042,0.22016,0.44609,0.10995,0.041146,0.046979,0.26932,0.2301
0.57599,0.19901,0.44896,0.11938,0.041927,0.055677,0.20865,0.20531
0.53339,0.16625,0.5263,0.12115,0.045052,0.048125,0.28219,0.24573
0.62479,0.21594,0.51661,0.10323,0.044531,0.069062,0.49021,0.22057
0.56333,0.16932,0.41948,0.10859,0.047969,0.063125,0.35823,0.27297
0.54818,0.17443,0.43589,0.11557,0.042344,0.04724,0.15667,0.20318
0.34828,0.11359,0.42656,0.096719,0.041198,0.047969,0.31979,0.2701
0.45802,0.16177,0.43141,0.098021,0.04375,0.048333,0.24276,0.23609
0.48948,0.17177,0.38182,0.1038,0.042656,0.053281,0.25708,0.21839
0.34495,0.14453,0.46141,0.093021,0.037396,0.054271,0.21255,0.20526
0.2974,0.20818,0.39359,0.095677,0.090313,0.12161,0.12385,0.12672
0.31828,0.20771,0.36021,0.10479,0.088854,0.10125,0.088229,0.1151
0.31021,0.24979,0.43922,0.11021,0.098281,0.12714,0.18672,0.13203
0.35589,0.27698,0.37323,0.13927,0.10979,0.15453,0.23932,0.21188
0.3351,0.29005,0.5188,0.14688,0.088698,0.12313,0.2338,0.18281
0.3462,0.27219,0.47219,0.15766,0.086406,0.1275,0.23193,0.16036
0.27063,0.25828,0.74422,0.15474,0.11156,0.1874,0.17333,0.11703
0.30953,0.23885,0.4288,0.11891,0.09724,0.12812,0.11083,0.11495
0.24167,0.17865,0.37005,0.1062,0.081875,0.11344,0.13036,0.10781
0.17703,0.19031,0.40865,0.10089,0.094427,0.11865,0.11969,0.094687
0.19094,0.11156,0.52786,0.16562,0.08151,0.090677,0.19073,0.12807
0.15047,0.073333,0.44443,0.1401,0.069167,0.063542,0.14917,0.15302
0.1338,0.10422,0.4012,0.12292,0.061094,0.058646,0.11026,0.089531
0.12318,0.10776,0.39875,0.12859,0.059583,0.062396,0.10375,0.085417
0.13271,0.12875,0.40297,0.11969,0.054531,0.056146,0.11609,0.095677
0.13161,0.10563,0.32734,0.087396,0.053333,0.053073,0.087917,0.085625
0.1112,0.10568,0.30365,0.071979,0.048438,0.0475,0.095156,0.084167
0.11453,0.13057,0.33802,0.094948,0.057865,0.053437,0.082135,0.071719
0.12313,0.14167,0.4376,0.10646,0.047344,0.053594,0.0775,0.075885
0.13349,0.12844,0.40021,0.1426,0.061875,0.060677,0.15161,0.095
0.14766,0.29151,0.49635,0.14948,0.083594,0.099271,0.16609,0.093646
0.14203,0.24948,0.48099,0.125,0.060885,0.068594,0.12979,0.08599
0.16089,0.20953,0.38646,0.12245,0.061354,0.074427,0.1274,0.092448
0.22995,0.20432,0.33734,0.12219,0.066042,0.081406,0.13401,0.10536
0.21031,0.24896,0.41042,0.12656,0.068073,0.084427,0.14135,0.1262
0.43021,0.29141,0.48292,0.1574,0.085417,0.10594,0.12557,0.20042
0.33427,0.30698,0.49141,0.16818,0.099062,0.13865,0.12609,0.18031
0.25542,0.24604,0.43693,0.15995,0.085052,0.10328,0.12427,0.12411
0.21766,0.28375,0.43635,0.13641,0.068906,0.091875,0.1413,0.10578
0.33437,0.31922,0.52807,0.15203,0.06974,0.066354,0.15401,0.15161
0.063698,0.19818,0.21672,0.066146,0.057813,0.11151,0.19635,0.070052
0.030208,0.06276,0.093229,0.036406,0.041094,0.073646,0.18797,0.061302
0.041719,0.047969,0.10578,0.043021,0.046094,0.090521,0.13802,0.06125
0.03375,0.040052,0.087135,0.039948,0.03526,0.075677,0.11875,0.045677
0.037135,0.05151,0.099271,0.040313,0.038854,0.081354,0.12922,0.051875
0.030365,0.036719,0.13047,0.036562,0.035312,0.058385,0.11995,0.046302
0.02875,0.035729,0.10198,0.039479,0.03125,0.05276,0.1349,0.049219
0.035,0.042552,0.081458,0.041719,0.039792,0.074792,0.18583,0.046406
0.031458,0.044375,0.17083,0.043646,0.039271,0.08125,0.13026,0.040781
0.029687,0.034583,0.059635,0.042552,0.036667,0.090938,0.12432,0.042031
0.030156,0.053125,0.072135,0.050625,0.043385,0.074896,0.11896,0.041458
0.027292,0.036667,0.056771,0.039792,0.033958,0.067396,0.17594,0.04125
0.028333,0.032865,0.083125,0.034479,0.037396,0.086563,0.10234,0.046406
0.024479,0.034479,0.041875,0.036146,0.036354,0.085729,0.11885,0.050417
0.026042,0.041563,0.093073,0.036823,0.032656,0.080469,0.084115,0.039844
0.032135,0.0525,0.1112,0.048438,0.040677,0.07599,0.1324,0.043021
0.035885,0.036615,0.11323,0.041667,0.036719,0.074219,0.14234,0.051615
0.027448,0.040677,0.067969,0.040156,0.033281,0.083594,0.12193,0.061823
0.034792,0.061354,0.11745,0.040781,0.041823,0.087292,0.19573,0.070052
0.032135,0.054219,0.11339,0.037865,0.033906,0.090573,0.097135,0.050937
0.069896,0.1487,0.35526,0.097187,0.041615,0.033073,0.072031,0.078073
0.0775,0.13307,0.35911,0.12109,0.046563,0.033802,0.039271,0.083958
0.1049,0.12354,0.40719,0.11432,0.04651,0.038073,0.052344,0.12599
0.095885,0.22729,0.47026,0.13682,0.055156,0.042448,0.067292,0.11365
0.09875,0.12859,0.36271,0.10667,0.04724,0.036302,0.07151,0.12833
0.091667,0.17927,0.49974,0.12198,0.055521,0.035417,0.04474,0.10042
0.081146,0.16323,0.52547,0.11604,0.049219,0.034896,0.035833,0.096771
0.10443,0.31302,0.66427,0.17281,0.061615,0.040469,0.041875,0.10568
0.12984,0.28365,0.63203,0.14667,0.068333,0.045677,0.05125,0.11229
0.13734,0.20516,0.44964,0.13458,0.061615,0.046927,0.089063,0.17484
0.06651,0.05651,0.10271,0.15063,0.11953,0.037865,0.07224,0.17703
0.097448,0.081979,0.17615,0.14964,0.1413,0.044167,0.056719,0.14229
0.061771,0.05224,0.088542,0.12333,0.12594,0.037812,0.059115,0.14276
0.051146,0.053594,0.11823,0.14891,0.10115,0.03849,0.056354,0.13604
0.074844,0.0625,0.066979,0.11896,0.14156,0.034583,0.072344,0.20474
0.057188,0.053385,0.13068,0.13057,0.086563,0.033073,0.063802,0.1787
0.071302,0.069687,0.15568,0.1324,0.12208,0.033958,0.063437,0.18031
0.054271,0.043698,0.085104,0.11792,0.1176,0.03651,0.052708,0.14859
0.055729,0.05349,0.10333,0.1199,0.11161,0.038125,0.056146,0.14974
0.0575,0.048698,0.091094,0.10328,0.11438,0.034531,0.053542,0.13906
0.098073,0.14021,0.088594,0.15443,0.071615,0.071042,0.26516,0.091302
0.10792,0.12031,0.08526,0.15047,0.065052,0.084167,0.28578,0.10641
0.12125,0.15776,0.1063,0.14359,0.067552,0.076042,0.25677,0.091458
0.13104,0.13901,0.080833,0.15214,0.063906,0.10187,0.35063,0.13833
0.12557,0.084635,0.082865,0.17021,0.05599,0.10229,0.39042,0.16823
0.13047,0.16734,0.1162,0.15443,0.06026,0.074479,0.33354,0.12286
0.16094,0.30896,0.19375,0.15937,0.071302,0.11688,0.41234,0.18203
0.13036,0.22208,0.13385,0.16729,0.060208,0.08599,0.33927,0.1113
0.1424,0.35068,0.14474,0.14302,0.057552,0.071719,0.24255,0.09849
0.14776,0.2574,0.10875,0.1574,0.06151,0.081927,0.26396,0.12536
0.082812,0.1001,0.34651,0.15568,0.081458,0.076563,0.28281,0.22854
0.069844,0.10125,0.38359,0.14891,0.081406,0.07724,0.21964,0.18937
0.091198,0.15536,0.26255,0.099687,0.075573,0.070885,0.2138,0.16229
0.061458,0.052396,0.19714,0.094115,0.062344,0.064896,0.25005,0.19406
0.054323,0.090938,0.31651,0.12667,0.076042,0.074583,0.19,0.14693
0.046719,0.068698,0.27458,0.11635,0.07224,0.072604,0.21,0.13677
0.044531,0.062135,0.35917,0.093594,0.067917,0.059271,0.20203,0.12958
0.057344,0.087708,0.27734,0.076719,0.074375,0.10276,0.20349,0.16521
0.062344,0.067187,0.31531,0.072552,0.075625,0.07651,0.26729,0.19646
0.04599,0.059479,0.32214,0.068177,0.074167,0.063854,0.19516,0.14219
0.055365,0.088438,0.31401,0.082604,0.072344,0.067292,0.18771,0.13422
0.04849,0.1576,0.46578,0.17781,0.087552,0.087292,0.14594,0.091667
0.067083,0.10375,0.37245,0.21927,0.085312,0.071094,0.20672,0.15531
0.041458,0.053646,0.27198,0.15516,0.081042,0.075417,0.20411,0.13271
0.047031,0.088073,0.28167,0.16755,0.07375,0.068802,0.18276,0.12745
0.072917,0.086146,0.31839,0.17568,0.085365,0.078073,0.25073,0.17385
0.052656,0.099062,0.38844,0.16141,0.05901,0.070833,0.11333,0.086823
0.067396,0.1263,0.3275,0.16417,0.079427,0.082344,0.21,0.19146
0.051146,0.071146,0.27286,0.14818,0.087865,0.12917,0.21146,0.12365
0.05776,0.10953,0.36786,0.14245,0.08151,0.11182,0.22484,0.17844
0.35453,0.18323,0.63844,0.089479,0.048854,0.1475,0.21734,0.092292
0.42031,0.25958,0.58276,0.11109,0.052708,0.11901,0.23953,0.11167
0.23443,0.27031,0.70156,0.12286,0.051979,0.15292,0.26031,0.079896
0.31094,0.24844,0.75271,0.12323,0.058073,0.13536,0.28089,0.079479
0.11646,0.14073,0.61021,0.0875,0.045104,0.16745,0.2649,0.067083
0.30635,0.20594,0.83375,0.11802,0.051615,0.12286,0.38245,0.087552
0.28984,0.20391,0.82109,0.1049,0.04526,0.15224,0.20375,0.06974
0.10521,0.14521,0.735,0.11344,0.050833,0.14146,0.32818,0.072865
0.16771,0.19318,0.5476,0.090521,0.042396,0.16964,0.33214,0.07901
0.15375,0.15672,0.62219,0.10995,0.046563,0.14089,0.37698,0.063021
0.13745,0.14495,0.71115,0.093229,0.047865,0.16354,0.28802,0.056458
0.2051,0.17255,0.54432,0.0775,0.039115,0.14167,0.30969,0.064479
0.32354,0.19266,0.78495,0.094948,0.043281,0.13135,0.29797,0.073385
0.14031,0.14635,0.70969,0.11115,0.054115,0.1826,0.54167,0.059844
0.16958,0.089271,0.53354,0.085885,0.047344,0.063125,0.42562,0.079531
0.37406,0.1138,0.64276,0.087448,0.040313,0.17172,0.39979,0.08401
0.34401,0.17224,0.61438,0.094323,0.049479,0.15229,0.38219,0.089115
0.31052,0.16734,0.78609,0.10615,0.04401,0.16703,0.2787,0.098177
0.36677,0.15031,0.62047,0.10656,0.046146,0.13755,0.38427,0.097865
0.20479,0.17917,0.60938,0.098906,0.047813,0.17198,0.25646,0.06625
0.15479,0.1212,0.34875,0.062396,0.047969,0.039427,0.045885,0.078437
0.11938,0.098646,0.37661,0.058333,0.046667,0.036198,0.048385,0.06276
0.093802,0.089271,0.3374,0.057031,0.046667,0.042344,0.067396,0.07724
0.079687,0.079375,0.23505,0.048802,0.038125,0.033177,0.058906,0.089635
0.089271,0.076146,0.30974,0.052135,0.036042,0.032031,0.058906,0.071823
0.081406,0.066354,0.26036,0.047448,0.034583,0.033021,0.048229,0.06026
0.10703,0.075729,0.25964,0.054323,0.070469,0.043698,0.070469,0.09
0.1175,0.089115,0.26937,0.055573,0.038073,0.035625,0.052083,0.074375
0.082031,0.073438,0.29911,0.051979,0.036927,0.032292,0.037396,0.059635
0.084219,0.071771,0.24313,0.055833,0.03599,0.032344,0.045104,0.057135
0.081719,0.07625,0.29156,0.063125,0.04099,0.036823,0.05375,0.078385
0.11474,0.07099,0.24719,0.0475,0.037448,0.03974,0.067031,0.067552
0.093021,0.071198,0.27771,0.050417,0.036094,0.035573,0.039896,0.051146
0.078385,0.079062,0.24,0.050573,0.037552,0.033854,0.055833,0.078802
0.097552,0.066719,0.29005,0.042552,0.035052,0.033594,0.033073,0.051094
0.096771,0.078437,0.27151,0.052969,0.039219,0.035937,0.062865,0.075833
0.11151,0.074479,0.31224,0.05599,0.033958,0.036094,0.046146,0.079271
0.076875,0.068698,0.28339,0.056927,0.037656,0.033906,0.037135,0.05276
0.097656,0.072031,0.28563,0.058177,0.042656,0.039323,0.047917,0.059323
0.072083,0.058594,0.2376,0.05776,0.032292,0.032708,0.050365,0.063333
0.078906,0.071458,0.34453,0.068125,0.045833,0.033854,0.036406,0.057031
0.18521,0.15635,0.31828,0.10438,0.066146,0.057656,0.066771,0.080417
0.093229,0.096927,0.35365,0.083229,0.044635,0.037917,0.06099,0.088281
0.13099,0.10802,0.29771,0.065833,0.042813,0.063698,0.059167,0.066771
0.13068,0.11146,0.2663,0.096406,0.05974,0.044948,0.10245,0.098437
0.090313,0.10083,0.2988,0.088906,0.05,0.039844,0.068594,0.10245
0.14339,0.115,0.32172,0.071719,0.049115,0.04,0.070313,0.079219
0.17927,0.20115,0.28516,0.077604,0.052344,0.0375,0.060052,0.10594
0.12922,0.11313,0.31875,0.073698,0.038385,0.034115,0.074531,0.12245
0.1113,0.090625,0.2637,0.085573,0.04474,0.036771,0.071094,0.082812
0.17349,0.073333,0.28422,0.080104,0.045677,0.033698,0.054271,0.088125
0.18792,0.13214,0.28401,0.069583,0.046406,0.037604,0.050104,0.087708
0.10448,0.10786,0.30917,0.10469,0.049479,0.045677,0.059844,0.07526
0.1213,0.08724,0.29484,0.081562,0.04276,0.032656,0.061458,0.087865
0.089688,0.081198,0.23359,0.085885,0.040729,0.033646,0.050417,0.080469
0.082344,0.079115,0.34651,0.088594,0.048594,0.032292,0.051927,0.053958
0.089844,0.10042,0.26042,0.080781,0.039688,0.031302,0.048281,0.05974
0.1063,0.06875,0.23026,0.11208,0.048646,0.0325,0.079167,0.13
0.075781,0.07651,0.26802,0.078802,0.046458,0.033021,0.054323,0.056927
0.08,0.064479,0.21276,0.069427,0.036667,0.032344,0.043385,0.058385
0.096146,0.076927,0.24068,0.06724,0.059844,0.051562,0.091771,0.067292
0.42901,0.14932,0.15349,0.066146,0.039323,0.039948,0.084062,0.11109
0.40859,0.11458,0.14224,0.036198,0.032813,0.031302,0.071563,0.098281
0.19589,0.083281,0.1024,0.043385,0.039219,0.03875,0.072083,0.093177
0.30385,0.1076,0.14214,0.055,0.041771,0.041563,0.060052,0.094427
0.42984,0.11948,0.074271,0.036042,0.034323,0.032656,0.055156,0.082031
0.41349,0.14661,0.064896,0.031771,0.031042,0.03599,0.10146,0.13729
0.41031,0.10755,0.11745,0.050781,0.041615,0.039635,0.10266,0.13922
0.26438,0.11479,0.10734,0.044479,0.038646,0.034688,0.081354,0.088333
0.38224,0.13161,0.13099,0.051458,0.044792,0.041198,0.062812,0.10755
0.29688,0.10359,0.11036,0.045208,0.036719,0.035937,0.064948,0.076875
0.46844,0.13526,0.13688,0.065052,0.042135,0.032917,0.051458,0.087865
0.24234,0.12172,0.14911,0.096042,0.044531,0.036198,0.059375,0.079792
0.37354,0.11432,0.10656,0.058958,0.037812,0.034323,0.052083,0.095312
0.27063,0.098177,0.1874,0.05526,0.043854,0.041302,0.073333,0.093229
0.18203,0.063802,0.12167,0.047448,0.04276,0.033021,0.056927,0.073281
0.26396,0.10146,0.099115,0.039271,0.036927,0.034948,0.078021,0.11255
0.3024,0.13719,0.099792,0.053594,0.039531,0.037812,0.073958,0.074479
0.35885,0.1113,0.11484,0.071875,0.072396,0.042656,0.10036,0.13641
0.29583,0.10875,0.10672,0.061458,0.036562,0.033698,0.061719,0.089688
0.22021,0.074844,0.10177,0.058958,0.038125,0.034219,0.056823,0.07625
0.2601,0.15505,0.31109,0.23063,0.24172,0.055469,0.15255,0.165
0.2049,0.092448,0.32792,0.20276,0.24875,0.055625,0.19885,0.16125
0.11401,0.069844,0.29469,0.18578,0.22141,0.080052,0.10708,0.11734
0.13708,0.11073,0.36656,0.16354,0.20328,0.058385,0.13115,0.11214
0.1849,0.099479,0.33359,0.1337,0.23068,0.060312,0.06974,0.077865
0.26896,0.098229,0.34083,0.17818,0.24828,0.070104,0.24922,0.27615
0.13938,0.10839,0.41578,0.17771,0.28536,0.069635,0.19714,0.13448
0.17224,0.10719,0.27156,0.1587,0.23448,0.055313,0.065729,0.072969
0.34896,0.11281,0.33547,0.20464,0.26932,0.064479,0.086458,0.14161
0.16896,0.1001,0.31833,0.18896,0.2324,0.057969,0.13266,0.13661
0.20656,0.12698,0.31109,0.18422,0.24328,0.065312,0.098385,0.1051
0.2076,0.12036,0.38807,0.22276,0.26005,0.064271,0.064323,0.077396
0.15635,0.098646,0.36438,0.19401,0.21547,0.063385,0.084948,0.087865
0.17813,0.094167,0.45021,0.20083,0.26589,0.063958,0.18328,0.11609
0.18641,0.10484,0.27411,0.21333,0.22323,0.067865,0.1451,0.10797
0.24974,0.1125,0.29203,0.19891,0.22615,0.061927,0.1475,0.10818
0.23292,0.15531,0.39255,0.17625,0.24302,0.066719,0.079948,0.085
0.24599,0.12724,0.285,0.19573,0.24031,0.061406,0.084635,0.16042
0.16813,0.088594,0.33255,0.15401,0.21313,0.063333,0.10255,0.23359
0.33865,0.12745,0.37161,0.16771,0.24328,0.076927,0.10427,0.12911
0.10052,0.12927,0.41891,0.16615,0.071354,0.060625,0.14964,0.17875
0.12714,0.18214,0.42995,0.16813,0.077344,0.071563,0.18469,0.23766
0.10495,0.12505,0.39026,0.14292,0.065781,0.06224,0.17068,0.21297
0.080052,0.15995,0.35094,0.12562,0.052396,0.050469,0.14099,0.15604
0.11375,0.18568,0.37729,0.14833,0.074688,0.06625,0.15896,0.21089
0.1425,0.19854,0.46339,0.17359,0.077344,0.071771,0.20365,0.2888
0.12005,0.19714,0.39115,0.15807,0.082552,0.09224,0.24823,0.27766
0.13464,0.17156,0.51599,0.19542,0.081719,0.081302,0.18563,0.25839
0.13365,0.18073,0.40958,0.16646,0.069635,0.063698,0.17042,0.22266
0.15115,0.17109,0.52448,0.18604,0.074479,0.06599,0.22057,0.24542
0.10818,0.16667,0.41271,0.14052,0.061562,0.059687,0.18339,0.22865
0.11755,0.20396,0.41078,0.15193,0.084167,0.083698,0.21406,0.26125
0.12208,0.17005,0.38203,0.14276,0.068698,0.065469,0.22521,0.28682
0.1638,0.21427,0.4126,0.17109,0.067083,0.069323,0.19141,0.22807
0.15964,0.1862,0.39187,0.16417,0.077083,0.076302,0.25339,0.30969
0.14542,0.19505,0.4087,0.16125,0.075,0.069583,0.22641,0.29708
0.17396,0.2351,0.525,0.20234,0.08599,0.07151,0.21203,0.27182
0.13344,0.20172,0.51349,0.18036,0.077188,0.073177,0.21635,0.25896
0.12427,0.24281,0.39286,0.15932,0.06724,0.065781,0.22182,0.21401
0.14896,0.23875,0.48896,0.20849,0.079792,0.067917,0.20073,0.30391
0.14146,0.19427,0.40974,0.16703,0.084844,0.069167,0.23411,0.28302
0.12109,0.19875,0.37885,0.1587,0.058438,0.052969,0.16844,0.25172
0.10932,0.10578,0.33922,0.18875,0.10563,0.062708,0.16135,0.2174
0.09625,0.10906,0.3651,0.16172,0.10036,0.061771,0.13995,0.15083
0.1025,0.098437,0.32323,0.13948,0.07099,0.048646,0.14026,0.16182
0.09276,0.097865,0.29052,0.14734,0.072656,0.061562,0.11823,0.15198
0.10667,0.10094,0.33901,0.14396,0.071823,0.060573,0.13729,0.17031
0.11339,0.10927,0.37745,0.18047,0.078958,0.049219,0.16875,0.19578
0.10552,0.11604,0.3087,0.12583,0.080417,0.052135,0.13396,0.17156
0.12719,0.12615,0.31083,0.15609,0.078698,0.046719,0.13464,0.18339
0.1226,0.1626,0.43536,0.15339,0.087344,0.057969,0.13953,0.17229
0.10177,0.10917,0.37146,0.14818,0.070729,0.039792,0.1375,0.15344
0.10109,0.11453,0.3625,0.13859,0.095937,0.06974,0.15505,0.17281
0.098958,0.095573,0.28698,0.12802,0.073229,0.046146,0.15844,0.17661
0.089167,0.10146,0.32198,0.14724,0.081146,0.052865,0.13495,0.16146
0.089583,0.096875,0.3499,0.16193,0.072344,0.04651,0.13594,0.17021
0.10849,0.10094,0.30094,0.15141,0.075104,0.049271,0.15687,0.16458
0.081198,0.096458,0.32844,0.15969,0.06974,0.057135,0.14349,0.16125
0.076094,0.089688,0.28771,0.15208,0.082448,0.048958,0.14359,0.15349
0.083594,0.089479,0.33786,0.12026,0.065937,0.041146,0.13813,0.15677
0.09401,0.12708,0.35474,0.15719,0.081406,0.071615,0.17115,0.17943
0.11495,0.10786,0.3226,0.14172,0.073958,0.053542,0.16104,0.18339
0.086667,0.096562,0.27797,0.11193,0.063958,0.046458,0.15818,0.16224
0.28234,0.19703,0.32042,0.16391,0.11542,0.0575,0.18729,0.23208
0.17167,0.105,0.27292,0.16422,0.086094,0.049635,0.13865,0.22021
0.1163,0.11885,0.29297,0.13688,0.081875,0.046667,0.14505,0.18828
0.11891,0.10948,0.26083,0.13964,0.086927,0.043073,0.12,0.12385
0.1562,0.14313,0.30714,0.1662,0.10073,0.048854,0.16734,0.16307
0.10813,0.10109,0.23703,0.14031,0.073698,0.042031,0.11026,0.13938
0.096094,0.11651,0.30818,0.15844,0.0975,0.046458,0.14823,0.19995
0.12786,0.15333,0.29958,0.17026,0.10635,0.056146,0.14688,0.16562
0.10583,0.097812,0.25521,0.15198,0.094115,0.039479,0.13969,0.17932
0.10172,0.11161,0.26385,0.13766,0.089063,0.039323,0.14396,0.14995
0.10911,0.10292,0.22719,0.14339,0.082292,0.036771,0.12182,0.15266
0.10422,0.097865,0.25646,0.13844,0.090313,0.040365,0.12995,0.13953
0.099531,0.10094,0.24979,0.16375,0.089896,0.044115,0.12797,0.13995
0.11333,0.098177,0.27604,0.15453,0.085,0.035156,0.12276,0.13901
0.14094,0.16609,0.30453,0.20516,0.11995,0.043385,0.14594,0.16901
0.090156,0.11354,0.28526,0.13589,0.077865,0.033594,0.099531,0.092292
0.10823,0.11391,0.20818,0.15375,0.082448,0.039635,0.11245,0.11359
0.10458,0.11766,0.2726,0.15844,0.085573,0.037552,0.11719,0.16078
0.10156,0.094635,0.22547,0.17135,0.099323,0.034583,0.10135,0.1225
0.12687,0.095937,0.23172,0.17677,0.097656,0.044062,0.13458,0.17755
0.10828,0.11391,0.24604,0.1699,0.082656,0.037552,0.097448,0.13703
0.16667,0.2851,0.46109,0.22573,0.15297,0.11812,0.21083,0.24849
0.16125,0.25828,0.40641,0.22359,0.13651,0.077344,0.19453,0.26089
0.082135,0.18286,0.25818,0.10688,0.072604,0.052865,0.11776,0.11099
0.11208,0.18833,0.28057,0.12182,0.085781,0.057708,0.16458,0.1724
0.11578,0.17875,0.30354,0.10365,0.077865,0.058073,0.12016,0.16135
0.16599,0.26068,0.45464,0.21198,0.1499,0.093073,0.20828,0.2575
0.14068,0.19,0.32469,0.19927,0.13307,0.08276,0.17161,0.20484
0.16359,0.26495,0.34833,0.14302,0.10099,0.072813,0.16229,0.24146
0.13078,0.23026,0.28755,0.115,0.11318,0.06625,0.14714,0.16932
0.13182,0.20828,0.34182,0.16891,0.13589,0.075156,0.13177,0.18604
0.094583,0.16922,0.26021,0.10333,0.077031,0.05849,0.12786,0.16469
0.11781,0.17271,0.37896,0.16984,0.10958,0.087552,0.17151,0.215
0.12552,0.17646,0.37479,0.13578,0.09375,0.06724,0.15198,0.18656
0.11474,0.21276,0.34333,0.14917,0.10052,0.06224,0.18385,0.21609
0.11151,0.18385,0.34583,0.12729,0.085938,0.066823,0.17672,0.22766
0.14604,0.22,0.30776,0.16578,0.13031,0.092656,0.20568,0.22708
0.12536,0.19969,0.29969,0.13344,0.089219,0.072083,0.15479,0.21818
0.14714,0.27724,0.3487,0.12729,0.0975,0.089115,0.20474,0.23583
0.10568,0.20583,0.27734,0.13208,0.088906,0.073854,0.1825,0.20786
0.10339,0.21771,0.27151,0.10391,0.078854,0.05375,0.14557,0.18365
0.10828,0.20339,0.26156,0.1325,0.0925,0.056042,0.15844,0.18422
0.12818,0.18714,0.31083,0.15031,0.093854,0.072292,0.17604,0.20344
0.13198,0.1999,0.28125,0.16938,0.10599,0.098854,0.20057,0.21969
0.13698,0.20974,0.29344,0.21214,0.12953,0.10568,0.16656,0.16844
0.37307,0.41839,0.18656,0.058333,0.04276,0.056198,0.14328,0.10349
0.43672,0.50255,0.19016,0.056354,0.045208,0.062656,0.16177,0.11422
0.47474,0.5626,0.28922,0.06125,0.044427,0.053333,0.15109,0.11271
0.49318,0.52052,0.19661,0.055365,0.048229,0.072292,0.1887,0.14271
0.51266,0.61917,0.3426,0.071979,0.056667,0.11505,0.35911,0.18255
0.46776,0.50021,0.23833,0.064948,0.051771,0.10839,0.28021,0.16234
0.51807,0.55854,0.33151,0.070156,0.055,0.2037,0.49792,0.16021
0.45042,0.52036,0.20979,0.060417,0.056667,0.14813,0.39021,0.15016
0.45781,0.50714,0.34578,0.065365,0.048385,0.092552,0.32604,0.12307
0.44323,0.52271,0.3238,0.063333,0.042708,0.14057,0.37495,0.12375
0.43078,0.49042,0.28089,0.064375,0.058698,0.10854,0.26661,0.13224
0.40854,0.5174,0.30328,0.059323,0.039896,0.11203,0.31141,0.13516
0.40484,0.58021,0.28411,0.07276,0.051094,0.093646,0.26797,0.12901
0.39406,0.50349,0.3074,0.058802,0.043958,0.080729,0.25953,0.13047
0.28771,0.40083,0.22807,0.055156,0.04474,0.069687,0.17583,0.12484
0.36156,0.38802,0.21672,0.056667,0.045052,0.10755,0.29677,0.12135
0.39578,0.42344,0.28698,0.062396,0.049063,0.11583,0.28323,0.12698
0.31625,0.3788,0.22396,0.055417,0.043854,0.14281,0.33927,0.11922
0.41437,0.48182,0.35323,0.075677,0.049219,0.055833,0.17214,0.10911
0.46844,0.47802,0.32875,0.067344,0.048385,0.07375,0.31422,0.12474
0.34953,0.3325,0.65495,0.10292,0.058854,0.28427,0.67823,0.16667
0.26385,0.3287,0.50359,0.1062,0.049271,0.23401,0.37708,0.11844
0.31438,0.20063,0.4538,0.068646,0.039427,0.08099,0.25724,0.12458
0.23818,0.22672,0.43906,0.078073,0.034583,0.14021,0.2588,0.08776
0.26604,0.28578,0.48573,0.077865,0.038854,0.21109,0.39641,0.10328
0.30917,0.29943,0.54599,0.090573,0.039948,0.1488,0.33776,0.14031
0.37885,0.23432,0.42328,0.099271,0.044844,0.20495,0.57604,0.14729
0.34844,0.26828,0.4175,0.0875,0.048698,0.17234,0.34833,0.14474
0.34391,0.32693,0.3775,0.083542,0.043177,0.22672,0.5138,0.11141
0.24479,0.29328,0.4199,0.078854,0.042135,0.13255,0.33141,0.087656
0.31219,0.35047,0.45958,0.092656,0.039427,0.20443,0.5062,0.14182
0.45437,0.34203,0.38974,0.10193,0.044583,0.19776,0.30203,0.17458
0.3924,0.31724,0.43828,0.1026,0.048281,0.19141,0.4538,0.14536
0.39594,0.43208,0.4649,0.1026,0.050104,0.20302,0.29292,0.10698
0.35438,0.38641,0.60807,0.13448,0.050573,0.29771,0.62708,0.14922
0.36865,0.46516,0.44823,0.15891,0.050937,0.2351,0.49604,0.12286
0.27667,0.36677,0.37849,0.078906,0.04276,0.19797,0.4824,0.19021
0.34792,0.42417,0.54234,0.13792,0.05099,0.23198,0.53922,0.12224
0.33339,0.38536,0.52286,0.13323,0.060833,0.2813,0.72484,0.15359
0.41578,0.46052,0.49083,0.15167,0.053021,0.24094,0.50536,0.19521
0.18578,0.36594,0.24964,0.056042,0.078125,0.73906,0.30599,0.25953
0.27464,0.30344,0.23995,0.05349,0.077552,0.55724,0.27302,0.24531
0.4075,0.32,0.28833,0.062708,0.062552,0.52016,0.25297,0.24865
0.32406,0.31411,0.26396,0.073646,0.056823,0.48823,0.22792,0.22365
0.3574,0.19969,0.28625,0.05526,0.046406,0.39469,0.17063,0.29198
0.33833,0.40219,0.26719,0.063281,0.064896,0.54953,0.27516,0.24911
0.48146,0.31885,0.26937,0.059844,0.054896,0.50156,0.31068,0.35599
0.38807,0.25469,0.34745,0.060156,0.05474,0.27401,0.21313,0.25766
0.33099,0.28297,0.26734,0.052187,0.047083,0.36516,0.27359,0.26578
0.44786,0.47161,0.30885,0.064115,0.051458,0.315,0.28042,0.41396
0.4049,0.26911,0.33724,0.065156,0.057188,0.43943,0.18578,0.30568
0.35083,0.26031,0.34646,0.064271,0.056198,0.36661,0.18417,0.3088
0.45057,0.40875,0.43719,0.085833,0.0975,0.63766,0.33406,0.35911
0.45339,0.43932,0.32755,0.062969,0.050781,0.27703,0.17016,0.24641
0.45385,0.33187,0.32833,0.06724,0.053646,0.33536,0.19245,0.2787
0.39063,0.33052,0.28437,0.056667,0.058646,0.41432,0.30307,0.28234
0.41375,0.33604,0.27115,0.052448,0.044792,0.28578,0.22635,0.34266
0.49536,0.39766,0.36323,0.075573,0.06151,0.67208,0.25484,0.28339
0.36672,0.50438,0.38151,0.064635,0.048906,0.29276,0.45391,0.29313
0.46844,0.41151,0.34656,0.074219,0.052344,0.46547,0.2113,0.47589
0.35932,0.16615,0.56031,0.089531,0.043437,0.24224,0.36938,0.11042
0.22583,0.16271,0.52943,0.11922,0.051458,0.18365,0.3824,0.089063
0.16526,0.16099,0.48167,0.079687,0.04125,0.091563,0.22047,0.090938
0.28297,0.16276,0.47906,0.092865,0.044531,0.14703,0.32521,0.12448
0.39042,0.18984,0.5687,0.091615,0.042552,0.12474,0.4174,0.12667
0.5324,0.22333,0.57271,0.12552,0.047188,0.15651,0.32313,0.11625
0.27406,0.17651,0.47198,0.11,0.047604,0.12474,0.36849,0.13026
0.28406,0.21177,0.48495,0.10641,0.041823,0.12635,0.47807,0.10224
0.33135,0.17063,0.6151,0.10167,0.043906,0.10813,0.39172,0.091094
0.27734,0.25833,0.6224,0.1626,0.048281,0.16448,0.53068,0.15005
0.2725,0.20135,0.69401,0.11281,0.048229,0.15469,0.53229,0.1076
0.27927,0.22661,0.59031,0.11052,0.053594,0.32208,0.48656,0.1313
0.33844,0.18906,0.38698,0.08526,0.050313,0.23302,0.29594,0.1474
0.31599,0.18411,0.43021,0.10339,0.044323,0.10656,0.45703,0.10896
0.39604,0.20292,0.58708,0.10693,0.045052,0.08526,0.33047,0.10802
0.31948,0.20828,0.47109,0.12245,0.047865,0.11271,0.50333,0.087552
0.46271,0.21542,0.5987,0.12354,0.05026,0.18063,0.93984,0.14948
0.38193,0.22292,0.59823,0.10531,0.044219,0.085521,0.46687,0.14672
0.30109,0.28115,0.52099,0.11156,0.04276,0.10875,0.47573,0.10635
0.35542,0.30016,0.59307,0.10839,0.047396,0.11458,0.63359,0.18677
