0.020076,0.054219,0.053997,0.021268,0.013596,0.021125,0.062156,0.020108
0.011069,0.014504,0.039435,0.021406,0.0096486,0.015633,0.049996,0.012606
0.013802,0.022628,0.037396,0.020658,0.010604,0.013938,0.047708,0.013708
0.012467,0.024238,0.043253,0.025346,0.01079,0.015343,0.064504,0.012196
0.011604,0.014083,0.034948,0.026732,0.010058,0.014417,0.05224,0.012399
0.0099278,0.01926,0.041392,0.026831,0.011264,0.013629,0.031615,0.011174
0.010392,0.011396,0.034529,0.02446,0.010365,0.012542,0.057694,0.012323
0.010329,0.012562,0.027556,0.021302,0.010101,0.013521,0.040694,0.01455
0.010437,0.012342,0.030469,0.023296,0.011056,0.016754,0.055256,0.011727
0.010583,0.01095,0.029529,0.020974,0.010401,0.01234,0.037196,0.013446
0.0099375,0.011494,0.031042,0.021772,0.0092014,0.011151,0.03211,0.012526
0.0092896,0.010674,0.026645,0.018925,0.010608,0.010371,0.031522,0.011236
0.01071,0.010104,0.030797,0.019948,0.0091681,0.013227,0.049518,0.012316
0.0096792,0.011242,0.025869,0.020731,0.0097521,0.010225,0.036985,0.011293
0.011308,0.011349,0.028972,0.01967,0.010839,0.012826,0.034124,0.011256
0.0099292,0.010986,0.031842,0.020074,0.0089958,0.011995,0.046607,0.013458
0.010583,0.010375,0.033017,0.020427,0.010535,0.011903,0.037441,0.012348
0.0087583,0.011924,0.032388,0.022776,0.010267,0.011944,0.034083,0.011018
0.010486,0.011944,0.028749,0.022568,0.011666,0.014553,0.038073,0.01101
0.009,0.012196,0.032742,0.018587,0.0094951,0.012689,0.043002,0.011549
0.010375,0.011007,0.034058,0.019427,0.010847,0.014833,0.050233,0.012154
0.0097833,0.011287,0.026561,0.01806,0.01005,0.012333,0.050181,0.011288
0.010611,0.013773,0.033042,0.020673,0.010873,0.012506,0.03784,0.012725
0.009875,0.011487,0.02775,0.020764,0.010327,0.014875,0.053875,0.012997
0.010924,0.011554,0.030096,0.019513,0.010633,0.013518,0.063188,0.013452
0.009216,0.010579,0.030837,0.021198,0.010092,0.013692,0.050144,0.012717
0.0090417,0.010962,0.033594,0.022839,0.0094222,0.013173,0.0605,0.014247
0.0098125,0.011796,0.029946,0.020528,0.0090417,0.014717,0.054854,0.012386
0.0099903,0.010144,0.034921,0.019622,0.0088451,0.012673,0.059115,0.015364
0.011274,0.010187,0.034872,0.02151,0.0094792,0.013795,0.061636,0.015919
0.010345,0.012155,0.02795,0.021104,0.0095833,0.012518,0.053046,0.013604
0.011194,0.016396,0.030933,0.02171,0.010912,0.012555,0.046983,0.012229
0.009566,0.012563,0.036137,0.0207,0.010421,0.01425,0.065419,0.014207
0.0096076,0.01231,0.034089,0.022187,0.0093222,0.015285,0.060579,0.0138
0.01151,0.016139,0.031772,0.018027,0.010292,0.012667,0.047917,0.010969
0.0085139,0.012999,0.031649,0.019773,0.0088583,0.011854,0.049996,0.012088
0.0095833,0.012097,0.034294,0.021615,0.010752,0.015413,0.057062,0.013456
0.0093125,0.013556,0.037729,0.023727,0.0109,0.0148,0.066729,0.014471
0.010724,0.018469,0.033537,0.019424,0.0093417,0.014658,0.046715,0.013063
0.0095625,0.019156,0.034083,0.020612,0.0089292,0.014175,0.058398,0.01258
0.0091396,0.011021,0.026054,0.019029,0.0092472,0.013015,0.049775,0.013378
0.011021,0.011378,0.032944,0.022094,0.010649,0.013878,0.055867,0.012309
0.010146,0.011778,0.029583,0.021667,0.0098083,0.012401,0.051642,0.010458
0.0095861,0.010283,0.031181,0.018754,0.0097292,0.014718,0.04719,0.013692
0.0098333,0.012071,0.03844,0.020833,0.0096229,0.01266,0.045792,0.014218
0.010387,0.013074,0.028842,0.02136,0.0095778,0.012674,0.051715,0.014433
0.0096854,0.014655,0.031499,0.019701,0.0096792,0.013613,0.064573,0.012447
0.0095632,0.013163,0.026578,0.019077,0.0107,0.013671,0.03791,0.01125
0.010441,0.01546,0.033275,0.02035,0.010191,0.014339,0.05079,0.01025
0.0082958,0.013462,0.032894,0.020317,0.0097958,0.013383,0.050673,0.014185
0.010074,0.012844,0.032515,0.018849,0.0097111,0.014435,0.043125,0.011688
0.010806,0.013498,0.033707,0.026653,0.010934,0.012506,0.039781,0.01179
0.0097708,0.013491,0.031821,0.021104,0.0092333,0.010319,0.046785,0.01225
0.011653,0.019474,0.029342,0.019517,0.0102,0.01225,0.042735,0.012831
0.0098222,0.013564,0.033181,0.020497,0.0094792,0.014786,0.057688,0.011273
0.0099014,0.011271,0.029412,0.018437,0.010791,0.012256,0.047092,0.015096
0.012079,0.013094,0.031944,0.021589,0.010557,0.012617,0.046642,0.011739
0.012125,0.025714,0.033971,0.018492,0.0091431,0.011459,0.044843,0.011337
0.0096292,0.016461,0.032465,0.018785,0.0090694,0.011693,0.041808,0.011462
0.010042,0.011253,0.031337,0.019777,0.0093319,0.012665,0.047063,0.011796
0.010756,0.018479,0.027738,0.020021,0.010165,0.0093854,0.03954,0.011825
0.010122,0.021146,0.027828,0.020942,0.010573,0.013057,0.043867,0.015008
0.011911,0.017897,0.030753,0.020571,0.0099778,0.013065,0.038306,0.013186
0.012229,0.018383,0.03159,0.022575,0.010418,0.012222,0.043256,0.011312
0.011901,0.026717,0.033858,0.023926,0.011067,0.011882,0.050554,0.012504
0.011117,0.026319,0.035202,0.023569,0.011417,0.010993,0.045898,0.012444
0.014146,0.035823,0.034117,0.022821,0.010875,0.012029,0.039175,0.012912
0.014325,0.038131,0.036586,0.024671,0.010837,0.011622,0.048924,0.014202
0.012796,0.03215,0.032488,0.022888,0.012031,0.01374,0.045946,0.013671
0.012104,0.03414,0.03016,0.021033,0.0097569,0.014771,0.055231,0.016872
0.010604,0.019683,0.030782,0.019826,0.0099208,0.013008,0.046869,0.011663
0.012101,0.027414,0.0325,0.021017,0.010247,0.012917,0.053604,0.014488
0.0092021,0.02391,0.034875,0.023695,0.0095375,0.011303,0.041479,0.01499
0.010601,0.018444,0.034496,0.021042,0.010296,0.013302,0.051007,0.013439
0.010062,0.015485,0.034265,0.018812,0.0092771,0.014351,0.052389,0.012078
0.0099292,0.012743,0.028982,0.017656,0.0090917,0.0128,0.042425,0.012854
0.010228,0.01736,0.026246,0.019256,0.010254,0.011192,0.043037,0.013008
0.0094792,0.010325,0.030813,0.018263,0.0088299,0.013429,0.05349,0.015729
0.0087778,0.011799,0.02929,0.016675,0.010049,0.010677,0.032425,0.010179
0.010295,0.017849,0.028104,0.01596,0.0091458,0.011665,0.041038,0.010965
0.012239,0.025269,0.032175,0.019924,0.011049,0.015333,0.065803,0.016406
0.011657,0.022794,0.034901,0.021058,0.011367,0.015597,0.056603,0.016508
0.013066,0.024247,0.038264,0.024344,0.012058,0.016387,0.054838,0.01514
0.01277,0.024629,0.034442,0.022905,0.011215,0.014954,0.058924,0.015599
0.011519,0.024771,0.037035,0.020479,0.010365,0.016379,0.056701,0.013719
0.013115,0.031717,0.036854,0.02375,0.011844,0.01549,0.046513,0.011917
0.0094792,0.0245,0.035646,0.020111,0.010392,0.014024,0.044133,0.014927
0.010312,0.030129,0.034515,0.022656,0.011541,0.0136,0.059078,0.013329
0.010515,0.032677,0.033658,0.021187,0.0099708,0.0131,0.047916,0.013775
0.01375,0.024531,0.032396,0.026042,0.012283,0.014621,0.043542,0.0146
0.013076,0.029169,0.034379,0.022731,0.012723,0.013022,0.038788,0.017089
0.011177,0.029872,0.038365,0.022167,0.011,0.013096,0.062304,0.014038
0.015985,0.040108,0.036814,0.022324,0.0098125,0.012071,0.03975,0.012979
0.011997,0.019639,0.027346,0.023905,0.010267,0.012163,0.046633,0.014646
0.010944,0.017421,0.038697,0.023833,0.010713,0.011302,0.041439,0.012778
0.010562,0.018917,0.029678,0.021559,0.0098431,0.012749,0.049218,0.011867
0.010523,0.022549,0.032804,0.024654,0.010118,0.012558,0.048798,0.013171
0.012919,0.023546,0.033227,0.020079,0.010487,0.012903,0.0415,0.012925
0.010508,0.016178,0.033379,0.016058,0.0096417,0.012948,0.0624,0.015533
0.0098437,0.014194,0.031889,0.021122,0.01016,0.012606,0.046215,0.011229
0.010625,0.018033,0.031826,0.023056,0.0099778,0.013713,0.045969,0.012544
0.011528,0.016747,0.033567,0.017775,0.010649,0.012965,0.04105,0.011318
0.0118,0.020606,0.032556,0.021892,0.012179,0.015917,0.056339,0.013429
0.011056,0.019929,0.027494,0.017117,0.01058,0.016879,0.056335,0.013396
0.010524,0.018286,0.03605,0.025165,0.010142,0.016731,0.055619,0.014775
0.010982,0.014842,0.034187,0.020892,0.010237,0.012756,0.043629,0.01225
0.013311,0.022103,0.033694,0.0242,0.011665,0.013394,0.048872,0.01286
0.010174,0.018531,0.034287,0.021729,0.010249,0.011917,0.04084,0.012192
0.010633,0.016889,0.041,0.02635,0.011038,0.012208,0.029156,0.01185
0.010667,0.026021,0.036306,0.022736,0.0098771,0.013896,0.057224,0.013931
0.01005,0.017867,0.03725,0.021029,0.010479,0.014522,0.047217,0.013769
0.010271,0.017401,0.033322,0.016542,0.0099111,0.01229,0.051438,0.01319
0.010708,0.018463,0.032394,0.021394,0.010302,0.015581,0.067664,0.013157
0.011533,0.036406,0.026708,0.019381,0.009925,0.011208,0.034632,0.0099917
0.017817,0.054718,0.033168,0.022843,0.013592,0.017617,0.054417,0.013937
0.014062,0.017783,0.028929,0.016014,0.011851,0.016163,0.034096,0.016669
0.01309,0.024818,0.025023,0.015054,0.011142,0.01276,0.031262,0.012458
0.011917,0.015333,0.019847,0.012598,0.010242,0.011854,0.023771,0.0136
0.011823,0.021821,0.021042,0.012888,0.01025,0.013424,0.041528,0.013503
0.012394,0.019378,0.021054,0.013792,0.012044,0.014475,0.038877,0.014382
0.01174,0.014722,0.01334,0.012137,0.010407,0.01441,0.051545,0.014125
0.0099917,0.014273,0.013958,0.014246,0.011079,0.012032,0.043406,0.012917
0.011469,0.023767,0.014879,0.011133,0.010611,0.013849,0.046904,0.014822
0.011846,0.016747,0.014444,0.011254,0.0092458,0.013894,0.056049,0.014552
0.011686,0.013427,0.014204,0.011018,0.0092347,0.010381,0.026607,0.013542
0.010149,0.013088,0.013931,0.012864,0.0095833,0.010617,0.041802,0.012815
0.010308,0.014488,0.016561,0.012437,0.010085,0.011911,0.045046,0.012785
0.011646,0.01539,0.014337,0.011863,0.010979,0.01301,0.050306,0.0136
0.009125,0.012465,0.014383,0.011194,0.0085896,0.011332,0.048833,0.011379
0.0090451,0.013648,0.013073,0.0115,0.0094167,0.009775,0.035881,0.011889
0.010288,0.016275,0.013659,0.01239,0.0091687,0.011804,0.042217,0.012996
0.010885,0.017938,0.014142,0.01045,0.0096437,0.01456,0.038071,0.011765
0.012507,0.016754,0.020506,0.01215,0.010615,0.012476,0.033067,0.01239
0.011335,0.018518,0.014827,0.011629,0.010533,0.012746,0.039221,0.012968
0.012817,0.016763,0.013448,0.010858,0.010347,0.014014,0.045267,0.013821
0.011406,0.016619,0.015304,0.010441,0.0096958,0.012079,0.035227,0.01099
0.012817,0.020396,0.014687,0.011203,0.01085,0.016169,0.055823,0.015799
0.012456,0.017917,0.01425,0.010365,0.0095278,0.013617,0.045917,0.013081
0.0095764,0.015528,0.01511,0.011403,0.0085104,0.013926,0.054033,0.013863
0.010639,0.015388,0.013671,0.010153,0.0094021,0.014543,0.052596,0.01566
0.010037,0.021719,0.014295,0.010364,0.0098319,0.012842,0.046335,0.01434
0.012172,0.015312,0.017521,0.015422,0.010629,0.011904,0.045769,0.012936
0.010771,0.013951,0.0159,0.012429,0.00935,0.012038,0.050092,0.013681
0.010735,0.013067,0.017187,0.012533,0.0094042,0.014929,0.047294,0.013117
0.010844,0.011493,0.016056,0.011861,0.0089,0.012063,0.044687,0.012722
0.0091875,0.013472,0.015497,0.011075,0.0099313,0.0099403,0.054201,0.011812
0.012063,0.020889,0.01296,0.0095556,0.0095521,0.018938,0.081271,0.018764
0.010079,0.017088,0.011085,0.0097625,0.0097368,0.012354,0.056396,0.012885
0.00985,0.017788,0.014039,0.0098431,0.0092375,0.013116,0.055313,0.015085
0.010241,0.018022,0.014983,0.010399,0.0085083,0.013868,0.058032,0.014358
0.011054,0.016667,0.014767,0.011878,0.0098021,0.011974,0.04658,0.013708
0.010289,0.01844,0.013309,0.0094986,0.009375,0.0142,0.053296,0.014771
0.010781,0.016017,0.012858,0.010104,0.0096979,0.012317,0.046747,0.013809
0.010858,0.030571,0.013621,0.0099083,0.009059,0.012467,0.055912,0.012993
0.014488,0.030465,0.016938,0.013538,0.010501,0.016651,0.064746,0.016229
0.011093,0.019521,0.018925,0.012239,0.010146,0.015528,0.067353,0.012175
0.010596,0.016132,0.019425,0.010622,0.01001,0.013181,0.070118,0.014877
0.01009,0.015908,0.015967,0.011952,0.0093778,0.014397,0.056851,0.013287
0.0093625,0.0165,0.019602,0.012353,0.0099271,0.014839,0.075056,0.015265
0.017027,0.040854,0.020917,0.012608,0.0097083,0.013735,0.060646,0.014995
0.012081,0.021413,0.021565,0.012744,0.0090167,0.014987,0.061771,0.013111
0.012333,0.023546,0.02141,0.010914,0.010004,0.013988,0.043041,0.015712
0.011896,0.019689,0.017917,0.012101,0.0099653,0.01314,0.04163,0.012481
0.014729,0.03229,0.020802,0.011189,0.010885,0.014488,0.046458,0.015764
0.014149,0.03584,0.020918,0.011518,0.010333,0.012251,0.043626,0.014812
0.011151,0.017071,0.017146,0.012504,0.010404,0.012988,0.051285,0.016303
0.0099083,0.019919,0.016775,0.0116,0.010161,0.015235,0.048113,0.016229
0.010438,0.015466,0.017306,0.011625,0.010404,0.013221,0.036657,0.016236
0.013688,0.024918,0.015875,0.011035,0.011472,0.015113,0.059354,0.016553
0.01109,0.019693,0.015955,0.010883,0.0095694,0.012065,0.041488,0.014879
0.015434,0.02974,0.0191,0.012231,0.01154,0.015344,0.037646,0.016608
0.011464,0.017988,0.013555,0.0096639,0.010625,0.011889,0.027771,0.014635
0.011315,0.022951,0.016422,0.011832,0.010646,0.015778,0.053504,0.014197
0.011158,0.020478,0.015667,0.01075,0.010382,0.013938,0.046267,0.016683
0.0092014,0.018647,0.020931,0.012119,0.010052,0.012604,0.045356,0.012463
0.011604,0.023528,0.013588,0.011354,0.0095403,0.013875,0.04081,0.013971
0.010361,0.025194,0.016283,0.010729,0.0092083,0.012392,0.06514,0.014458
0.010453,0.020721,0.016217,0.0096347,0.0086069,0.0133,0.044099,0.013368
0.009625,0.020111,0.013078,0.0092792,0.010488,0.012846,0.040438,0.013944
0.011253,0.02849,0.013718,0.010208,0.010201,0.015097,0.066562,0.016137
0.011032,0.021801,0.016769,0.0095417,0.009816,0.016785,0.060885,0.015204
0.012908,0.040178,0.019472,0.011704,0.0097569,0.014167,0.063352,0.015521
0.009625,0.02184,0.018135,0.011133,0.0091306,0.012585,0.041083,0.014921
0.0089062,0.01665,0.018075,0.010072,0.0088792,0.013319,0.049495,0.013667
0.013401,0.039385,0.017781,0.011578,0.0089194,0.015264,0.053981,0.017174
0.011308,0.035418,0.020854,0.012049,0.0094208,0.011142,0.036257,0.013399
0.010376,0.016542,0.017069,0.01115,0.0090271,0.013723,0.050689,0.015454
0.0098125,0.012836,0.021738,0.012285,0.00925,0.013768,0.049922,0.014665
0.0095479,0.017135,0.01776,0.010561,0.0095319,0.012083,0.045958,0.013749
0.0094167,0.016343,0.019925,0.011517,0.0083958,0.012588,0.043333,0.013594
0.010526,0.022353,0.021212,0.011306,0.0088056,0.01493,0.053639,0.015765
0.008975,0.021665,0.020385,0.013194,0.0090222,0.013886,0.0567,0.012787
0.010903,0.022396,0.023992,0.01434,0.010686,0.014267,0.066213,0.016731
0.0088507,0.018639,0.025352,0.014101,0.010201,0.014064,0.053558,0.012599
0.0092181,0.020567,0.023431,0.010732,0.0079035,0.012481,0.061179,0.014944
0.0086903,0.018973,0.027077,0.014772,0.010233,0.015454,0.071097,0.014585
0.0090806,0.013038,0.021154,0.012199,0.0085562,0.014189,0.057528,0.015837
0.010427,0.021739,0.022279,0.012958,0.0085625,0.014276,0.056302,0.015601
0.010751,0.029963,0.026731,0.012581,0.0083493,0.014677,0.062622,0.014319
0.010415,0.023381,0.023117,0.014174,0.010343,0.014078,0.064765,0.014896
0.0086625,0.019792,0.024712,0.013859,0.0086111,0.016625,0.07441,0.016111
0.013592,0.034701,0.025515,0.013545,0.0093854,0.013655,0.056667,0.015543
0.009075,0.017746,0.026018,0.012421,0.0086264,0.014684,0.067108,0.014681
0.0098611,0.017546,0.025385,0.014592,0.0093625,0.012951,0.060483,0.01526
0.01026,0.022508,0.022994,0.012218,0.0098743,0.013797,0.077304,0.016137
0.012917,0.043474,0.022368,0.012265,0.0098125,0.014585,0.059104,0.015604
0.0098792,0.025399,0.024135,0.012966,0.0091667,0.013328,0.050731,0.014314
0.0096646,0.01789,0.024017,0.012826,0.010517,0.014129,0.057479,0.016233
0.0099917,0.016483,0.027536,0.012081,0.0088563,0.013415,0.047771,0.014148
0.010417,0.02346,0.028229,0.016028,0.010004,0.014417,0.058629,0.014524
0.010279,0.016419,0.030095,0.013533,0.0095597,0.013681,0.042535,0.016496
0.0090625,0.024302,0.028235,0.016021,0.0099472,0.0122,0.053174,0.012959
0.017519,0.052802,0.046164,0.024167,0.011333,0.019918,0.054233,0.020872
0.013826,0.039388,0.035308,0.02026,0.010726,0.015288,0.059865,0.015249
0.0097299,0.023563,0.03042,0.017446,0.010497,0.011443,0.044908,0.013508
0.012348,0.03095,0.036554,0.018696,0.010742,0.013822,0.0545,0.015868
0.010562,0.028488,0.030457,0.015206,0.0099292,0.01402,0.041083,0.013373
0.011647,0.039754,0.03386,0.015171,0.0091903,0.014037,0.054446,0.014402
0.011158,0.031572,0.036456,0.021367,0.010606,0.013958,0.044444,0.013085
0.014039,0.04654,0.038508,0.01779,0.010485,0.012753,0.049826,0.013061
0.010618,0.027806,0.031879,0.01651,0.010262,0.013692,0.058101,0.013167
0.010082,0.025363,0.036108,0.017154,0.0099201,0.013956,0.049376,0.016418
0.010326,0.024852,0.033073,0.015583,0.010007,0.01135,0.030128,0.013642
0.011869,0.030056,0.031903,0.017628,0.0093611,0.013618,0.050146,0.012843
0.014211,0.04005,0.032375,0.018538,0.010462,0.013104,0.064442,0.014666
0.01165,0.03354,0.031264,0.015781,0.0093917,0.012878,0.052101,0.01301
0.016343,0.05025,0.036094,0.015071,0.010121,0.014442,0.043181,0.014728
0.0080187,0.020605,0.036883,0.017626,0.0097118,0.012753,0.054592,0.01389
0.0095069,0.028633,0.034625,0.01684,0.0090257,0.014132,0.063831,0.014103
0.011049,0.034223,0.035729,0.016444,0.01095,0.014074,0.057538,0.014418
0.019033,0.049242,0.032715,0.015958,0.013221,0.030658,0.056542,0.014302
0.017098,0.03245,0.025979,0.014344,0.011231,0.029769,0.066424,0.016113
0.015724,0.01535,0.019135,0.011847,0.0099354,0.021025,0.045453,0.011625
0.016067,0.018608,0.013908,0.010617,0.010343,0.020896,0.048249,0.012353
0.015761,0.018073,0.011646,0.010287,0.0094583,0.014045,0.031848,0.011032
0.016102,0.020083,0.012571,0.010583,0.010563,0.017775,0.039607,0.012522
0.019692,0.064425,0.020556,0.013722,0.012519,0.038506,0.069884,0.017465
0.016292,0.023135,0.031599,0.016263,0.011429,0.026249,0.045356,0.013569
0.015925,0.010857,0.023252,0.014635,0.010075,0.021102,0.037135,0.012414
0.016344,0.01601,0.024153,0.016771,0.010125,0.025007,0.054629,0.016048
0.014188,0.010938,0.0099937,0.0082035,0.0091861,0.024921,0.042358,0.012057
0.013957,0.011104,0.010639,0.01064,0.0089056,0.013742,0.028162,0.0099549
0.014621,0.015725,0.017419,0.010929,0.008775,0.019702,0.052899,0.011744
0.015697,0.011619,0.030096,0.016119,0.010142,0.029442,0.052608,0.014229
0.014469,0.016179,0.018472,0.01133,0.0093438,0.017579,0.038119,0.010958
0.014438,0.013467,0.014725,0.010185,0.0096458,0.018473,0.036646,0.011639
0.014997,0.014355,0.020717,0.013837,0.011138,0.038856,0.061278,0.011893
0.014919,0.022215,0.013288,0.011576,0.0097681,0.025851,0.049605,0.011854
0.01558,0.024705,0.015244,0.010254,0.0097778,0.035289,0.053474,0.01375
0.013942,0.015236,0.017135,0.010277,0.0086125,0.017208,0.034951,0.010892
0.013494,0.020758,0.013979,0.010122,0.0095194,0.022074,0.035938,0.013392
0.015029,0.031,0.020244,0.011011,0.011194,0.027226,0.054153,0.014404
0.015059,0.02615,0.011663,0.010462,0.010079,0.031607,0.044975,0.012838
0.015211,0.024804,0.0246,0.015213,0.010753,0.024426,0.039771,0.012551
0.013814,0.025599,0.015101,0.010408,0.0095917,0.029621,0.047601,0.013974
0.013704,0.024712,0.010608,0.0090167,0.009325,0.019232,0.02941,0.010665
0.013875,0.024408,0.010006,0.0092396,0.010139,0.017063,0.036906,0.010568
0.014374,0.030315,0.010468,0.010362,0.0099333,0.020519,0.047736,0.01241
0.0133,0.016673,0.010382,0.0097181,0.0082,0.016497,0.03196,0.0098167
0.015017,0.024765,0.011144,0.0095139,0.0092076,0.018867,0.033583,0.011373
0.014342,0.032753,0.011604,0.010303,0.0083347,0.015483,0.044633,0.00955
0.014265,0.026556,0.010604,0.0083507,0.0085729,0.020615,0.035076,0.010436
0.013892,0.019764,0.0097979,0.0096222,0.0081785,0.01766,0.03314,0.010943
0.014921,0.026823,0.010613,0.0097118,0.0098326,0.022751,0.031528,0.012076
0.014353,0.02809,0.011426,0.010417,0.012633,0.030583,0.044569,0.01435
0.015497,0.031424,0.014129,0.0096667,0.0097972,0.025342,0.055032,0.012608
0.015515,0.03146,0.021851,0.011317,0.010028,0.026331,0.041821,0.013469
0.014725,0.035222,0.013718,0.011344,0.010403,0.023123,0.038904,0.011858
0.012833,0.018006,0.011804,0.0098361,0.0091444,0.015364,0.04191,0.011944
0.013592,0.017205,0.0088153,0.0084486,0.0098917,0.025477,0.029625,0.011731
0.0144,0.015825,0.010605,0.010547,0.010021,0.030286,0.058879,0.013573
0.014485,0.015222,0.0090021,0.0088889,0.0092361,0.028603,0.043733,0.011958
0.013614,0.024349,0.01049,0.010526,0.00965,0.038199,0.046052,0.016642
0.014052,0.017343,0.029392,0.015207,0.0091458,0.018985,0.029031,0.010677
0.014461,0.019069,0.012507,0.009925,0.010858,0.022662,0.052028,0.012646
0.012976,0.015628,0.0095986,0.0085437,0.0085917,0.016472,0.029951,0.011115
0.012771,0.016303,0.0088458,0.0096687,0.0084583,0.012322,0.022257,0.010008
0.013668,0.021878,0.0096875,0.0089146,0.010046,0.024827,0.039981,0.012963
0.013475,0.022212,0.011587,0.0095403,0.010044,0.020167,0.04369,0.012308
0.014225,0.016271,0.0098333,0.0082854,0.0087944,0.01864,0.035514,0.011417
0.012806,0.016385,0.0094153,0.0088021,0.010667,0.022847,0.032991,0.012289
0.014067,0.015351,0.011597,0.010253,0.011571,0.016183,0.040757,0.012784
0.014963,0.015917,0.010545,0.0097646,0.0087917,0.015364,0.039844,0.010062
0.014454,0.013568,0.0099542,0.0092118,0.0098632,0.023312,0.03201,0.011319
0.012781,0.012226,0.010165,0.0086903,0.010256,0.022351,0.032951,0.011789
0.014406,0.010269,0.0096396,0.0085125,0.0091,0.017429,0.039796,0.010758
0.013401,0.012118,0.0094375,0.0098299,0.008775,0.021951,0.056333,0.01191
0.013564,0.015325,0.0095868,0.0086111,0.01041,0.033862,0.042506,0.013842
0.013863,0.011667,0.010933,0.010256,0.0099667,0.029263,0.042566,0.012938
0.012686,0.010049,0.010046,0.010083,0.0098222,0.01609,0.030244,0.011258
0.013378,0.010617,0.010096,0.0099042,0.0086465,0.019843,0.033496,0.010332
0.013539,0.015333,0.0097444,0.0094917,0.010135,0.024012,0.039065,0.014606
0.013852,0.0416,0.034146,0.017633,0.011097,0.029782,0.064792,0.016503
0.011189,0.010111,0.022675,0.013933,0.010754,0.027193,0.05015,0.012469
0.010521,0.0082708,0.014396,0.010118,0.010013,0.019659,0.039203,0.010048
0.0099764,0.011371,0.018028,0.010885,0.010454,0.024671,0.038061,0.0095083
0.010914,0.010058,0.018708,0.011658,0.0091708,0.017852,0.032217,0.010007
0.010996,0.010256,0.010051,0.0096028,0.0082208,0.036071,0.062236,0.0098611
0.010343,0.0090833,0.010092,0.0096875,0.0093542,0.01656,0.04751,0.0094958
0.011038,0.0099479,0.0093389,0.010639,0.0091944,0.016528,0.045929,0.010478
0.010792,0.0095833,0.0084542,0.0097986,0.008825,0.0095222,0.01687,0.0075917
0.010895,0.0098917,0.0092958,0.0091646,0.010069,0.0138,0.043408,0.010181
0.010818,0.0086444,0.0098542,0.0096417,0.0095347,0.01821,0.044808,0.010088
0.010157,0.0086167,0.0093514,0.0093667,0.0096444,0.0129,0.044997,0.0085833
0.010142,0.0091042,0.011806,0.0098333,0.009816,0.014667,0.040179,0.0098194
0.012373,0.0087847,0.012014,0.010051,0.0087187,0.014887,0.031773,0.0092569
0.011593,0.0095,0.013014,0.0091625,0.0084326,0.015185,0.044113,0.0084674
0.010542,0.010304,0.010256,0.0097833,0.009,0.014944,0.040542,0.0090472
0.0099167,0.0097736,0.009625,0.0086,0.0088847,0.016086,0.043104,0.0095625
0.01024,0.0087042,0.015084,0.009434,0.0094313,0.018406,0.046731,0.0098257
0.011167,0.0092111,0.011639,0.0091722,0.0092319,0.017471,0.045771,0.0091076
0.011226,0.0097778,0.009325,0.0088785,0.0084931,0.021299,0.043254,0.0096792
0.010075,0.0096667,0.0093097,0.010271,0.0088208,0.02325,0.052389,0.0095562
0.011024,0.0092083,0.0099181,0.0082812,0.0076771,0.02135,0.052618,0.0096306
0.011417,0.0081944,0.012275,0.010715,0.0092312,0.018126,0.026491,0.0092972
0.0097458,0.010233,0.01069,0.010312,0.0086958,0.019129,0.03974,0.010192
0.0096347,0.0084,0.011264,0.010576,0.0087417,0.019417,0.043706,0.010901
0.009875,0.0096889,0.0093403,0.0088792,0.0094875,0.013683,0.045374,0.0094514
0.011416,0.0093104,0.0076458,0.0095563,0.0093917,0.021546,0.038775,0.0090208
0.011483,0.0091167,0.0097792,0.0096931,0.0087646,0.021104,0.041993,0.0092125
0.010844,0.0097396,0.0089188,0.0085903,0.0090299,0.026278,0.060861,0.010627
0.010422,0.0084556,0.0094583,0.0080208,0.0086139,0.026608,0.054321,0.0084375
0.011879,0.010892,0.0096444,0.010344,0.0093958,0.020146,0.068233,0.010517
0.010453,0.0098875,0.0096264,0.0090521,0.0085729,0.019908,0.043356,0.011731
0.010671,0.0093097,0.0099306,0.0099333,0.0088958,0.015099,0.036681,0.009009
0.0097236,0.0098,0.0096667,0.0088903,0.0081583,0.017125,0.033526,0.008625
0.010974,0.010397,0.024396,0.01525,0.009825,0.021719,0.057131,0.0090708
0.010491,0.010451,0.01571,0.012417,0.0085819,0.02581,0.054575,0.0098208
0.0097806,0.0085208,0.0093264,0.0088701,0.0077153,0.013517,0.031429,0.0082097
0.010333,0.0096458,0.012248,0.0090097,0.0081764,0.018128,0.041335,0.0095201
0.0105,0.010191,0.0096875,0.0090417,0.009566,0.020833,0.034596,0.0098819
0.010736,0.0099167,0.0090681,0.0085681,0.0075993,0.017968,0.050374,0.010872
0.010899,0.011407,0.009,0.0094014,0.0079271,0.025004,0.043137,0.010687
0.010008,0.0092486,0.0092618,0.0090104,0.0088208,0.011446,0.033424,0.0083875
0.010269,0.011599,0.025279,0.015048,0.0089125,0.010917,0.0081597,0.0091271
0.017371,0.030706,0.038194,0.020122,0.016944,0.028374,0.046015,0.024002
0.011771,0.02184,0.037542,0.019158,0.010719,0.018463,0.033581,0.015063
0.012053,0.024396,0.039915,0.019269,0.011808,0.020767,0.057761,0.015985
0.010723,0.017503,0.039028,0.019792,0.0088028,0.015915,0.042079,0.014047
0.011926,0.020528,0.035424,0.020518,0.00955,0.015389,0.033743,0.013345
0.012103,0.025083,0.0364,0.018504,0.0091736,0.018422,0.042965,0.014566
0.01109,0.020704,0.0357,0.016458,0.010012,0.016844,0.044913,0.01401
0.011357,0.020492,0.036875,0.019056,0.010439,0.016376,0.043021,0.014014
0.010411,0.019635,0.031796,0.020934,0.0089458,0.015293,0.03899,0.012775
0.012015,0.017783,0.034517,0.018551,0.0099056,0.017217,0.057098,0.013794
0.012104,0.025885,0.036396,0.017325,0.010063,0.017611,0.04414,0.014448
0.012344,0.022272,0.035545,0.01659,0.0104,0.014726,0.038028,0.013929
0.012329,0.024365,0.038567,0.019821,0.0096278,0.015851,0.039529,0.01255
0.0094708,0.023687,0.032472,0.016658,0.0094042,0.017217,0.045701,0.014881
0.012707,0.032879,0.038578,0.019688,0.0098146,0.01756,0.054606,0.017104
0.010453,0.02594,0.03099,0.0147,0.0095806,0.015458,0.039821,0.014043
0.01125,0.027133,0.034014,0.017321,0.0098479,0.015994,0.053694,0.013475
0.010717,0.027985,0.030276,0.015865,0.0094042,0.014387,0.036854,0.013966
0.011249,0.026092,0.037442,0.015435,0.0089514,0.016979,0.041115,0.014601
0.012167,0.02346,0.035085,0.016056,0.0089833,0.015657,0.045042,0.013398
0.011694,0.026769,0.038076,0.016424,0.0099403,0.017813,0.045717,0.013573
0.012046,0.029888,0.041634,0.018446,0.010417,0.017138,0.041412,0.013879
0.010316,0.024272,0.035696,0.016812,0.010103,0.015579,0.030892,0.013083
0.010479,0.019909,0.037208,0.017674,0.0097771,0.013888,0.035465,0.015179
0.011275,0.02311,0.035858,0.018499,0.0099062,0.01509,0.040993,0.013176
0.01166,0.022828,0.034163,0.015436,0.0094979,0.014486,0.037312,0.01216
0.011917,0.027337,0.036381,0.017696,0.0098444,0.015549,0.036956,0.013646
0.010785,0.018692,0.034519,0.017513,0.01,0.015004,0.037517,0.012678
0.011542,0.018556,0.034954,0.016924,0.0090486,0.016287,0.037122,0.013642
0.012114,0.01969,0.032876,0.016096,0.0089708,0.014048,0.031688,0.013667
0.0095014,0.017616,0.033558,0.014654,0.0094903,0.014041,0.03624,0.013074
0.010956,0.020821,0.032242,0.017333,0.0094583,0.01534,0.043489,0.014323
0.010914,0.01979,0.031903,0.014146,0.0096819,0.015653,0.044701,0.015052
0.010602,0.015746,0.035583,0.017271,0.0081819,0.014512,0.034828,0.014144
0.011343,0.016037,0.032083,0.015535,0.0093431,0.015104,0.03051,0.014275
0.011346,0.019138,0.033975,0.017402,0.0095764,0.013831,0.038922,0.014126
0.010289,0.033346,0.037355,0.017201,0.0095625,0.019688,0.047308,0.015187
0.011043,0.021365,0.031979,0.015742,0.0089028,0.012994,0.050246,0.011975
0.01225,0.022542,0.036184,0.0194,0.010671,0.014592,0.040503,0.014708
0.011581,0.018165,0.033537,0.015708,0.0087681,0.014536,0.052292,0.012946
0.011004,0.020717,0.032078,0.014773,0.0091431,0.014846,0.04619,0.011471
0.011463,0.014958,0.030613,0.017969,0.0096521,0.014783,0.045142,0.013579
0.010392,0.018783,0.032346,0.017989,0.0081458,0.016835,0.044204,0.015147
0.011078,0.019913,0.033509,0.015975,0.0090333,0.015656,0.040312,0.014062
0.010687,0.021065,0.033958,0.014553,0.0080625,0.017471,0.052038,0.013802
0.010996,0.02509,0.029875,0.017062,0.0094958,0.014711,0.052554,0.013208
0.012328,0.029086,0.038904,0.018028,0.0090278,0.017348,0.045156,0.013383
0.011954,0.022901,0.041299,0.021059,0.0098292,0.016771,0.048979,0.014168
0.013546,0.014531,0.056521,0.023338,0.011354,0.017669,0.05143,0.013292
0.012424,0.020542,0.042964,0.019583,0.0086854,0.01675,0.051103,0.01306
0.011017,0.017156,0.040822,0.018751,0.0092125,0.016333,0.039377,0.01344
0.011073,0.02224,0.042925,0.018229,0.010146,0.015582,0.037739,0.012933
0.01159,0.025419,0.038096,0.017176,0.009725,0.015894,0.03436,0.01316
0.011132,0.022104,0.034328,0.01512,0.0091007,0.016553,0.05601,0.014791
0.010899,0.020735,0.035746,0.016615,0.0099333,0.019872,0.042193,0.0138
0.010232,0.018702,0.040229,0.016719,0.0081896,0.017715,0.058802,0.013917
0.011024,0.01719,0.04155,0.016692,0.0105,0.015937,0.034726,0.014228
0.01219,0.025496,0.043945,0.018055,0.0094146,0.016454,0.039503,0.013258
0.011819,0.020583,0.041117,0.013854,0.0093194,0.0151,0.045969,0.013906
0.010921,0.023335,0.039441,0.016979,0.0089486,0.015458,0.043111,0.013617
0.010914,0.024608,0.035542,0.016669,0.0092535,0.018199,0.048619,0.015703
0.011,0.018181,0.042836,0.017126,0.0081181,0.018442,0.043887,0.013858
0.011382,0.019111,0.043556,0.015515,0.0097028,0.016083,0.038892,0.014313
0.010831,0.016646,0.041592,0.017326,0.0090167,0.016076,0.044101,0.013312
0.012078,0.023675,0.046463,0.018113,0.010044,0.017006,0.045439,0.013993
0.0105,0.021004,0.041275,0.015717,0.0092542,0.016121,0.043507,0.013769
0.011239,0.030765,0.045254,0.014825,0.0093417,0.017396,0.04099,0.014979
0.012153,0.022304,0.040832,0.01664,0.010056,0.016587,0.040958,0.015
0.011833,0.018949,0.046865,0.017949,0.0091771,0.015535,0.04276,0.012813
0.011057,0.016536,0.041529,0.016981,0.0098542,0.017131,0.042783,0.0137
0.01083,0.022154,0.045433,0.016925,0.0098056,0.015299,0.043925,0.012958
0.012133,0.021263,0.044372,0.016978,0.0087972,0.01726,0.060651,0.01385
0.01021,0.013589,0.045806,0.016817,0.0094792,0.018106,0.043781,0.015373
0.010669,0.014549,0.04815,0.017263,0.0097667,0.018507,0.052542,0.013849
0.0099319,0.013524,0.041792,0.015992,0.008975,0.01815,0.062621,0.014148
0.011936,0.023,0.045933,0.01926,0.009225,0.018802,0.050796,0.015521
0.011292,0.018207,0.041562,0.01675,0.0088917,0.019815,0.053263,0.014979
0.010321,0.017833,0.043887,0.017929,0.0092569,0.01961,0.059267,0.015382
0.0111,0.018353,0.046863,0.016639,0.0088021,0.018538,0.061313,0.014601
0.010799,0.015792,0.043875,0.017708,0.0098146,0.018406,0.037712,0.014976
0.011462,0.02271,0.040744,0.016375,0.010204,0.01641,0.04387,0.013975
0.011335,0.021694,0.037583,0.016853,0.010194,0.016329,0.051042,0.015007
0.012456,0.023236,0.047569,0.015885,0.0092889,0.017994,0.044395,0.015239
0.011675,0.021387,0.040832,0.016596,0.0081958,0.018285,0.051379,0.015156
0.011682,0.025764,0.04576,0.016236,0.010175,0.0165,0.045617,0.01541
0.01034,0.02051,0.044498,0.014399,0.009591,0.016648,0.034125,0.014705
0.011771,0.023138,0.048542,0.015661,0.0096264,0.019611,0.047497,0.01594
0.0116,0.031771,0.041868,0.015183,0.0090222,0.017214,0.033242,0.014821
0.011628,0.024151,0.043875,0.016704,0.0092847,0.016372,0.032372,0.013575
0.011949,0.038528,0.040424,0.014942,0.0084354,0.017839,0.044763,0.015677
0.012371,0.024588,0.038205,0.015525,0.010097,0.017586,0.034468,0.015917
0.012258,0.015083,0.0375,0.013483,0.009175,0.018594,0.037343,0.015818
0.011187,0.028542,0.04304,0.014121,0.0097528,0.017604,0.05514,0.015368
0.013,0.026625,0.044746,0.015456,0.0093611,0.017724,0.033228,0.015953
0.012729,0.022382,0.047953,0.015993,0.0095681,0.016193,0.033021,0.013362
0.010435,0.021231,0.043935,0.016433,0.0094708,0.015896,0.03868,0.015542
0.011344,0.026731,0.044583,0.014221,0.010024,0.017551,0.037894,0.015477
0.013057,0.028506,0.044427,0.01584,0.010067,0.018181,0.049958,0.014026
0.011985,0.020693,0.042092,0.01525,0.0095042,0.016721,0.038744,0.015033
0.011029,0.023823,0.040906,0.015219,0.0090347,0.016479,0.030869,0.013656
0.011576,0.021806,0.041692,0.014557,0.0092667,0.018411,0.035441,0.014632
0.011721,0.028804,0.046905,0.016976,0.0095292,0.016713,0.034535,0.014278
0.011625,0.026819,0.042646,0.015274,0.0098333,0.017802,0.030178,0.013841
0.012986,0.024706,0.043168,0.016296,0.010177,0.017008,0.034989,0.016249
0.011498,0.021925,0.046127,0.013142,0.0097125,0.016394,0.032788,0.012992
0.011278,0.028989,0.047706,0.017188,0.0095528,0.017673,0.042813,0.01651
0.010904,0.031338,0.046626,0.014861,0.0090417,0.017083,0.056026,0.014986
0.01185,0.029047,0.046785,0.016719,0.0094951,0.018796,0.045817,0.015799
0.010906,0.02499,0.041377,0.015328,0.0096083,0.018014,0.043389,0.014413
0.01039,0.025647,0.040692,0.016972,0.0090521,0.018118,0.044444,0.015468
0.012451,0.018515,0.043594,0.014764,0.0082271,0.016729,0.044442,0.014897
0.011197,0.026744,0.047981,0.015501,0.0083278,0.017778,0.047915,0.013763
0.015733,0.023229,0.030099,0.013271,0.013822,0.024708,0.0656,0.019415
0.013435,0.01925,0.028625,0.010633,0.0094583,0.021559,0.055193,0.019692
0.011227,0.015232,0.0287,0.01139,0.010375,0.022392,0.078775,0.021321
0.013593,0.013774,0.033113,0.012604,0.012304,0.027145,0.095328,0.025522
0.011458,0.012946,0.032561,0.012769,0.010636,0.026081,0.092151,0.024082
0.014997,0.020233,0.035075,0.012871,0.012668,0.023803,0.063698,0.021111
0.011137,0.015333,0.029781,0.011865,0.010917,0.016767,0.05675,0.017646
0.011672,0.014347,0.028017,0.010096,0.010038,0.020964,0.055708,0.020469
0.01292,0.014934,0.031158,0.012388,0.010825,0.020729,0.076486,0.019962
0.014113,0.021947,0.031667,0.012463,0.011396,0.022306,0.067083,0.022031
0.013133,0.018407,0.030421,0.010868,0.0097889,0.024362,0.060792,0.018967
0.011094,0.015896,0.033133,0.012977,0.011508,0.025508,0.081529,0.022485
0.014313,0.014629,0.03875,0.011751,0.01266,0.022263,0.077715,0.019457
0.0122,0.014731,0.035753,0.012583,0.010831,0.025055,0.07476,0.021852
0.012924,0.025154,0.027702,0.011219,0.010792,0.027241,0.088493,0.022399
0.011412,0.015478,0.039252,0.013248,0.010342,0.020594,0.087435,0.019158
0.0096042,0.013155,0.026,0.009825,0.0096,0.017764,0.043167,0.015928
0.017278,0.030417,0.032876,0.013788,0.01199,0.024253,0.082096,0.021315
0.010892,0.02118,0.033294,0.01331,0.010521,0.016875,0.068263,0.018471
0.011557,0.028653,0.032875,0.011659,0.01026,0.022292,0.11002,0.021093
0.016086,0.041083,0.034058,0.013996,0.012003,0.018758,0.058618,0.01715
0.0134,0.015539,0.033427,0.01459,0.0114,0.022617,0.081321,0.02066
0.010972,0.014002,0.032632,0.013513,0.010242,0.02326,0.10359,0.020868
0.011073,0.013179,0.032382,0.013219,0.010158,0.021113,0.094058,0.020257
0.0131,0.014868,0.047099,0.012696,0.010743,0.022694,0.067971,0.020179
0.011294,0.019879,0.030902,0.01192,0.0096556,0.019392,0.072276,0.019868
0.011971,0.013942,0.037269,0.012392,0.010118,0.021622,0.086805,0.021554
0.013688,0.023196,0.037402,0.012142,0.011658,0.026237,0.084308,0.022764
0.014678,0.018865,0.041292,0.016321,0.011607,0.023333,0.076864,0.01785
0.012506,0.01479,0.043694,0.014933,0.010321,0.021633,0.07986,0.019142
0.016476,0.021559,0.037975,0.012677,0.012802,0.026458,0.071988,0.023097
0.011228,0.014054,0.039551,0.0128,0.011243,0.022886,0.088352,0.019427
0.014052,0.027344,0.039615,0.014054,0.013303,0.025544,0.082038,0.024401
0.011596,0.014035,0.042658,0.011683,0.010362,0.021964,0.090596,0.020969
0.011387,0.021356,0.039893,0.014032,0.01056,0.024531,0.10269,0.021217
0.013931,0.02866,0.041772,0.013653,0.010067,0.024842,0.12512,0.021625
0.014003,0.015875,0.045581,0.014479,0.0090167,0.024535,0.11811,0.021266
0.012975,0.028614,0.036829,0.013125,0.01259,0.027001,0.12696,0.024625
0.011667,0.022622,0.031633,0.013375,0.010031,0.026069,0.097824,0.021352
0.011688,0.022396,0.038729,0.012933,0.010604,0.023213,0.079743,0.02116
0.010707,0.029296,0.041712,0.013872,0.0089889,0.03186,0.10676,0.024058
0.010081,0.02786,0.040901,0.012317,0.0096528,0.022472,0.095937,0.018009
0.011163,0.023546,0.045097,0.014521,0.011354,0.026956,0.086042,0.023951
0.0097979,0.019326,0.040058,0.012518,0.0094653,0.026292,0.12053,0.021031
0.010597,0.02279,0.034289,0.01321,0.0099125,0.024686,0.1376,0.026277
0.0113,0.016042,0.040237,0.014381,0.0098764,0.023523,0.10033,0.024143
0.010821,0.02016,0.042362,0.014032,0.0085854,0.023526,0.092117,0.020796
0.013846,0.032829,0.036347,0.013954,0.011444,0.027361,0.11753,0.024617
0.013192,0.030689,0.038772,0.013313,0.011731,0.022896,0.087237,0.019208
0.012542,0.019798,0.042835,0.013354,0.010513,0.024192,0.099596,0.024275
0.012542,0.025222,0.042197,0.016021,0.012575,0.024914,0.066579,0.022162
0.014983,0.04064,0.047775,0.016762,0.011729,0.027604,0.1297,0.027272
0.017021,0.049738,0.044717,0.013963,0.012556,0.02895,0.12124,0.026221
0.017458,0.061809,0.0433,0.013896,0.012921,0.034711,0.10928,0.030544
0.016829,0.062675,0.044065,0.016153,0.01271,0.030546,0.1349,0.025226
0.019188,0.058094,0.045736,0.01451,0.013,0.028806,0.1255,0.027667
0.017875,0.064826,0.045056,0.016439,0.011317,0.025914,0.086767,0.01999
0.016347,0.055381,0.037931,0.015477,0.011858,0.029604,0.12295,0.0235
0.014039,0.04336,0.04349,0.0155,0.011299,0.02774,0.12282,0.022736
0.01475,0.048013,0.043669,0.013812,0.010526,0.027108,0.096631,0.020927
0.012179,0.039198,0.042075,0.014436,0.011833,0.022488,0.093229,0.026192
0.014503,0.033565,0.043995,0.015442,0.012115,0.024779,0.092146,0.020542
0.016775,0.062102,0.042604,0.016225,0.012483,0.023302,0.09015,0.023958
0.014147,0.03909,0.041215,0.015242,0.01025,0.028751,0.10952,0.023802
0.013458,0.038358,0.037283,0.013923,0.010583,0.019285,0.069008,0.018563
0.015025,0.049729,0.042608,0.015941,0.0099292,0.024694,0.093083,0.022604
0.015935,0.050829,0.037535,0.014276,0.011681,0.024429,0.10671,0.022263
0.013753,0.040445,0.035885,0.01321,0.010943,0.027636,0.10552,0.022359
0.014417,0.047146,0.042388,0.013215,0.011464,0.02655,0.095992,0.023734
0.016958,0.048369,0.037507,0.013588,0.010889,0.02374,0.10607,0.022042
0.016208,0.054058,0.044174,0.014367,0.010646,0.025479,0.080494,0.020504
0.01829,0.077075,0.051785,0.0175,0.011141,0.024531,0.10191,0.021776
0.016333,0.050653,0.05284,0.015096,0.012235,0.026819,0.10981,0.024479
0.017629,0.055047,0.038332,0.014375,0.011444,0.022197,0.07344,0.019853
0.015421,0.051342,0.039794,0.014251,0.011319,0.028851,0.10127,0.023176
0.015392,0.05236,0.048437,0.018096,0.011685,0.027512,0.1156,0.024063
0.016576,0.059601,0.042267,0.016658,0.011365,0.025403,0.081558,0.021308
0.011067,0.020004,0.045124,0.0165,0.010517,0.02103,0.085449,0.018201
0.010924,0.017653,0.04125,0.01466,0.0097292,0.023156,0.1178,0.020785
0.011879,0.022486,0.03775,0.014796,0.0099826,0.026129,0.097177,0.019442
0.011732,0.025642,0.035649,0.01155,0.0099944,0.027283,0.092213,0.02346
0.011119,0.021312,0.040004,0.014413,0.0097236,0.021875,0.11955,0.020951
0.01066,0.023344,0.038417,0.015175,0.010271,0.027883,0.10433,0.020165
0.011626,0.020854,0.038806,0.014663,0.010821,0.026104,0.11927,0.019839
0.011587,0.020076,0.038483,0.012996,0.0099986,0.022147,0.10408,0.022216
0.012772,0.027042,0.043415,0.014893,0.011885,0.022154,0.069358,0.020022
0.01021,0.013444,0.038429,0.013029,0.010023,0.024531,0.10076,0.018802
0.01058,0.015053,0.040853,0.014575,0.0094944,0.022267,0.10258,0.021642
0.011746,0.021064,0.040722,0.014308,0.010986,0.025247,0.10636,0.025394
0.010921,0.025069,0.03456,0.011411,0.0096549,0.021229,0.11171,0.017611
0.011729,0.023208,0.031601,0.011625,0.010554,0.022669,0.097452,0.020963
0.01115,0.026373,0.035187,0.012532,0.010247,0.023879,0.12322,0.022096
0.011552,0.026525,0.037056,0.012417,0.0098729,0.022401,0.10176,0.020988
0.011913,0.01934,0.038885,0.014867,0.010349,0.0275,0.12145,0.022496
0.011158,0.018229,0.034972,0.012812,0.0098792,0.026479,0.11102,0.022858
0.0099146,0.022435,0.033096,0.012604,0.0098958,0.027049,0.11324,0.02274
0.011877,0.017808,0.038725,0.013535,0.0098264,0.029604,0.11903,0.02315
0.011626,0.01901,0.041969,0.014391,0.011618,0.023911,0.12353,0.020938
0.010497,0.021263,0.035533,0.013885,0.010799,0.022827,0.097177,0.019054
0.010241,0.018267,0.032854,0.011321,0.0088604,0.019122,0.084468,0.017378
0.011256,0.015642,0.040104,0.016657,0.011302,0.028056,0.10051,0.021462
0.011127,0.016194,0.035469,0.012938,0.010007,0.024503,0.10157,0.022295
0.011504,0.015746,0.040448,0.014938,0.010225,0.025912,0.11326,0.019921
0.01185,0.019168,0.040736,0.014412,0.010542,0.027508,0.11375,0.023554
0.014027,0.036471,0.043146,0.015604,0.011333,0.027988,0.12485,0.024019
0.011711,0.018522,0.035865,0.013356,0.011062,0.025417,0.11819,0.021104
0.012979,0.022799,0.042075,0.014919,0.011231,0.025482,0.11319,0.02239
0.013006,0.023946,0.038188,0.014417,0.011059,0.0213,0.1025,0.019208
0.012425,0.026524,0.046539,0.014136,0.0098042,0.023076,0.083535,0.018792
0.013875,0.025519,0.036106,0.014019,0.010128,0.025122,0.094611,0.022547
0.011553,0.023647,0.036544,0.014963,0.010331,0.028281,0.10362,0.027062
0.014501,0.048801,0.044663,0.015965,0.011069,0.024021,0.11815,0.022984
0.015746,0.060892,0.11057,0.037317,0.01295,0.010281,0.011208,0.0092292
0.066379,0.088167,0.18549,0.066074,0.018887,0.014479,0.036979,0.024763
0.10612,0.12594,0.23558,0.070247,0.021019,0.019704,0.029378,0.0331
0.089065,0.11981,0.23334,0.071354,0.021038,0.022729,0.0609,0.037063
0.093268,0.13631,0.25445,0.087658,0.025128,0.020526,0.060123,0.036254
0.12983,0.13836,0.21613,0.10187,0.029065,0.026719,0.04505,0.048765
0.097037,0.14952,0.25398,0.092428,0.022867,0.018831,0.056301,0.0426
0.096333,0.1116,0.20286,0.073063,0.021719,0.026458,0.057229,0.03701
0.10556,0.133,0.23028,0.08961,0.024717,0.028635,0.068291,0.044943
0.1121,0.12953,0.23802,0.10463,0.029864,0.02929,0.083201,0.04249
0.14,0.13405,0.26151,0.10984,0.029269,0.019625,0.050313,0.044167
0.10779,0.09219,0.21112,0.082976,0.024238,0.015209,0.034368,0.037467
0.097889,0.10822,0.20672,0.093849,0.024362,0.018562,0.051096,0.038045
0.11301,0.12662,0.22575,0.092639,0.023688,0.019242,0.047706,0.034872
0.13931,0.17275,0.24659,0.13417,0.032849,0.032528,0.080484,0.061597
0.1127,0.13425,0.26828,0.12297,0.032419,0.025513,0.057308,0.034032
0.12001,0.11224,0.27087,0.12712,0.031302,0.026301,0.048409,0.042014
0.09941,0.13423,0.29939,0.10622,0.024867,0.032515,0.10318,0.039142
0.073487,0.1188,0.30949,0.12769,0.031563,0.03336,0.11318,0.036747
0.081486,0.11869,0.28199,0.11525,0.028812,0.023471,0.063417,0.030902
0.10626,0.13735,0.30582,0.089692,0.024503,0.020782,0.059244,0.033083
0.080557,0.13114,0.2712,0.075338,0.022043,0.021279,0.061042,0.03094
0.12937,0.15136,0.2807,0.089792,0.023832,0.022467,0.065894,0.041326
0.097035,0.15571,0.31326,0.10506,0.029965,0.042581,0.17877,0.042158
0.094333,0.11193,0.27775,0.091667,0.023715,0.019456,0.039031,0.030154
0.081615,0.11707,0.31036,0.10258,0.025946,0.017742,0.031658,0.029225
0.1012,0.16757,0.34908,0.099958,0.026442,0.02276,0.085771,0.039536
0.15428,0.13323,0.33643,0.12733,0.032879,0.020962,0.039547,0.045632
0.076696,0.10393,0.29677,0.079671,0.024531,0.019986,0.046118,0.028
0.10247,0.13739,0.29667,0.10842,0.027969,0.020943,0.043694,0.040085
0.096042,0.15657,0.28349,0.10021,0.023924,0.021846,0.074088,0.030233
0.10986,0.11541,0.238,0.08509,0.021737,0.020972,0.057315,0.03635
0.11367,0.17201,0.26419,0.12436,0.032823,0.019896,0.045112,0.035126
0.10182,0.10199,0.21713,0.10198,0.026783,0.036601,0.040823,0.032067
0.11109,0.13314,0.24107,0.10107,0.027883,0.019396,0.042498,0.038746
0.13403,0.16718,0.29052,0.080296,0.025388,0.020525,0.037176,0.04766
0.10595,0.16459,0.30188,0.093617,0.02239,0.017785,0.03595,0.041088
0.12531,0.17486,0.34987,0.096514,0.028234,0.021202,0.044762,0.049267
0.11066,0.16185,0.31691,0.091633,0.024035,0.022656,0.081296,0.036815
0.079311,0.11667,0.22812,0.10026,0.022692,0.016946,0.043242,0.030186
0.064347,0.12109,0.2842,0.097712,0.025768,0.022408,0.070327,0.028039
0.086794,0.1286,0.28896,0.10848,0.027915,0.022969,0.051244,0.0353
0.084358,0.1371,0.2916,0.11483,0.029558,0.022361,0.062337,0.030703
0.097408,0.11615,0.29133,0.098644,0.025282,0.023148,0.048465,0.034323
0.10089,0.12462,0.30143,0.12974,0.030117,0.024383,0.05554,0.034978
0.12453,0.13719,0.2963,0.10767,0.027085,0.020278,0.064754,0.038001
0.056868,0.097781,0.25268,0.10893,0.028334,0.016208,0.027265,0.022644
0.1046,0.11712,0.28461,0.12213,0.025521,0.022833,0.067656,0.039456
0.1113,0.16124,0.3359,0.1307,0.031306,0.022762,0.064204,0.046492
0.11671,0.13362,0.32279,0.13188,0.034363,0.025583,0.073229,0.046083
0.078268,0.11962,0.27965,0.1265,0.053686,0.029767,0.086875,0.037354
0.12768,0.14722,0.28727,0.10964,0.02851,0.023883,0.084083,0.042217
0.09308,0.11185,0.28698,0.14061,0.032453,0.022225,0.046908,0.031606
0.10124,0.13042,0.25616,0.12408,0.029919,0.027571,0.092029,0.036581
0.067485,0.030346,0.12135,0.035063,0.012553,0.019064,0.071068,0.039771
0.054835,0.03277,0.12525,0.039204,0.011996,0.013629,0.053065,0.026997
0.065493,0.029214,0.12971,0.03135,0.012062,0.016191,0.065543,0.037611
0.038083,0.019508,0.11939,0.02966,0.0095611,0.0092639,0.038642,0.035344
0.037818,0.02219,0.12658,0.030459,0.010128,0.0080222,0.025417,0.036592
0.060054,0.025024,0.13147,0.031837,0.010879,0.011829,0.086899,0.039389
0.041053,0.022963,0.14467,0.04691,0.013342,0.014153,0.097783,0.048248
0.056348,0.028896,0.14662,0.032521,0.012154,0.021152,0.088965,0.044242
0.048931,0.031003,0.13317,0.033147,0.012601,0.019644,0.17077,0.044512
0.048174,0.028093,0.15719,0.040621,0.012228,0.012617,0.080253,0.062383
0.058471,0.029554,0.14336,0.042629,0.014485,0.019396,0.063806,0.061175
0.077715,0.031596,0.13492,0.049331,0.014792,0.015211,0.050941,0.041647
0.07191,0.02959,0.13734,0.038989,0.012711,0.011476,0.023361,0.0356
0.022604,0.019178,0.099536,0.03611,0.0127,0.0083125,0.021231,0.031444
0.028533,0.019583,0.10818,0.032111,0.01151,0.010131,0.042933,0.053754
0.016842,0.022133,0.12542,0.037998,0.012917,0.0093806,0.046174,0.051089
0.043011,0.020629,0.1541,0.042332,0.011934,0.0074986,0.023878,0.040135
0.074163,0.025851,0.13948,0.033022,0.011094,0.0093646,0.033278,0.032902
0.039175,0.026521,0.14667,0.029071,0.0098792,0.012096,0.042493,0.053813
0.042946,0.027817,0.16198,0.036368,0.012247,0.011519,0.058612,0.062662
0.073901,0.026656,0.11672,0.033823,0.011338,0.009325,0.018942,0.03126
0.019219,0.026208,0.17147,0.030058,0.011434,0.013221,0.061073,0.055015
0.040354,0.023419,0.17112,0.035118,0.011069,0.010192,0.041585,0.051204
0.076753,0.029939,0.16859,0.035335,0.011625,0.010475,0.049182,0.054028
0.024271,0.02339,0.17645,0.032375,0.011279,0.009175,0.055228,0.064821
0.053237,0.025865,0.12728,0.030471,0.01044,0.010781,0.033292,0.048104
0.031861,0.023172,0.10015,0.035292,0.011971,0.0091042,0.010946,0.026569
0.038069,0.02391,0.16458,0.034947,0.011333,0.011271,0.03276,0.049021
0.11493,0.038319,0.12906,0.034246,0.012421,0.011454,0.051033,0.047267
0.020943,0.021115,0.1276,0.036393,0.01044,0.0095993,0.032688,0.043802
0.021352,0.020117,0.14737,0.03346,0.012183,0.010915,0.038896,0.04916
0.065537,0.036287,0.15196,0.031458,0.010076,0.0089167,0.018108,0.032194
0.037122,0.02771,0.13211,0.035817,0.012206,0.012823,0.027625,0.034646
0.015497,0.017842,0.15879,0.028675,0.01,0.0087583,0.026653,0.04204
0.030312,0.019823,0.12687,0.029217,0.010354,0.010163,0.044841,0.048536
0.054188,0.024662,0.13167,0.035669,0.01241,0.0094167,0.030621,0.045004
0.063062,0.032225,0.15016,0.032708,0.010257,0.0094583,0.030096,0.047233
0.018501,0.018025,0.10229,0.031825,0.011971,0.0093118,0.024,0.037669
0.021858,0.023118,0.16324,0.035598,0.010884,0.009041,0.029206,0.044682
0.056494,0.027382,0.12639,0.036917,0.010527,0.0091056,0.033472,0.055196
0.019152,0.024,0.13892,0.031302,0.013158,0.012433,0.039585,0.050038
0.016349,0.018962,0.12115,0.031158,0.011151,0.0086944,0.02399,0.036937
0.017979,0.016811,0.1161,0.030775,0.010088,0.0077736,0.017142,0.035545
0.02201,0.019696,0.1113,0.033604,0.011118,0.0075972,0.021206,0.036836
0.019049,0.020429,0.14464,0.03424,0.011585,0.0084556,0.023011,0.032919
0.031176,0.018725,0.12353,0.024535,0.0093313,0.0081236,0.027583,0.043633
0.027719,0.019324,0.10645,0.029446,0.0094938,0.010118,0.039553,0.040315
0.021356,0.024048,0.14342,0.035083,0.011035,0.010858,0.032712,0.043594
0.015565,0.017513,0.11909,0.033887,0.0122,0.0088042,0.021163,0.036282
0.025806,0.023892,0.15954,0.034642,0.01293,0.011888,0.024896,0.038412
0.020724,0.020465,0.12194,0.029283,0.012317,0.013521,0.021763,0.034949
0.10017,0.042925,0.064383,0.022559,0.011873,0.02026,0.12287,0.053576
0.093462,0.041979,0.069462,0.019265,0.01134,0.022246,0.10814,0.053569
0.10895,0.037365,0.041024,0.012694,0.009,0.013979,0.038441,0.037142
0.083454,0.033717,0.053971,0.016519,0.010302,0.015725,0.077838,0.04425
0.076387,0.040868,0.066382,0.025806,0.012497,0.01526,0.084368,0.050867
0.12505,0.051683,0.093619,0.025392,0.012354,0.012833,0.036667,0.041295
0.16165,0.048562,0.075417,0.027445,0.013014,0.014363,0.038165,0.043748
0.094319,0.037029,0.08026,0.027865,0.012779,0.013958,0.042708,0.047465
0.097643,0.044825,0.088987,0.024217,0.012306,0.013994,0.08924,0.0592
0.10329,0.046227,0.1116,0.029771,0.01208,0.014288,0.063257,0.03661
0.1162,0.044107,0.098444,0.025151,0.011424,0.013013,0.039799,0.047258
0.079088,0.03341,0.14882,0.026738,0.012567,0.017299,0.12338,0.067519
0.11849,0.039096,0.084955,0.022356,0.0098472,0.013575,0.089963,0.081578
0.10464,0.040489,0.088478,0.023347,0.012704,0.013872,0.07125,0.059103
0.15931,0.057301,0.11639,0.027134,0.0126,0.017662,0.083669,0.058908
0.20346,0.075767,0.10931,0.023733,0.011794,0.0133,0.033777,0.052608
0.15248,0.075092,0.094306,0.025566,0.012854,0.018792,0.13186,0.065904
0.14589,0.053646,0.097749,0.027754,0.011439,0.0135,0.050632,0.056008
0.13689,0.052681,0.11361,0.025802,0.011117,0.014842,0.054017,0.053033
0.18813,0.080792,0.084629,0.026896,0.011807,0.017083,0.079913,0.041917
0.20625,0.07175,0.080296,0.017941,0.011767,0.015096,0.036168,0.053132
0.15029,0.046046,0.06815,0.016913,0.010029,0.011653,0.02946,0.047278
0.12616,0.047821,0.077588,0.018073,0.010504,0.015838,0.072751,0.057125
0.16597,0.05526,0.13517,0.025412,0.011325,0.014597,0.10586,0.057888
0.12933,0.041227,0.11023,0.021399,0.010094,0.011899,0.060071,0.061694
0.18365,0.069085,0.094463,0.01854,0.012108,0.014833,0.050043,0.04819
0.18542,0.067598,0.085469,0.017001,0.010856,0.014904,0.037458,0.044604
0.17516,0.064427,0.066369,0.014283,0.010008,0.012606,0.037078,0.043031
0.17166,0.056056,0.1116,0.021,0.011421,0.013913,0.044612,0.055824
0.17482,0.063693,0.085633,0.018208,0.012789,0.015062,0.036817,0.055951
0.20877,0.061835,0.094512,0.025625,0.012454,0.015971,0.080183,0.062207
0.096532,0.03881,0.11593,0.029228,0.012979,0.012297,0.045928,0.062633
0.15926,0.07191,0.11226,0.028717,0.012174,0.015444,0.061383,0.067638
0.21478,0.069229,0.099972,0.025922,0.011451,0.01435,0.033679,0.048569
0.1106,0.049479,0.10154,0.02119,0.011108,0.012024,0.038456,0.051767
0.11858,0.041104,0.096847,0.024782,0.0098333,0.010851,0.029069,0.050627
0.14196,0.061967,0.097608,0.02456,0.012762,0.013604,0.035558,0.055097
0.15495,0.048063,0.083073,0.0217,0.011812,0.017691,0.082117,0.058872
0.19934,0.068698,0.10332,0.030171,0.012885,0.018769,0.1292,0.052276
0.14873,0.046758,0.11782,0.026215,0.011646,0.012576,0.052621,0.057361
0.17657,0.058847,0.12157,0.026731,0.012404,0.011249,0.04699,0.046689
0.16786,0.058537,0.1094,0.024542,0.011225,0.013331,0.058769,0.051067
0.13693,0.050558,0.11059,0.027683,0.010942,0.014068,0.047127,0.046675
0.11935,0.039588,0.13657,0.032135,0.01271,0.013386,0.063053,0.063696
0.1498,0.055542,0.13353,0.027963,0.011772,0.017324,0.1027,0.054863
0.13517,0.040418,0.10836,0.0261,0.012372,0.015754,0.085915,0.058629
0.1216,0.044183,0.11443,0.027706,0.011917,0.013071,0.037417,0.045158
0.090181,0.030796,0.11432,0.025513,0.01081,0.012219,0.074521,0.063839
0.11001,0.042208,0.11536,0.023846,0.012733,0.012929,0.052826,0.056614
0.11839,0.042069,0.092625,0.027403,0.010842,0.01454,0.055139,0.050507
0.086042,0.035677,0.11767,0.022967,0.010504,0.013133,0.043892,0.046535
0.076037,0.058902,0.098521,0.02641,0.02414,0.031433,0.031722,0.031649
0.066996,0.056979,0.086728,0.025496,0.023153,0.025315,0.02236,0.029192
0.075097,0.068344,0.11,0.029347,0.02304,0.031451,0.040763,0.031539
0.090967,0.069325,0.090829,0.033342,0.026344,0.040917,0.056369,0.050837
0.083462,0.078319,0.14277,0.038963,0.023754,0.031982,0.056204,0.044693
0.076937,0.075625,0.11974,0.040424,0.022476,0.031272,0.052898,0.043356
0.061636,0.067381,0.18612,0.041323,0.027958,0.04166,0.040038,0.028611
0.075179,0.061759,0.10516,0.030885,0.023594,0.031871,0.028871,0.027182
0.050467,0.050854,0.096935,0.027461,0.022748,0.028558,0.031625,0.027922
0.044322,0.048385,0.10419,0.027125,0.023454,0.029692,0.029186,0.024707
0.046638,0.031789,0.12281,0.039527,0.021058,0.021669,0.046557,0.031735
0.039376,0.021028,0.11772,0.037522,0.018507,0.017222,0.035796,0.034296
0.032493,0.027658,0.10218,0.030742,0.015158,0.016042,0.02889,0.024467
0.032068,0.028192,0.10289,0.031346,0.015375,0.014635,0.023728,0.019722
0.035475,0.036281,0.10393,0.029368,0.014062,0.014381,0.028104,0.024399
0.031315,0.030415,0.085598,0.022217,0.013538,0.01364,0.021485,0.021058
0.02749,0.029812,0.085132,0.020579,0.013167,0.012208,0.022804,0.020601
0.028417,0.036737,0.087135,0.024903,0.014825,0.013604,0.020704,0.01805
0.028918,0.041296,0.10722,0.024892,0.013059,0.013285,0.019578,0.01931
0.033676,0.036479,0.10358,0.033306,0.016379,0.015768,0.031354,0.026281
0.036537,0.076271,0.12253,0.038627,0.020043,0.023863,0.038646,0.023146
0.035249,0.063986,0.12098,0.031271,0.015931,0.018687,0.032883,0.022713
0.039988,0.052336,0.10292,0.030038,0.015724,0.019344,0.033258,0.024435
0.055904,0.05248,0.09349,0.032883,0.016443,0.02081,0.033388,0.024611
0.046654,0.061631,0.11301,0.032455,0.017315,0.018695,0.035928,0.032979
0.10688,0.072901,0.11957,0.036949,0.020526,0.024483,0.031093,0.047875
0.088228,0.073722,0.12138,0.042796,0.02696,0.034077,0.032514,0.044188
0.060885,0.064475,0.11178,0.039535,0.019769,0.024669,0.034051,0.030865
0.051475,0.074635,0.11575,0.038656,0.017674,0.022013,0.035111,0.026742
0.072096,0.081836,0.13935,0.039404,0.017843,0.017039,0.036942,0.035663
0.016348,0.051175,0.045392,0.015513,0.014624,0.026027,0.048094,0.017568
0.0088333,0.016926,0.020719,0.0094792,0.010996,0.019107,0.044715,0.014806
0.012,0.012208,0.023702,0.01169,0.01225,0.021888,0.030862,0.01594
0.0084549,0.010375,0.018207,0.011069,0.010192,0.01891,0.027647,0.011738
0.010125,0.013117,0.023367,0.011024,0.010458,0.020281,0.030719,0.013279
0.0082236,0.0095799,0.025904,0.010303,0.0099583,0.016212,0.026438,0.011952
0.0075819,0.0096125,0.020083,0.010049,0.0086833,0.0131,0.028785,0.013127
0.0088806,0.01105,0.018903,0.01024,0.010745,0.020285,0.037637,0.012432
0.0080444,0.010868,0.0326,0.011904,0.010812,0.019781,0.031933,0.010479
0.0080958,0.0095007,0.014746,0.011042,0.010313,0.021788,0.031198,0.0097646
0.0085431,0.012881,0.015052,0.012792,0.011704,0.018437,0.030104,0.012244
0.0080521,0.010295,0.014397,0.011115,0.0089306,0.017514,0.041799,0.011708
0.0078799,0.009,0.018233,0.0099569,0.010278,0.020647,0.022875,0.011792
0.0070812,0.0089792,0.0099667,0.0099931,0.0099437,0.01989,0.028417,0.012666
0.0069625,0.011437,0.018205,0.010806,0.0086132,0.019451,0.018875,0.0099042
0.0090625,0.01275,0.025979,0.013697,0.01118,0.019863,0.028756,0.010972
0.0096333,0.0093194,0.025042,0.010896,0.010861,0.01845,0.030231,0.011833
0.0074208,0.010904,0.015486,0.010573,0.0089222,0.019644,0.027863,0.014216
0.0095611,0.015301,0.024042,0.011671,0.010487,0.022021,0.046747,0.0168
0.0093021,0.014125,0.025385,0.010975,0.0098056,0.02312,0.024681,0.012917
0.017958,0.035246,0.093963,0.02775,0.01139,0.0088667,0.017222,0.019323
0.019825,0.032961,0.087637,0.029285,0.012756,0.0089028,0.0096437,0.019052
0.025806,0.03166,0.094265,0.028908,0.012588,0.010289,0.014075,0.030621
0.023165,0.047578,0.11318,0.030181,0.014554,0.010211,0.016963,0.026421
0.022667,0.034067,0.088122,0.029424,0.013503,0.0097285,0.015833,0.027468
0.023548,0.042637,0.11553,0.031017,0.014062,0.010207,0.013323,0.026408
0.020243,0.040479,0.12546,0.02896,0.013921,0.0093799,0.0088542,0.021743
0.026222,0.069388,0.16429,0.037979,0.015097,0.010958,0.011604,0.026615
0.033104,0.063427,0.14734,0.03891,0.01714,0.012185,0.015187,0.029835
0.033385,0.044434,0.10628,0.03331,0.0153,0.011408,0.020414,0.037649
0.016383,0.016369,0.028812,0.040289,0.030813,0.010088,0.018236,0.040333
0.021194,0.018756,0.036242,0.035232,0.034896,0.010929,0.014095,0.03491
0.015421,0.014038,0.023198,0.032844,0.030499,0.0099167,0.014602,0.037025
0.013081,0.013972,0.02934,0.036229,0.027492,0.010479,0.014792,0.03276
0.018617,0.015744,0.018142,0.029428,0.032906,0.0094292,0.019083,0.049039
0.014796,0.014462,0.027858,0.033136,0.021096,0.0084549,0.015269,0.043284
0.017328,0.016672,0.038567,0.032917,0.031615,0.0092361,0.015939,0.040864
0.01344,0.011899,0.020576,0.029033,0.028849,0.0093931,0.013517,0.033978
0.014592,0.0153,0.023559,0.030539,0.0293,0.009725,0.013909,0.034736
0.013901,0.012983,0.021921,0.026621,0.02784,0.0095312,0.013624,0.03354
0.025,0.035387,0.022802,0.038701,0.018796,0.018399,0.059652,0.023609
0.027712,0.029769,0.022215,0.038508,0.01634,0.020883,0.069567,0.026882
0.032075,0.038186,0.024199,0.037683,0.016854,0.019606,0.05896,0.023736
0.032879,0.035017,0.020561,0.038983,0.015368,0.023731,0.075331,0.032849
0.030972,0.025691,0.023203,0.042728,0.015133,0.026746,0.092167,0.039435
0.032486,0.045593,0.031727,0.040069,0.015417,0.020314,0.078152,0.030776
0.036997,0.07349,0.046255,0.038267,0.017551,0.029266,0.10153,0.041476
0.032496,0.051794,0.030446,0.04145,0.015592,0.02174,0.073868,0.027744
0.037798,0.081458,0.037485,0.03906,0.014951,0.019437,0.059452,0.024062
0.036718,0.064013,0.027512,0.038318,0.014764,0.019625,0.065194,0.028761
0.018195,0.025396,0.081371,0.040468,0.02289,0.018475,0.059579,0.048106
0.016271,0.024121,0.091417,0.039798,0.021133,0.020524,0.053743,0.044365
0.021229,0.037447,0.064679,0.025827,0.018322,0.01765,0.050737,0.03754
0.015229,0.015413,0.047947,0.022809,0.016758,0.016625,0.060231,0.044901
0.013729,0.023028,0.0804,0.034313,0.019685,0.01693,0.046288,0.0376
0.013342,0.018201,0.072271,0.027675,0.019765,0.018372,0.052219,0.035451
0.011479,0.017806,0.09311,0.024124,0.017967,0.015672,0.047212,0.030421
0.013587,0.022589,0.068156,0.021475,0.02185,0.026548,0.047068,0.037471
0.01566,0.017961,0.076308,0.018249,0.019758,0.019996,0.059397,0.045249
0.011729,0.015857,0.085089,0.017202,0.019833,0.016408,0.040002,0.030019
0.014646,0.020885,0.079382,0.021394,0.018028,0.016688,0.044583,0.032778
0.011028,0.033404,0.10899,0.042236,0.023356,0.021897,0.036097,0.023271
0.015713,0.026524,0.10609,0.051998,0.021113,0.016954,0.045787,0.034743
0.010956,0.014625,0.071763,0.040733,0.021013,0.01849,0.0457,0.029583
0.012361,0.02239,0.070764,0.041742,0.019815,0.018301,0.044444,0.031635
0.017333,0.0198,0.07749,0.039054,0.023165,0.019788,0.057882,0.041947
0.013506,0.024479,0.097031,0.041202,0.016177,0.017286,0.029104,0.024222
0.017327,0.02931,0.083472,0.045521,0.020069,0.01995,0.048663,0.045215
0.012551,0.016804,0.06909,0.040021,0.021911,0.031235,0.047937,0.029675
0.015186,0.025912,0.097817,0.037673,0.021331,0.026767,0.054844,0.042188
0.079893,0.048737,0.16266,0.021535,0.012942,0.034757,0.051722,0.023469
0.10728,0.064613,0.13365,0.025496,0.013908,0.029783,0.063321,0.0265
0.065612,0.065221,0.18783,0.02929,0.01226,0.035092,0.056812,0.021224
0.072033,0.06275,0.19433,0.032847,0.016121,0.033263,0.063263,0.020542
0.031716,0.036319,0.15427,0.022856,0.012938,0.041639,0.062911,0.017408
0.074785,0.052375,0.2127,0.02948,0.013042,0.030125,0.08861,0.021658
0.063789,0.050157,0.18401,0.02741,0.013306,0.034639,0.046718,0.017428
0.025465,0.039987,0.18387,0.028456,0.013262,0.03314,0.074408,0.018887
0.040063,0.051965,0.14386,0.027083,0.012178,0.041048,0.077513,0.017743
0.03775,0.039074,0.16532,0.026952,0.012795,0.032716,0.076647,0.016353
0.032176,0.043736,0.17983,0.023496,0.012735,0.043526,0.062797,0.015132
0.045674,0.04641,0.13074,0.019879,0.011153,0.033305,0.066367,0.016211
0.073258,0.051558,0.20257,0.02645,0.012663,0.034725,0.072212,0.019653
0.033538,0.041563,0.1997,0.029842,0.01359,0.045052,0.11019,0.016101
0.038167,0.024979,0.12647,0.021404,0.011842,0.016242,0.086771,0.018657
0.091428,0.030127,0.14885,0.023117,0.011195,0.040287,0.097296,0.021721
0.079123,0.04506,0.15528,0.023208,0.013035,0.034312,0.093785,0.023232
0.077433,0.046046,0.19304,0.029597,0.012917,0.040843,0.068102,0.023917
0.084032,0.042204,0.14972,0.028613,0.012769,0.035331,0.081454,0.024402
0.05329,0.046249,0.16224,0.02566,0.014008,0.038649,0.054688,0.016554
0.04169,0.03075,0.084594,0.016026,0.011959,0.0098583,0.01144,0.017993
0.027927,0.025622,0.09601,0.016337,0.013,0.0099576,0.012908,0.017125
0.02291,0.021279,0.081604,0.014667,0.012288,0.011104,0.016646,0.019129
0.019189,0.019736,0.060494,0.013169,0.010142,0.0089125,0.013838,0.0199
0.020063,0.020198,0.076323,0.013742,0.010203,0.0091444,0.014724,0.017604
0.020025,0.017646,0.066688,0.012851,0.0090972,0.0093278,0.011609,0.015403
0.027281,0.019272,0.065275,0.015849,0.019,0.012646,0.01686,0.021076
0.027492,0.023294,0.068556,0.014451,0.010671,0.009809,0.013425,0.018509
0.020255,0.018603,0.07796,0.013213,0.010424,0.0084292,0.009066,0.014538
0.021513,0.01979,0.062936,0.013579,0.0098576,0.0092708,0.011278,0.015776
0.021233,0.019003,0.066394,0.015901,0.010867,0.010057,0.013842,0.021361
0.025872,0.017858,0.059519,0.013181,0.010264,0.010858,0.014558,0.017
0.022102,0.019637,0.070679,0.012818,0.0096194,0.0095528,0.010139,0.0135
0.017423,0.020129,0.056938,0.012927,0.0097847,0.0095139,0.013644,0.018542
0.02369,0.017467,0.071283,0.011257,0.0097125,0.0095111,0.0093326,0.013394
0.024333,0.020275,0.063247,0.014215,0.010351,0.0098299,0.014583,0.01775
0.025442,0.01996,0.07902,0.013985,0.0095417,0.009025,0.011684,0.018131
0.019471,0.018371,0.07099,0.014521,0.010407,0.0089312,0.0088472,0.012721
0.024469,0.020031,0.072771,0.01513,0.01191,0.010378,0.01159,0.016683
0.015917,0.014585,0.057082,0.014845,0.0094222,0.0085778,0.012413,0.017725
0.01875,0.018937,0.082938,0.016691,0.011754,0.0091778,0.0095778,0.013277
0.042519,0.039799,0.089253,0.025917,0.017135,0.014875,0.01721,0.019833
0.023063,0.026255,0.083439,0.020924,0.012233,0.0088229,0.014719,0.021401
0.027013,0.025133,0.076653,0.016592,0.010972,0.016135,0.015204,0.016503
0.029715,0.026703,0.071019,0.022965,0.013646,0.012125,0.023001,0.024278
0.021021,0.025202,0.080139,0.023454,0.013281,0.010318,0.016082,0.025066
0.033237,0.027208,0.082687,0.018899,0.012931,0.010557,0.015917,0.018687
0.040004,0.049165,0.078229,0.02061,0.01364,0.01025,0.015554,0.024944
0.030069,0.027283,0.082142,0.019118,0.010419,0.0092181,0.018651,0.03251
0.02736,0.024782,0.076007,0.022975,0.011308,0.010156,0.016545,0.019208
0.043742,0.018908,0.074849,0.020858,0.011768,0.0090583,0.013335,0.022691
0.043278,0.029437,0.074958,0.017104,0.012788,0.010265,0.012753,0.018745
0.0243,0.026425,0.083276,0.028225,0.013248,0.012639,0.01402,0.016072
0.030208,0.021675,0.068539,0.021069,0.011576,0.0085222,0.015633,0.022044
0.024139,0.021738,0.059323,0.02146,0.010965,0.0093417,0.012146,0.018833
0.021539,0.018651,0.083846,0.023699,0.012232,0.0091111,0.014017,0.01526
0.022233,0.025062,0.066466,0.021065,0.010531,0.0087306,0.012207,0.015694
0.025698,0.019156,0.063462,0.027118,0.012999,0.0085472,0.020429,0.032717
0.019645,0.017945,0.070987,0.019181,0.011888,0.0088021,0.012413,0.015028
0.019125,0.015375,0.050553,0.017507,0.0093292,0.0093264,0.011612,0.015414
0.022976,0.02064,0.062825,0.017587,0.015587,0.014817,0.023142,0.016498
0.090521,0.031714,0.041361,0.016037,0.011252,0.011417,0.022078,0.029279
0.10261,0.030104,0.031875,0.0091833,0.0088229,0.008684,0.017721,0.022879
0.046083,0.020315,0.026406,0.010854,0.010499,0.010617,0.017309,0.022513
0.076632,0.024285,0.037436,0.013569,0.011396,0.011618,0.016375,0.024872
0.093385,0.030233,0.019541,0.0092903,0.0092708,0.0090583,0.015542,0.021037
0.098374,0.031236,0.017812,0.0089792,0.0085535,0.0097847,0.023101,0.033079
0.096463,0.027002,0.033688,0.013108,0.011086,0.010558,0.026095,0.033403
0.070678,0.027571,0.031521,0.011015,0.010342,0.010062,0.018937,0.022071
0.10472,0.035111,0.037144,0.013177,0.011692,0.010439,0.016503,0.026971
0.063383,0.025132,0.032322,0.012485,0.010793,0.0096278,0.016988,0.019487
0.11642,0.032732,0.03764,0.01686,0.011198,0.0092042,0.01381,0.022181
0.058076,0.023818,0.039687,0.022107,0.011789,0.009675,0.015208,0.020283
0.086867,0.028069,0.030504,0.014992,0.010683,0.0097479,0.014915,0.022183
0.062317,0.022625,0.048492,0.01419,0.011823,0.010526,0.017594,0.020604
0.04259,0.015,0.034671,0.012588,0.011653,0.0097882,0.014878,0.017565
0.063833,0.024326,0.029403,0.011003,0.010833,0.0097569,0.020292,0.028818
0.079125,0.032319,0.030605,0.014346,0.01099,0.010407,0.019267,0.019196
0.091813,0.02796,0.033208,0.018017,0.018496,0.011017,0.027024,0.034039
0.080379,0.026962,0.032948,0.016383,0.010665,0.0097146,0.015035,0.02299
0.052604,0.019622,0.030621,0.014781,0.01009,0.0097958,0.015479,0.019738
0.058828,0.033731,0.07574,0.048105,0.05721,0.016113,0.035118,0.035247
0.048369,0.02344,0.082908,0.05013,0.060119,0.015326,0.041594,0.036071
0.024175,0.018571,0.070179,0.044531,0.053117,0.019764,0.023875,0.026677
0.030978,0.027933,0.098792,0.037945,0.048233,0.015726,0.02875,0.02539
0.046434,0.026804,0.085008,0.035179,0.054678,0.016715,0.017811,0.019096
0.062446,0.024658,0.082446,0.041678,0.05987,0.018357,0.060115,0.063899
0.035583,0.028222,0.11115,0.044834,0.063132,0.018175,0.045333,0.030919
0.041337,0.026221,0.068098,0.037865,0.060156,0.014919,0.016208,0.018738
0.080978,0.029693,0.075979,0.046198,0.062117,0.016308,0.021233,0.033028
0.042758,0.026634,0.087458,0.046194,0.058111,0.015079,0.034428,0.029844
0.051844,0.032197,0.081757,0.042892,0.062979,0.018268,0.02431,0.024965
0.048156,0.028824,0.087781,0.049777,0.067715,0.017042,0.017122,0.019265
0.03619,0.026587,0.086449,0.043,0.057729,0.016312,0.019406,0.019692
0.042097,0.024212,0.1095,0.047,0.06515,0.016996,0.044558,0.026142
0.045792,0.027375,0.066232,0.05014,0.05467,0.018346,0.03366,0.024954
0.054671,0.029472,0.07771,0.047539,0.056479,0.015363,0.037321,0.027922
0.054958,0.037528,0.10681,0.043146,0.059958,0.018379,0.019293,0.020371
0.061819,0.032031,0.081657,0.0473,0.059792,0.015904,0.01879,0.042057
0.039024,0.023871,0.077592,0.03891,0.053558,0.017367,0.025158,0.050868
0.080437,0.030601,0.091042,0.04185,0.0579,0.019486,0.027858,0.031301
0.024424,0.035885,0.10482,0.042051,0.018494,0.015326,0.038626,0.044456
0.03245,0.048296,0.11524,0.040033,0.020882,0.018465,0.045174,0.058131
0.028992,0.032833,0.095439,0.037989,0.017723,0.016396,0.04651,0.056906
0.021944,0.041597,0.091109,0.033875,0.014579,0.012917,0.033264,0.044954
0.026499,0.046082,0.0953,0.037917,0.019796,0.01659,0.03979,0.051729
0.039283,0.053015,0.13029,0.047533,0.021058,0.018508,0.048283,0.071754
0.029667,0.048946,0.10808,0.04357,0.021404,0.024481,0.058854,0.069024
0.033651,0.045594,0.1234,0.048209,0.02143,0.020697,0.050571,0.063181
0.032819,0.045962,0.10333,0.041787,0.017215,0.017701,0.043917,0.055392
0.039538,0.045765,0.12972,0.0483,0.019456,0.016357,0.057169,0.06599
0.027475,0.041277,0.11187,0.036882,0.017083,0.015856,0.049872,0.058838
0.031808,0.050063,0.10899,0.039391,0.022142,0.020512,0.056703,0.071094
0.03375,0.0446,0.10759,0.041321,0.018501,0.01776,0.054338,0.063792
0.041335,0.054049,0.10861,0.044644,0.017958,0.017775,0.048208,0.05941
0.040647,0.050722,0.10284,0.045204,0.02095,0.018827,0.063081,0.075524
0.036994,0.050363,0.11089,0.041019,0.021736,0.019576,0.05474,0.071704
0.041508,0.061702,0.12753,0.051887,0.022646,0.019208,0.050573,0.066972
0.033762,0.049422,0.12361,0.046038,0.020583,0.018573,0.053024,0.067879
0.030022,0.056155,0.10032,0.041212,0.018113,0.017079,0.053163,0.056594
0.041087,0.05654,0.12705,0.051094,0.021021,0.017785,0.051901,0.075215
0.039229,0.051713,0.10173,0.042944,0.021672,0.018624,0.057975,0.074458
0.030215,0.049856,0.095469,0.041361,0.016269,0.014151,0.044041,0.06401
0.02592,0.028097,0.086737,0.049172,0.026302,0.015389,0.039246,0.052958
0.027125,0.030346,0.09401,0.041625,0.024585,0.015687,0.037353,0.040854
0.025947,0.027737,0.084792,0.035061,0.018928,0.013651,0.034181,0.043325
0.023299,0.027368,0.069431,0.035701,0.017194,0.015174,0.029413,0.041124
0.029492,0.02629,0.082121,0.035828,0.020142,0.015594,0.035683,0.041429
0.03291,0.028801,0.094531,0.041852,0.020396,0.013913,0.041979,0.049262
0.029853,0.029185,0.082032,0.03716,0.02,0.013602,0.036504,0.047396
0.033792,0.032081,0.084757,0.041247,0.020729,0.013142,0.036308,0.049566
0.032188,0.042137,0.10983,0.039351,0.021692,0.014408,0.034606,0.042344
0.02754,0.028558,0.089565,0.037582,0.019129,0.011856,0.033593,0.038871
0.027449,0.030729,0.088671,0.038532,0.023542,0.01771,0.038868,0.045281
0.02485,0.027222,0.073721,0.032135,0.018375,0.012038,0.040677,0.044222
0.023411,0.026965,0.08514,0.038215,0.021765,0.013264,0.03315,0.043037
0.023549,0.026098,0.084167,0.040119,0.020142,0.01324,0.035719,0.041096
0.027046,0.027754,0.079479,0.038813,0.021237,0.014344,0.039054,0.039912
0.020543,0.024852,0.083153,0.039551,0.017342,0.014301,0.038594,0.039063
0.020167,0.024362,0.071456,0.037216,0.019635,0.012264,0.035805,0.03971
0.022421,0.025486,0.086406,0.033001,0.018082,0.011625,0.036844,0.037756
0.025742,0.032012,0.088811,0.044635,0.022804,0.018916,0.042869,0.046158
0.03124,0.026594,0.077229,0.034715,0.019506,0.014115,0.038437,0.046131
0.023483,0.024654,0.073361,0.029948,0.017871,0.011857,0.040003,0.039608
0.063029,0.049719,0.081757,0.040557,0.028167,0.014601,0.050397,0.060854
0.041817,0.025944,0.064851,0.040135,0.022933,0.013219,0.03439,0.053358
0.030581,0.031389,0.079604,0.0344,0.019667,0.011931,0.037656,0.045154
0.030638,0.027846,0.067996,0.035527,0.021631,0.012073,0.033281,0.029844
0.040267,0.037333,0.080266,0.043499,0.026021,0.012867,0.042171,0.041865
0.029858,0.027196,0.060165,0.036219,0.020678,0.011092,0.030042,0.035573
0.025824,0.027999,0.073517,0.039163,0.024064,0.011896,0.039817,0.04975
0.031953,0.0387,0.076844,0.041896,0.027577,0.014069,0.03875,0.043836
0.027579,0.025084,0.067111,0.039831,0.024499,0.011415,0.034373,0.043813
0.025237,0.029049,0.06744,0.034838,0.021917,0.011092,0.035393,0.038269
0.027729,0.026629,0.05465,0.037993,0.020889,0.010149,0.031429,0.037713
0.026049,0.026049,0.061556,0.037521,0.023454,0.010321,0.031126,0.037001
0.025958,0.025657,0.060979,0.040575,0.022203,0.011787,0.033121,0.037917
0.029296,0.024971,0.072607,0.039683,0.022204,0.010296,0.032153,0.0395
0.035192,0.041449,0.072678,0.052819,0.031521,0.012117,0.037206,0.043824
0.023003,0.029458,0.067158,0.037767,0.019939,0.0089208,0.025929,0.023504
0.025848,0.03083,0.050717,0.038488,0.021096,0.010698,0.02999,0.029844
0.025129,0.029417,0.066132,0.040271,0.024167,0.010396,0.028983,0.038621
0.025469,0.025422,0.056279,0.042221,0.023438,0.0094264,0.026875,0.030871
0.031519,0.026911,0.063681,0.043281,0.023671,0.011181,0.034421,0.045902
0.028281,0.030833,0.062056,0.041481,0.021465,0.010011,0.025436,0.03404
0.041293,0.071099,0.11426,0.057306,0.035596,0.030719,0.055267,0.061821
0.045292,0.065164,0.11351,0.056854,0.033142,0.021379,0.049203,0.062031
0.021349,0.04553,0.073265,0.02906,0.019925,0.013278,0.031558,0.030919
0.027633,0.049844,0.069392,0.031142,0.022383,0.01544,0.041243,0.04349
0.027804,0.046788,0.076749,0.027146,0.020135,0.01559,0.033575,0.039879
0.040973,0.064397,0.099167,0.051066,0.037821,0.022571,0.054687,0.060524
0.034992,0.053906,0.082187,0.051421,0.032297,0.021739,0.0425,0.052346
0.038818,0.071151,0.085776,0.037528,0.02817,0.01993,0.045603,0.057729
0.029386,0.058705,0.073688,0.029312,0.027575,0.016558,0.037417,0.042863
0.035058,0.053542,0.086903,0.042222,0.033374,0.020247,0.033225,0.047606
0.022344,0.038243,0.069115,0.026851,0.021302,0.015312,0.032367,0.040708
0.029611,0.046525,0.096878,0.045493,0.028632,0.0218,0.042429,0.054396
0.031292,0.045801,0.092143,0.033872,0.026569,0.018667,0.036875,0.046458
0.030511,0.053783,0.085677,0.038958,0.025472,0.016607,0.046421,0.05345
0.026875,0.050856,0.08834,0.032528,0.023699,0.016023,0.044287,0.052562
0.038554,0.06075,0.073567,0.040573,0.032425,0.023618,0.051965,0.053229
0.03239,0.050424,0.079476,0.036694,0.022826,0.019979,0.040135,0.050079
0.037979,0.071581,0.091292,0.032548,0.022812,0.022028,0.048422,0.056299
0.029025,0.052487,0.069464,0.031731,0.023285,0.017924,0.046656,0.051333
0.023948,0.051506,0.06895,0.026865,0.020429,0.014865,0.035639,0.043056
0.027204,0.048747,0.067449,0.032894,0.025933,0.015649,0.038283,0.044426
0.034665,0.051294,0.078508,0.037218,0.024958,0.01831,0.043704,0.049244
0.036204,0.050325,0.072283,0.038976,0.027329,0.023778,0.049613,0.053986
0.03251,0.052043,0.079121,0.050622,0.032521,0.025007,0.043594,0.042865
0.092843,0.11257,0.039576,0.015049,0.011462,0.015596,0.033908,0.026735
0.099807,0.12385,0.048626,0.015312,0.012387,0.015933,0.04145,0.030005
0.1173,0.13984,0.064807,0.01566,0.011587,0.013535,0.03451,0.027356
0.11314,0.13154,0.049625,0.014657,0.013092,0.018104,0.048865,0.034592
0.11686,0.1572,0.079896,0.018249,0.01475,0.032797,0.093021,0.044368
0.10576,0.12714,0.056968,0.015313,0.013604,0.028831,0.063646,0.043125
0.12385,0.13956,0.079921,0.017119,0.014333,0.047551,0.12331,0.042125
0.1156,0.14511,0.053267,0.016504,0.015354,0.035825,0.096833,0.036417
0.10549,0.13862,0.0869,0.017639,0.011924,0.022537,0.075517,0.030531
0.10222,0.13769,0.080921,0.017771,0.012535,0.035236,0.089392,0.03064
0.1073,0.12879,0.070844,0.015271,0.015372,0.026715,0.063727,0.034279
0.10075,0.12391,0.075965,0.014812,0.0109,0.028769,0.073625,0.033792
0.099927,0.15071,0.068978,0.01764,0.01224,0.021268,0.060174,0.032743
0.09471,0.12832,0.077896,0.014964,0.012099,0.020208,0.059012,0.033883
0.071386,0.10459,0.053267,0.014319,0.012914,0.01819,0.044007,0.029668
0.083979,0.10257,0.054896,0.015479,0.012704,0.022715,0.065235,0.030267
0.095625,0.12047,0.071542,0.016531,0.01355,0.026979,0.066735,0.03226
0.075395,0.097604,0.057228,0.014653,0.011508,0.036288,0.078066,0.029212
0.10662,0.12709,0.082658,0.019246,0.013323,0.014979,0.039883,0.027033
0.11449,0.13185,0.087778,0.017396,0.013702,0.018833,0.067472,0.033017
0.085854,0.08146,0.15901,0.026366,0.015812,0.071558,0.16487,0.042233
0.062917,0.078715,0.13209,0.024171,0.012663,0.056444,0.093162,0.031798
0.083462,0.050444,0.1074,0.017594,0.010375,0.020333,0.062128,0.031809
0.060125,0.056215,0.105,0.020661,0.0097715,0.034373,0.056396,0.021995
0.06651,0.076204,0.11497,0.021312,0.010442,0.049924,0.092569,0.024538
0.080467,0.073269,0.13977,0.02065,0.010825,0.034913,0.081519,0.036874
0.091361,0.057169,0.10243,0.025397,0.012323,0.04885,0.13473,0.036222
0.077644,0.072163,0.10028,0.02217,0.011956,0.037875,0.081868,0.035097
0.088392,0.077297,0.09217,0.02285,0.011194,0.052293,0.1127,0.028406
0.065708,0.071975,0.099563,0.022099,0.010857,0.033336,0.081822,0.023478
0.084538,0.083979,0.11098,0.0234,0.010931,0.048981,0.1195,0.035104
0.12045,0.08195,0.096342,0.024124,0.011424,0.043987,0.070914,0.042583
0.097229,0.082624,0.1067,0.025725,0.013724,0.044399,0.11037,0.037337
0.096629,0.1086,0.1114,0.02721,0.013344,0.047029,0.073546,0.027505
0.094018,0.10075,0.14513,0.032031,0.013174,0.076264,0.15573,0.037342
0.08711,0.12338,0.11432,0.036839,0.013561,0.059656,0.12113,0.030185
0.068479,0.093924,0.10319,0.022603,0.011961,0.047059,0.12118,0.044151
0.086721,0.10847,0.13413,0.035054,0.013662,0.054558,0.13128,0.031119
0.084447,0.099323,0.12635,0.034451,0.015251,0.072042,0.17695,0.038744
0.1004,0.11654,0.12009,0.036719,0.014297,0.057306,0.1151,0.050742
0.048903,0.093674,0.063333,0.013665,0.020312,0.18884,0.071432,0.058112
0.064442,0.075465,0.059583,0.013258,0.017171,0.15153,0.073852,0.063063
0.092853,0.0738,0.06975,0.014879,0.016601,0.12788,0.054829,0.058128
0.083267,0.081626,0.069246,0.017469,0.014899,0.11378,0.062119,0.058889
0.085501,0.04639,0.07396,0.014778,0.011878,0.084575,0.040701,0.071604
0.085525,0.097817,0.068833,0.016475,0.016357,0.13008,0.069323,0.057076
0.11619,0.078289,0.070577,0.016167,0.01375,0.13039,0.07441,0.093924
0.098683,0.065283,0.090321,0.016065,0.014278,0.062707,0.053994,0.067028
0.083933,0.068891,0.069528,0.015336,0.013074,0.087097,0.065806,0.063725
0.11818,0.10942,0.075663,0.016615,0.012438,0.074028,0.077189,0.10176
0.094784,0.065781,0.095109,0.017417,0.014585,0.105,0.046721,0.076512
0.085225,0.06504,0.083479,0.016208,0.014533,0.090854,0.045331,0.074567
0.11407,0.099583,0.10887,0.020341,0.023509,0.16791,0.084458,0.082917
0.11882,0.099562,0.084878,0.017194,0.01289,0.058356,0.042625,0.065488
0.11077,0.093903,0.080387,0.016782,0.013778,0.073487,0.048758,0.070601
0.10129,0.083126,0.08026,0.0165,0.014831,0.098028,0.068711,0.064993
0.10833,0.085389,0.070994,0.014788,0.011342,0.066046,0.048499,0.081979
0.11873,0.10528,0.097223,0.019846,0.016424,0.16391,0.062166,0.070796
0.099656,0.12926,0.088181,0.01724,0.012485,0.061079,0.1092,0.079292
0.12243,0.10724,0.085143,0.019189,0.014531,0.11247,0.051907,0.11494
0.081094,0.038954,0.14659,0.023772,0.012174,0.053574,0.087788,0.025076
0.050263,0.042076,0.13798,0.029817,0.014006,0.040572,0.0875,0.022344
0.041632,0.039667,0.1131,0.019379,0.010379,0.02076,0.060521,0.022123
0.065312,0.0378,0.11583,0.023024,0.011931,0.0345,0.082851,0.028328
0.095439,0.047628,0.13215,0.022527,0.012153,0.028833,0.090771,0.029923
0.12556,0.055712,0.14085,0.030721,0.012731,0.033935,0.069583,0.028338
0.066979,0.046382,0.12775,0.026953,0.012278,0.028993,0.086917,0.031696
0.072403,0.051722,0.12986,0.027715,0.011076,0.030858,0.098176,0.022882
0.083295,0.043438,0.14482,0.025417,0.01139,0.026107,0.085858,0.021682
0.065458,0.058653,0.16991,0.04065,0.013698,0.041069,0.12269,0.03679
0.06724,0.051949,0.17207,0.029354,0.012753,0.034717,0.11918,0.02801
0.06616,0.05399,0.15522,0.028094,0.01381,0.075089,0.11182,0.029517
0.082861,0.047051,0.098163,0.021765,0.012802,0.048257,0.071277,0.034596
0.07397,0.048256,0.1153,0.026319,0.012046,0.026168,0.11052,0.024146
0.091083,0.047525,0.14605,0.027744,0.011701,0.018799,0.081686,0.027562
0.080635,0.050965,0.11722,0.029003,0.012147,0.026778,0.12718,0.024108
0.11418,0.05355,0.14988,0.033398,0.012678,0.04451,0.21857,0.038971
0.090303,0.053695,0.15511,0.027868,0.011422,0.021009,0.1157,0.03899
0.06818,0.070626,0.13692,0.026548,0.011538,0.025709,0.1154,0.027044
0.080588,0.076126,0.15237,0.028721,0.012571,0.027679,0.15418,0.047339
