5.0078,13.969,13.734,4.875,3.0234,4.4063,14.844,4.4063
2.4141,3.2891,9.4375,5.1094,2.0547,3.7578,12.438,3.0391
3.1328,5.1406,9.4609,4.7891,2.4766,2.9063,11.781,2.8984
3.0547,5.8594,11.07,6.3438,2.3906,3.5703,15.219,2.8984
2.6797,3.2422,8.5469,6.6563,2.3203,3.2344,13.508,2.75
2.2578,4.5781,9.6953,6.8984,2.5859,3.2969,7.2266,2.5313
2.2891,2.5469,8.7188,5.75,2.2344,2.5703,15.008,2.7422
2.3594,2.7734,6.4063,5.1875,2.25,3.0234,9.5469,3.125
2.25,2.7813,7.3984,5.3438,2.4609,3.9141,14.797,2.8281
2.3281,2.3984,6.9766,4.7188,2.0547,3.0313,9.4922,3.125
2.1797,2.6563,7.4688,4.9766,1.9063,2.3125,7.3672,2.8906
1.9844,2.2734,6.4844,4.4141,2.2109,2.2891,7.5156,2.3906
2.3906,2.1484,7.7578,4.375,1.7344,3.0469,12.727,2.875
2.25,2.1094,6.5625,4.6406,2.0313,2.1641,8.875,2.4688
2.6016,2.5703,6.9922,4.6094,2.1875,2.8516,8.6797,2.5078
2.25,2.625,8,4.3828,1.7344,2.6953,11.75,3.2813
2.5156,2.3359,8.4375,4.9531,2.3828,2.625,9.2344,2.7891
1.9219,2.625,7.4453,5.7109,2.2031,2.6719,8.4219,2.5078
2.4688,2.4688,7,5.4688,2.4922,3.1875,9.0703,2.5625
1.9688,2.6328,7.7266,4.2422,2,2.9219,10.445,2.6719
2.375,2.375,8.375,4.7031,2.4063,3.3438,12.438,3.0313
2.1953,2.1719,5.9688,4.5391,2.0391,2.7734,12.172,2.5625
2.4141,2.8281,8.0078,4.7344,2.0078,2.6719,9.5,3.0547
2.1875,2.5078,6.5469,4.9297,2.1563,3.1484,13.414,3.0078
2.3828,2.6563,7.3516,4.3281,2.0781,3.1719,15.57,3.1797
1.9219,2.2813,7.6484,4.5938,2.0625,2.8828,12.305,2.9609
2.0703,2.4375,8.0156,5.3047,2.0391,3.3125,15.805,3.4141
2.1328,2.5703,7.3672,4.5781,1.8594,3.4688,13.063,2.8359
2.2109,2.0859,8.5156,4.4844,1.7109,2.7813,15.039,3.6797
2.5391,2.1016,8.8281,5.2734,2.1719,3.0781,14.266,3.3125
2.2109,2.5781,6.5938,4.6875,2.0234,2.5391,12.82,3.1641
2.4922,3.4844,7.1016,5.0859,2.2969,3.0234,12,2.75
2.3281,2.7578,9.5781,4.5391,2.375,3.4063,16.5,3.2188
2.1172,2.6328,7.3828,5.3047,2.0234,3.3594,15.734,3.3203
2.6953,3.9922,7.3906,4.2188,2.2344,2.7031,11.477,2.4219
1.7734,2.8281,7.8516,4.875,1.9063,2.6016,12.461,2.7344
2.1172,2.5781,8.9141,5.3906,2.2969,3.6797,14.039,3
2.0703,3.0625,9.0547,5.5938,2.1797,3.6172,17.539,3.3047
2.4844,4.3984,8.0547,4.3594,1.8672,3.2578,11.828,3.1406
2.1172,4.5938,8.5469,4.7891,2.0156,3.2969,14.734,2.8359
2.0078,2.2656,6.3906,4.375,1.875,3.0859,13,3.1563
2.5078,2.5156,7.7266,5.3203,2.3203,3.3516,13.078,2.8281
2.25,2.7656,7.0078,5.2422,1.9609,2.8594,12.734,2.3125
1.9609,2.1563,8.0156,4.2344,2.1484,3.3516,11.742,3.2734
2.25,2.6172,9.7422,4.5703,2.0938,2.9375,11.531,3.5234
2.3594,2.9141,6.9609,4.7188,2.0703,2.7031,12.414,3.4531
2.1953,3.3203,7.7266,4.4453,1.9297,3.1172,17.383,2.7813
2.3047,2.5703,5.7656,4.4141,2.3594,3.0391,8.3594,2.4141
2.2891,3.5781,8,4.6484,2.2344,3.2422,12.266,2.2891
2.0469,3.1094,8.2813,4.8828,2.1328,3.1641,12.734,3.2578
2.3672,2.6563,7.7969,4.4375,2.1797,3.3359,9.8281,2.6328
2.4063,3.1016,8.3984,6.2578,2.3828,2.7734,9.0234,2.7109
2.2422,2.9453,7.3828,5.0625,2.0313,2.2344,10.906,2.9219
2.5859,4.2109,7.2734,4.3203,2.0156,2.6172,10.977,2.9063
2.2734,3.0703,8.1406,4.9453,2.0234,3.5703,14.547,2.5391
2.3359,2.5,7.1797,4.0234,2.3281,2.4219,11,3.5234
2.4063,3.0859,7.4063,5.0625,2.1875,2.5547,10.758,2.5859
2.9688,6.1406,8.2734,4.0313,1.9219,2.5078,11.133,2.8125
2.0391,3.6875,7.8047,4.2969,1.8516,2.7188,10.695,2.7188
2.1016,2.4297,7.6875,4.7031,2.0391,2.6953,10.633,3.0078
2.5313,4.2891,6.2109,4.625,2.2656,1.9766,8.6797,2.6719
2.25,4.9063,6.5547,4.8672,2.0859,2.8438,10.883,3.7031
2.7734,4.0781,7.4141,4.5547,2.2422,2.8828,9.2422,3.0234
3.0156,4.3672,7.5781,5.4766,2.1328,2.8359,10.602,2.5781
2.7031,6.1953,8.0938,5.7031,2.3203,2.5703,13.313,2.7969
2.6484,5.9297,8.2422,5.25,2.2891,2.4609,11.164,2.5469
3.2578,8.6875,8.0156,4.9609,2.3203,2.6484,9.6563,3.1406
3.25,9.4219,8.9766,5.875,2.4531,2.7578,12.914,3.3516
3.1797,7.4453,7.5781,5.3672,2.7188,3.2188,11.203,3.2266
2.75,8.2813,7.3672,5.2266,2.1094,3.5938,13.414,4.1563
2.3047,4.7422,7.3125,4.7656,2.0313,2.9297,11.07,2.8281
2.7578,6.3906,8.1094,4.9609,2.3281,2.9844,12.992,3.3281
1.7578,5.4766,8.3516,5.5859,2.0391,2.4531,10.32,3.6484
2.4297,4.1563,8.2891,4.5625,2.2344,3.0469,12.789,3.0156
2.1875,3.5078,8.6484,4.3125,1.9609,3.7188,13.555,2.9219
2.3125,2.8359,6.875,3.9063,1.9844,2.8906,10.203,2.9688
2.4844,3.5469,6.3828,4.6328,2.3281,2.6172,10.219,3.1016
2.1875,2.25,7.5078,4.1953,1.8125,2.9688,13.625,3.7422
1.9063,2.2813,6.7422,3.6172,1.8594,2.4219,8.2344,2.4688
2.3594,4.2891,6.4219,3.875,2.0859,2.5313,10.344,2.4375
2.8984,6.2422,7.8828,4.8516,2.4453,3.7188,17.102,3.75
2.5547,5.2813,8.5391,4.7813,2.2656,3.8516,14.578,3.9609
3.0703,5.7578,9.0781,6.0781,2.6719,3.5938,13.688,3.5938
2.7734,5.9844,7.6719,5.2891,2.5781,3.3281,14.367,3.4297
2.6953,5.8359,9.2188,4.6797,2.3906,4.0703,14.211,3.2109
3.0234,8.0703,9.0703,5.6641,2.8281,3.6719,11.391,2.7578
2.2813,6.1016,8.5938,4.5156,2.1172,3,11.086,3.0859
2.2891,7.0469,8.4688,5.4688,2.1016,3.1016,13.836,2.9688
2.3203,7.9688,7.6563,4.9141,1.9922,2.8438,11,3.125
3.1719,5.4063,8.1016,6.1406,2.7188,3.4766,10.516,3.5703
2.8125,7.3359,8.3594,5.1563,2.7578,3.0156,9.4766,3.9063
2.4766,6.9844,9.8047,5.3906,2.4375,3.1016,15.008,3.1875
3.6875,10.625,9.2891,4.8281,1.8984,2.9453,10.031,3
2.6641,4.7344,6.4609,5.6641,2.1875,2.7813,10.391,3.3047
2.3984,4.0703,9.1016,5.3438,2.0859,2.5625,9.8906,2.8828
2.4063,4.3047,7.3203,4.9141,1.9453,3.2031,11.883,2.6563
2.3984,5.2422,7.7656,6.0625,2.2422,2.9844,10.828,3.0391
2.9297,5.2891,7.5156,4.7891,1.9297,2.7813,9.9297,2.9531
2.5156,3.7031,8.2109,3.5781,2.0313,2.9453,14.633,3.7422
2.0156,3.2656,7.3516,4.8438,2.2734,2.7734,11.117,2.4219
2.4453,4.1875,7.5391,5.4844,2.2734,3.1172,10.891,2.6328
2.7344,3.8594,8.1953,3.9609,2.375,2.9688,9.4141,2.625
2.6406,4.6719,7.2734,5.1484,2.5938,3.6875,14.547,3.0469
2.6094,4.3906,6.3438,3.5391,2.2969,3.9063,14.352,3.1719
2.1016,4.2188,8.2344,5.8828,2.4297,3.7656,13.727,3.3828
2.4453,3.5547,8.1953,4.6641,2.3438,3.0156,10.508,2.8828
2.9297,5.3672,8.4063,5.7656,2.5938,2.9063,11.781,2.8203
2.2344,4.2734,8.6094,5.4688,2.1641,2.8281,9.9688,2.9922
2.375,4.0547,9.5703,5.9766,2.2656,2.7266,6.9922,2.7188
2.4063,5.9609,8.1875,5.4141,2.1875,3.1875,14.414,3.2578
2.0859,4.125,8.875,4.9375,2.1406,3.5313,11.477,3.1563
2.4531,4,8.3281,3.625,1.875,2.7656,12.773,3.0781
2.3438,4.5078,7.9063,5.1563,2.2344,3.7031,17.547,3.2031
2.6172,9.0625,6.2188,3.9688,1.9063,2.4453,8.5078,2.4375
4.4297,14.039,7.8516,5.2891,2.6797,4.1563,12.789,2.9766
3.2188,4.4063,7.2344,3.5469,2.8281,3.7891,8.0313,3.8438
2.9219,6.2969,6.2109,3.5156,2.4375,2.9141,7.8125,2.8984
2.8125,3.4375,4.875,2.9063,2.2656,2.9063,5.8672,3.25
2.625,5.2969,5.3281,2.6563,2.1953,3.0781,11.148,3.2031
2.8906,4.4922,5.4141,3.25,2.6875,3.5156,9.5938,3.6797
2.5859,3.3203,2.9297,2.7578,2.375,3.2344,12.938,3.4531
2.3125,3.1953,3.1875,3.1328,2.3516,2.7656,10.531,3.0781
2.7969,5.6719,3.4609,2.6719,2.4375,3.4141,11.445,3.7188
2.5859,4.0313,3.4688,2.3984,1.8672,3.2188,15.289,3.5313
2.6797,3.0781,3.2734,2.6563,1.875,2.5234,6.4141,3.2422
2.2734,2.9609,3.3203,2.9844,2.0078,2.4609,10.43,3.1016
2.5234,3.2344,3.8672,2.8672,2.1641,2.5469,10.914,2.8438
2.8359,3.5703,3.3281,2.5234,2.3594,3.2109,13.523,3.3984
2.0469,2.6953,3.2344,2.4609,1.7969,2.6172,12.766,2.6406
2.0469,3.1406,2.75,2.7578,2.1406,2.4375,8.7109,2.8438
2.1406,3.6406,3.0156,2.6484,2.0391,2.3281,11.18,3.0703
2.2969,4.0781,3.2969,2.4141,2.1406,3.5,9.2578,2.6797
2.8359,3.9844,5.1406,2.8125,2.25,2.8359,8.3281,2.7578
2.7266,4.3594,3.2578,2.7344,2.125,3.0703,10.008,2.9688
3.1875,3.9297,3.0234,2.5,2.3984,3.2266,11.242,3.3125
2.4844,3.8281,3.4766,2.3359,2,2.7891,8.7891,2.6875
3.0313,4.9219,3.0938,2.4297,2.3438,3.8203,13.672,3.8906
3.0078,4.2344,3.1875,2.3203,2.0469,3.1172,11.063,3.1641
2.1016,3.9375,3.5,2.2891,1.7656,3.2813,13.914,3.2734
2.5,3.4453,2.9297,2.1953,2.0547,3.2891,13.367,3.6953
2.3359,5.1563,3.5547,2.2656,2.0625,2.75,11.578,3.2969
2.6875,3.5781,3.8906,3.6484,2.1875,2.8906,10.844,2.9531
2.6563,3.2109,3.6797,2.875,1.9609,2.9844,13.711,3.3281
2.5313,2.8906,3.8984,2.8281,1.9453,3.6484,11.969,3.1484
2.5,2.4922,3.7109,2.7109,1.9609,2.8516,11.148,2.9219
2.2813,3.0625,3.5625,2.4766,2.0078,2.1953,14,2.6328
2.8281,4.6641,2.875,2.1328,2.0234,4.375,22.055,4.5078
2.3047,4.1484,2.2188,2.3359,2.0547,2.7969,14.805,2.8672
2.3047,4.2891,3.2188,2.2422,2.0625,2.9922,14.438,3.7109
2.3125,4.2188,3.3594,2.0625,1.6797,3.2891,14.656,3.3594
2.5313,3.7656,3.25,2.8828,2.0078,2.7422,11.859,3.2266
2.25,4.3984,3.1563,2.2266,2.1953,3.2891,13.805,3.4219
2.4063,3.6094,2.6875,2.1563,2.1875,2.8438,11.219,3.3828
2.5547,7.3828,3.0938,2.2734,2.0078,3.0078,14.133,3.25
3.6328,7.6875,3.8203,3.0313,2.4141,3.6563,16.797,3.7031
2.4531,4.4844,4.4219,2.6719,2,3.6406,17.484,2.9297
2.375,3.7578,4.625,2.3906,2.1953,2.9766,18.75,3.5234
2.2031,3.7891,3.7422,2.7109,1.9688,3.4453,14.898,2.9531
2.125,3.7422,4.3828,2.7734,2.2188,3.4609,20.383,3.6172
3.9922,9.5859,4.9531,2.7031,2.1172,3.1172,16.07,3.5938
2.9063,5.1406,4.8672,2.9375,2.0469,3.5,16.758,3.0469
2.8359,5.7422,5.0781,2.6094,2.1875,3.3125,10.461,3.7266
2.8281,4.6406,4.0313,2.7813,2.2031,3.0859,9.9844,2.9141
3.4609,7.3203,4.9453,2.4766,2.4297,3.4063,11.773,3.8203
3.4688,9.2344,4.4453,2.6328,2.2031,2.8203,10.375,3.5703
2.4219,3.7969,3.75,2.6875,2.2266,2.8281,13.219,3.8516
2.3516,4.7813,3.875,2.5313,2.3281,3.7031,11.68,4.0391
2.3984,3.3359,3.9531,2.5234,2.1797,3.2266,9.6953,4.0156
3.0391,5.9766,3.3516,2.2891,2.7031,3.5,15.844,3.625
2.5234,4.4219,3.9609,2.4375,2.0469,2.7891,10.578,3.5234
3.7031,7.2813,4.3438,2.7109,2.6406,3.7109,9.4375,3.8906
2.6719,4.4531,3.0156,2.2656,2.1406,2.6719,6.5313,3.6172
2.5,5.3984,3.6484,2.8516,2.2109,3.7266,13.711,3.1953
2.5078,4.7734,3.3906,2.4609,2.3047,3.4844,10.633,4.2813
2.0078,4.0391,5.1953,2.625,2.2891,2.5625,11.102,2.6172
2.6797,5.4531,2.7969,2.5,1.9922,3.3203,9.9453,3.1719
2.5156,6.1953,3.7656,2.3906,2.0156,2.7891,16.648,3.625
2.3203,5.1563,3.4844,2.2188,1.8281,3.1406,10.852,3.0859
2.2266,5,3.0313,2.2813,2.1406,2.9141,9.7031,3.1875
2.5859,6.875,3.0234,2.2031,2.0547,3.6797,17.859,3.9922
2.625,5.2422,3.6484,1.9609,2.0938,3.9063,15.633,3.5078
2.9453,9.8125,4.6328,2.6953,2.1406,3.3984,17.047,3.8359
2.1875,5.3203,4.2969,2.5391,1.8438,3.0078,10.156,3.5938
1.9922,3.625,4.1172,2.2656,1.9141,3.2031,12.336,3.3984
3.2656,9.6172,4.2891,2.6953,2.0391,3.4922,14.07,4.1328
2.6719,8.9531,5.0156,2.8438,1.7656,2.4688,8.3984,3.2891
2.2969,3.8516,3.6484,2.3906,1.9922,3.1797,13.492,3.5469
2.2031,2.8047,4.8438,2.7656,1.8984,3.1016,12.656,3.4609
2.2891,3.9375,4.0781,2.4219,2.0391,2.8906,11.352,3.3828
2.0078,3.7969,4.5469,2.5234,1.7188,2.4766,11.125,3.2422
2.3828,5.4531,4.8672,2.6406,1.8594,3.8125,14.367,3.7344
2.1953,5.5313,4.4844,3.0078,1.8438,3.2422,14.57,2.9297
2.3516,5.1563,5.9141,3.3125,2.4063,3.1563,17.148,3.9609
2.0078,4.0938,5.8594,3.2109,2.4453,3.4453,13.313,2.7266
1.8672,4.8828,5.4766,2.3984,1.7344,2.8047,16.68,3.6484
2.0313,4.9453,6.2266,3.4688,2.0625,3.6484,18.609,3.6172
1.9844,3.0156,5,2.75,1.8906,3.5234,14.078,3.7422
2.2656,5.0625,4.9219,2.8203,1.8281,3.3516,14.406,3.8281
2.4844,7.3672,6.1719,2.8359,1.6641,3.4297,15.047,3.3906
2.2891,5.3828,5.2891,3.1719,2.0781,3.2969,16.516,3.6641
2.0234,4.4766,5.9766,3.2422,1.8906,3.7891,18.734,3.8438
3.1172,8.8281,6.3516,3.0313,2.0547,3.1016,14.523,3.5938
1.9531,4.1328,6.5703,2.9688,1.875,3.5547,17.414,3.5078
2.125,4.25,6.3516,3.5938,1.9609,3.0469,15.586,3.7344
2.2656,5.4063,4.8672,2.7188,2.1641,3.1953,19.852,3.7266
2.9609,11.281,5.1797,2.6875,2.1328,3.5703,14.836,3.8828
2.3438,5.9375,5.7188,2.9609,2.0469,3.0547,13.344,3.1875
2.3203,4.2422,6.0547,2.8906,2.1563,3.3828,15.188,4.0391
2.4453,3.6094,6.6172,2.7266,1.9844,3,12.234,3.3047
2.5078,5.7422,6.8984,3.4844,2.3203,3.3516,14.695,3.5078
2.5313,3.8047,7.4063,3.1406,2.3672,3.1328,10.781,4.1563
2.1719,6.0234,6.9531,3.8516,2.1406,2.5938,13.898,3.2031
4.2969,13.242,11.258,5.75,2.6016,4.5859,12.891,5.125
3.25,10.023,8.3594,4.7813,2.4141,3.4141,15.922,3.3828
2.3906,5.8516,7.6094,4.0234,2.4219,2.6953,11.32,3.3281
2.8594,7.6953,8.9453,4.5078,2.2656,3.0234,14.266,3.7891
2.4297,7.0547,7.1172,3.5625,2.2266,3.1953,10.945,3.1875
2.7656,9.7344,8.5156,3.5703,1.9453,3.25,13.773,3.3516
2.4375,6.7734,8.4766,5.3125,2.3906,3.2188,11.484,3.3984
3.2031,12.125,9.25,4.2578,2.1719,2.9844,12.984,3.0625
2.4844,6.8359,7.7578,3.7578,2.0938,3.0391,15.297,3.2266
2.2969,6.1016,8.6406,4.0313,2.1875,3.3516,12.766,3.7734
2.3984,6.1406,8.4922,3.7734,2.1719,2.5625,7.4063,3.1172
2.5703,7.3594,7.5078,4.3906,2.125,3.3203,12.664,2.9063
3.3281,9.7109,8.0547,4.2188,2.25,3.1641,17.578,3.3359
2.6875,8.1016,7.7813,3.7344,2.0469,2.7578,13.578,2.8594
3.8906,13.164,8.9141,3.625,2.0547,3.0703,10.242,3.2813
1.75,4.5781,8.875,4.5313,2.1328,2.8828,14.297,3.4609
2.0938,7.0469,8.7344,4.0625,1.8125,3.4141,16.859,3.2969
2.4219,8.3984,8.4844,3.9688,2.2578,3.3438,15.125,3.1953
4.3594,11.859,8.3125,3.7891,3.0313,7.9531,12.656,3.1172
4.2734,8.1875,6.3125,3.2969,2.6875,7.3047,16.82,3.6016
3.5859,3.7422,4.7656,2.8984,2.1797,5,11.422,2.6406
3.5391,4.3906,3.1094,2.4141,2.2813,4.8672,12.516,2.9297
3.5781,4.3359,2.4922,2.3125,2.1953,3.2188,7.5234,2.1406
3.7031,4.9922,2.5469,2.3281,2.1406,4.1484,10.477,2.7188
4.6953,17.195,4.9063,3.0234,3.125,9.4063,19.539,4.3984
3.6953,5.6406,7.8516,3.8438,2.3672,6.4375,10.234,3.1172
3.5234,2.4766,5.5859,3.4297,2.1719,5.2422,9.0625,2.6875
3.9453,3.9453,6.2109,4.1094,2.3828,5.9922,10.797,3.8203
3.0547,2.4766,2.0781,1.8281,1.875,6.1641,11.297,2.7188
3.0469,2.4375,2.4063,2.2188,1.8984,3.0547,6.8516,2.0625
3.3516,3.7891,4.3203,2.4766,1.9844,4.7656,12.156,2.6719
3.4922,2.5859,7.5391,3.8516,2.3438,7.8203,14.672,3.1719
3.2969,3.9219,4.3828,2.5469,2.0469,4.2891,9.8906,2.5078
3.3281,2.9766,3.4844,2.2031,2.2813,4.3359,9.2734,2.7266
3.4688,3.3594,5.2578,3.1875,2.4844,10.438,16.75,2.6797
3.3125,5.5391,3.1484,2.7969,2.3672,5.9063,13.156,2.6328
3.5,6.2344,3.3906,2.1563,2.2344,9.0156,12.961,3.3672
3.0547,3.5,3.8906,2.3516,2.0078,4.1016,8.7266,2.3828
3.0156,5.3516,3.2734,2.2891,2.2266,5.5547,9.1563,3.2734
3.5625,7.4844,5.1563,2.7188,2.5781,6.25,13.609,2.8672
3.75,6.7266,2.7266,2.3672,2.1094,7.9219,10.766,2.6953
3.4375,6.2969,6.1797,3.5391,2.3125,5.3828,8.4141,2.6719
3.1406,6.1953,3.5469,2.5078,2.0859,7.4844,11.703,3.1484
3.1797,5.9531,2.125,2.0313,2.0391,4.2109,7.6563,2.6406
3.1875,6.1406,2.1563,2.0938,2.2188,3.7656,8.5469,2.4922
3.2813,7.7031,2.3281,2.2422,2.2813,5.2031,12.336,2.7578
3.0156,3.9688,2.1797,2.1172,1.8438,3.7734,7.5703,2.1484
3.4219,6.0625,2.375,1.9922,2.0234,4.3594,8.8281,2.5625
3.3516,8.5078,2.6953,2.4609,1.75,3.5625,10.555,2.1953
3.4141,6.75,2.3359,1.7266,1.7969,4.8438,8.9609,2.3047
3.25,4.8125,2.3047,2.0938,1.7891,3.8281,8.1328,2.2969
3.5938,6.8047,2.3438,2.0313,2.1563,4.9297,8.1406,2.6484
3.2109,7.4844,2.3438,2.2813,2.7344,7.7969,11.445,3.25
3.6484,8.0859,3.2656,2.0938,2.0938,6,14.016,2.8281
3.5625,8,4.9531,2.5234,2.25,6.9219,10.609,3.0313
3.5,9.1797,3.1484,2.5313,2.3047,5.0703,10.398,2.7422
2.7422,4.2031,2.5234,2.3984,1.9297,3.5938,11.023,2.7422
3.1953,4.3359,2.0078,1.8984,2.0391,6.3281,7.4531,2.4688
3,3.6328,2.3359,2.1719,2.25,7.4688,13.727,2.9531
3.2969,3.5391,2.0625,1.9531,2.1484,6.6172,9.8359,2.5469
3.0547,6.1484,2.4297,2.375,1.9766,7.9141,11.398,3.5781
3.1875,4.25,7.1563,3.3203,1.9141,4.2344,7.5938,2.3438
3.1484,5.0547,2.8125,2.2578,2.4766,5.2422,12.563,2.8594
2.8516,3.625,2.0547,1.9844,1.7422,3.8281,7.4141,2.5313
2.9609,3.8594,1.9844,2.2266,1.6875,2.7813,4.8359,2.0859
3.2031,5.6406,2.1563,1.8125,2.0859,5.9375,9.7188,2.7422
3.1328,5.5781,2.6563,2.1797,2.3516,4.6406,10.859,2.7969
3.2578,4.1094,2,1.8906,1.875,4.0859,8.9219,2.5781
2.9219,3.9688,2.1094,1.9063,2.3438,5.4766,8.5859,2.6406
3.1797,3.5938,2.6719,2.4297,2.5469,3.7813,10.164,2.9688
3.3516,3.8125,2.3594,2.0234,1.8359,3.3203,9.0391,2.2188
3.2656,2.8984,2.2188,2.0313,2.0469,5.0781,6.2734,2.3438
3.0391,2.7813,2.0859,1.8516,2.3125,5.0156,8.6875,2.7734
3.3125,2.2891,2.0625,1.9219,1.9844,4.3906,9.6094,2.5469
2.9297,2.6094,2.0781,1.9375,1.9688,5.4375,14.344,2.7734
3.0469,3.5781,2.0078,1.9141,2.125,8.75,10.492,3.1172
3.3516,2.5547,2.3672,2.2734,2.0625,7.6094,10.852,2.8359
3.0078,2.1641,2.3438,2.3594,2.1719,4.1563,7.6719,2.3828
2.9219,2.4141,2.3203,2.2734,1.7969,4.6328,8.3125,2.2813
3.0078,3.5938,2.125,2.1016,2.3672,5.6953,9.4531,3.3672
3.1953,9.5391,8.2109,3.9609,2.2109,6.8125,17.078,3.3906
2.3672,2.2734,5.5859,3.2188,2.3906,6.7422,12.727,2.7422
2.3672,1.6172,3.0781,2.1719,2.2422,4.6406,10.313,2.1094
2.2031,2.6094,4.2266,2.5547,2.1719,6.4766,9.7969,1.8359
2.2656,2.2813,4.2813,2.7109,2.0156,4.3125,7.8516,2.2266
2.5781,2.2188,2.3047,2.0547,1.5625,9.4531,16.148,2.2578
2.2656,1.9219,2.1406,2.2813,2.1797,3.4453,11.727,1.8438
2.4609,1.9531,2.0234,2.3984,1.9922,3.9297,11.727,2.375
2.4063,1.9141,1.7891,2.1641,1.9453,2.1641,4.1016,1.5781
2.2031,1.8203,1.9141,1.9766,2.1875,3.3125,11.102,2.0625
2.4375,1.9609,2.1172,2.2969,1.9531,4.4531,11.469,2.2188
2.3203,1.7969,2.0078,2.0078,2.0234,2.8984,11.875,1.8125
2.1641,2.0234,2.5234,2.0156,1.9453,3.3203,10.508,1.9609
2.5156,1.8438,2.5938,2.1797,1.9375,3.5938,7.5313,2.1641
2.4766,1.9844,2.9766,2,1.7734,3.2969,10.563,1.8125
2.2656,2.1797,2.2813,2.1172,2.0234,3.3125,10.375,1.8828
2.2813,2.2813,2.0156,1.8672,2.0156,3.7891,11.156,2.2891
2.2813,1.6406,3.4922,1.8984,2.0156,4.3125,11.836,2.0703
2.2734,2.0625,2.4922,1.9453,1.8672,3.9453,12.063,2.0391
2.625,2.2109,2.1328,2.0156,1.7734,5.2266,11.406,2.1172
2.3125,2.1641,1.9766,2.2109,1.8828,5.8672,11.609,2
2.2734,2.125,2.2813,1.8594,1.6641,4.6406,13.977,2.0625
2.4844,1.8438,2.6094,2.3125,1.8594,4.4531,6.5391,1.9688
2.125,2.3047,2.3047,2.1953,2.0234,4.4453,9.9063,2.3047
2.0547,1.8672,2.5078,2.3594,2.0234,4.4766,11.086,2.4063
2.2188,2.0703,1.9141,1.8828,2.1406,3.2891,12.547,2.1016
2.4609,2.1406,1.6563,2.0391,1.8906,5.125,9.5859,1.9844
2.6484,2.0391,2.1484,2.2031,1.7656,4.7344,10.289,1.9297
2.4531,2.0547,1.8906,1.8125,1.9844,7.125,16.789,2.5938
2.2422,1.8125,2.0625,1.9688,1.6719,7.0156,13.773,1.7188
2.7969,2.6172,2.3438,2.3281,1.9922,4.6094,18.453,2.4219
2.3203,2.3281,1.9922,1.875,1.7813,4.2656,10.008,2.5625
2.2188,2.0078,2.25,2.1484,1.7813,3.8203,8.9219,1.9766
2.0781,2.0781,1.8984,2.0547,1.8516,3.8438,7.9219,1.8984
2.5469,2.125,5.3281,3.3125,1.9297,5.6094,15.883,2.1484
2.2734,2.3516,3.6016,2.8047,1.7734,6.4844,14.945,2.1641
2.2109,1.9922,2.1172,1.9219,1.5859,3.2578,8.4297,1.8203
2.2422,2.0781,2.7266,1.9766,1.8828,4.1563,10.68,2.1328
2.2813,2.2891,2.2578,2.0859,2.1641,5.0156,8.6016,2.2578
2.3594,2.2266,1.9297,1.7344,1.7188,4.0078,13.086,2.2734
2.3906,2.4453,1.7734,1.9844,1.6719,6.0938,11.492,2.4063
1.8906,1.9219,1.8672,2.0156,1.9375,2.7813,8.5781,1.8516
2.3359,2.5313,6.0156,3.4688,1.8438,2.3516,1.8438,2.0234
4.3438,7.5469,9.5469,5.1797,4.3203,7.0547,11.078,6.0234
2.8281,5.3984,9.6328,4.5703,2.4141,4.2656,7.9063,3.5781
2.9141,5.8438,9.3828,4.4219,2.75,4.9766,15.977,3.8203
2.4063,3.7969,9.7344,4.625,1.7109,3.7422,10.867,3.3203
2.7891,4.9688,8.3359,5.2266,2.3281,3.5469,8.4766,3.1563
2.8203,5.6406,8.6016,4.1875,1.9375,4.7578,10.648,3.6328
2.5234,5.1172,9.0625,4.0469,2.2813,4.0078,10.844,3.2422
2.4609,4.8516,9.0078,4.5469,2.2891,4.0313,11.453,3.3203
2.4922,4.9219,7.8047,5.2031,1.9375,3.6641,9.6172,3.0547
2.7031,4.1484,8.4063,4.4141,2.2813,4.1641,13.992,3.3438
2.8203,6.6016,8.9219,3.7656,2.1406,4.1172,10.539,3.3672
2.8203,5.1563,8.1875,3.9375,2.2891,3.3516,9.2578,3.1563
3.0391,5.8047,9.0391,4.7891,2.2266,3.6172,9.4297,2.9297
2.2109,6.1328,7.3359,3.7188,2.0156,3.9453,11.148,3.375
2.9297,8.2578,9.4531,4.5078,2.1563,3.9688,13.906,4.0859
2.3203,6.1172,7.2656,3.6563,2.2344,3.5469,9.875,3.25
2.6094,6.7734,8.2656,4.3516,2.2969,3.7813,12.578,3.2266
2.4531,6.7813,7.5313,3.8125,2.1563,3.2578,8.5781,3.2422
2.6172,6.25,9.2344,3.8281,2.0625,4.0859,9.2422,3.4297
2.7813,5.6328,8.9688,3.7813,1.8359,3.4297,11.617,3.2969
2.7422,6.6797,9.1953,4.1406,2.2266,4.0156,11.438,3.1563
2.8359,7.1641,10.875,4.3359,2.4609,3.6641,10.477,3.3359
2.5469,6.1875,9.1406,3.9141,2.1016,3.6172,7.7656,3.0156
2.2969,4.7813,9.0234,4.1172,2.1875,3.2422,9.0547,3.625
2.6328,5.7734,8.5391,4.625,2.2578,3.5703,10.844,3.1172
2.5313,5.6406,8.1172,3.4453,2.0391,3.5469,9.2656,2.7813
2.9063,6.8125,9.2422,4.3906,2.2656,3.5,9.5938,3.2109
2.4141,4.3281,8.4688,4.1563,2.2656,3.4609,9.4531,3.0781
2.7813,4.25,8.7969,3.9297,2.0156,3.4453,9,3.2656
2.7109,4.6172,7.6484,3.7188,1.9219,3.1875,7.6406,3.1172
2.1953,4.2891,7.4609,3.3438,2.2109,3.2031,9.1016,3.0625
2.4844,5.2188,7.4609,4.0625,2.1406,3.6875,11.484,3.4453
2.4375,5.0078,7.8125,3.3828,2.1484,3.8047,11.211,3.6797
2.4375,3.6953,8.7813,4.0547,1.75,3.2188,8.3203,3.2656
2.6172,3.6797,7.8438,3.7109,2.0781,3.6094,7.1016,3.2344
2.6563,4.4688,8.4609,3.9922,2.0391,3.1484,8.7734,3.2656
2.4688,8.6875,9.0156,4.1719,2.1484,4.8438,11.789,3.8438
2.4141,4.8906,8.1016,3.7031,1.9922,3.1719,12.453,2.8359
2.8672,5.4844,8.8516,4.5703,2.4609,3.2734,10.07,3.5938
2.6484,4.3828,8.1953,3.5703,2.0078,3.4766,13.602,3.0859
2.6719,5.3281,7.5938,3.5781,1.9766,3.2344,11.977,2.6172
2.8125,3.6328,7.4766,4.4375,2.2578,3.5703,12.063,3.2422
2.3438,4.5469,7.8203,4.1641,1.8906,3.8672,11.148,3.6406
2.5547,4.8047,8.1328,3.8828,2.1172,3.6797,10.031,3.4531
2.4453,4.7734,7.9688,3.3594,1.7344,4.0859,13.109,3.1172
2.4609,6.2344,7.1797,3.8828,2.1172,3.3281,14.102,3.0625
2.8906,7.3281,9.3672,4.5,2.0078,4.2266,11.891,2.9766
2.7422,5.7813,10.375,5.1797,2.1484,4.0859,12.367,3.4141
3.2188,3.2344,13.859,5.5,2.6563,4.3594,13.844,3.0234
2.7656,4.9766,10.523,4.6875,1.9766,3.9141,13.273,3.0078
2.3828,4.0391,9.5547,4.2734,2.0156,3.7969,9.4609,3.1328
2.3203,5.4531,11.016,4.1563,2.0313,3.7188,9.25,2.8359
2.9063,6.3281,9.5078,3.9531,2.0625,3.6953,8.4844,3.1719
2.6484,5.625,8.4844,3.4531,2.1641,4.0781,13.625,3.4375
2.5,4.7656,8.6641,3.8438,2.1563,4.6484,11.016,3.0391
2.4063,4.3984,9.5703,3.7813,1.7813,4.25,15.469,3.4141
2.6016,4.1094,10.273,4.0938,2.2969,3.6172,8.5703,3.4531
2.8594,6.3828,11.586,4.3516,2.2188,4.0156,10.359,3.1406
2.625,4.9922,10.164,3.2109,1.9063,3.6797,11.602,3.2891
2.7031,5.5547,9.6719,4.1172,2.0547,3.5938,10.453,3.0078
2.5781,6.375,8.7656,3.9063,2.4141,4.1641,11.938,3.9531
2.5547,4.3516,10.609,4.0391,1.75,4.3203,10.727,3.25
2.7188,4.7344,10.5,3.6172,1.9922,3.8125,10.18,3.2578
2.3906,3.8203,9.7969,4.1328,2.0547,3.9531,10.773,3.0781
2.7969,6.1094,11.586,4,2.1797,3.8672,12.023,3.3438
2.3125,5.0156,10.484,3.75,2.2109,3.6797,10.555,3.1797
2.6953,7.4922,11.563,3.5156,1.8984,4.1016,10.445,3.5234
2.9063,5.3984,10.375,4.1563,2.1406,4.0781,10.336,3.5391
2.6875,4.5469,11.539,4.3516,1.9766,3.4609,11.281,3.0547
2.6016,4.0547,9.5313,3.9766,2.2344,4.0234,10.773,3.2344
2.6484,5.4609,11.555,4.0938,2.1172,3.3125,10.813,2.9766
2.8203,5.0313,10.07,4.0781,1.8594,4.1094,16.18,3.3984
2.2188,3.0703,10.945,3.9219,2.1328,4.0703,10.992,3.6094
2.4609,3.5156,11.961,3.7656,2.1563,4.3828,13.711,3.3516
2.3516,3,10.063,3.7422,2.0234,4.1797,16.055,3.2734
2.625,5.6719,11.609,4.7813,1.9609,4.5703,13.031,3.5859
2.7578,4.3828,10.516,3.7031,1.9453,4.6094,13.328,3.6328
2.3516,4.1875,10.852,3.9531,1.9453,4.8594,16.469,3.5313
2.6484,4.1953,11.602,3.875,2.0313,4.125,15.961,3.3594
2.5547,3.8281,11.094,4.0781,2.2813,4.25,9.6094,3.6328
2.7656,5.5234,10.063,3.9844,2.1797,3.7109,10.594,3.1094
2.5469,5.6406,9.5234,4.1563,2.3828,3.7813,12.172,3.3516
2.7266,5.5625,11.672,3.5781,1.9375,4.1719,10.969,3.5313
2.6719,5.4219,9.3281,3.9141,1.8047,4.1875,13.016,3.5391
2.7188,6.3672,10.164,3.9297,2.2109,3.9609,11.867,3.4922
2.4141,4.8906,11.586,3.2422,2.3047,4.0313,7.8125,3.4297
2.6953,5.9453,11.82,3.9063,2.1172,4.5078,12.141,3.5234
2.7813,7.6875,10.297,3.2578,2.0469,3.9844,8.2422,3.4453
2.7109,5.6328,10.867,4.1953,2.1719,3.7891,8.2813,3.1484
2.6172,9.5938,10.391,3.3906,1.7734,3.9453,12.102,3.6484
2.8906,6.3125,9.3906,3.7422,2.2109,4.0547,8.7656,3.7109
3.0078,3.6094,9.3203,3.3047,1.9844,4.5547,9.6172,3.8047
2.6797,6.8203,10.656,3.1719,2.1797,4.1016,13.789,3.6328
2.9766,6.6406,11.078,3.4531,2.0156,4.0234,8.25,3.8203
2.8984,5.3828,12.094,3.7969,2.0625,3.8594,8.5,3.0703
2.5391,5.1172,11.195,4.1484,2.1641,3.9922,10.125,3.5859
2.4844,6.5859,10.367,3.4297,2.125,4.1875,9.4453,3.7578
2.9531,6.6719,10.93,3.7266,2.375,4.2891,13.516,3.4766
2.5391,4.6641,10.32,3.6719,2.0156,4.1016,10.086,3.3984
2.6797,5.8125,10.188,3.6563,2.0469,3.875,7.6406,3.1953
2.6875,5.4453,10.523,3.1016,2.0469,4.3672,8.9063,3.3828
2.75,7.5781,11.477,4.0938,2.0547,3.7109,8.4297,3.2891
2.7188,6.3125,10.297,3.8672,2.2188,4.125,7.5938,3.1719
3.1406,6.4609,10.922,4.1094,2.2656,4.1406,8.7266,3.6094
2.625,5.2813,11.586,3.0156,2.0469,3.8125,8.5469,2.8516
2.7266,7.0313,11.938,4.2188,2.0781,4.1016,10.695,3.9375
2.375,7.6016,11.141,3.5391,1.9922,4.2031,14.555,3.4141
2.8125,7.1641,10.992,3.9922,2.0313,4.125,11.086,3.4453
2.5391,6.0781,10.273,3.5859,2.1484,4.1406,11.547,3.3828
2.3984,6.6641,9.5391,3.8594,1.8672,4.2969,10.656,3.7188
2.9609,4.5156,10.438,3.5469,1.7734,3.8984,10.445,3.5313
2.6172,6.7266,12.211,3.7734,1.8281,4.0859,11.43,3.2109
3.9375,5.6719,6.7031,3.1094,3.3828,6.1719,17.336,4.8438
3.1328,4.8359,7.0078,2.3438,2.125,5.4922,14.078,4.9297
2.6094,3.6328,6.2891,2.5391,2.2578,5.3672,20.867,5.0938
3.2344,3.2266,7.5859,2.9141,2.8281,6.8281,24.055,6.25
2.6641,2.9063,7.6719,2.9141,2.3984,6.7891,22.813,6.1328
3.6406,4.5,8.4609,2.9766,2.9766,5.6172,16.672,4.8984
2.5469,3.5625,6.9688,2.5156,2.3125,3.875,14.234,4.3438
2.625,3.2891,6.5391,2.3047,2.2031,5.1797,13.992,5.1016
3.1172,3.4141,7.5391,2.9375,2.4141,4.6953,19.305,4.7578
3.3359,5.0625,6.9844,2.7734,2.5469,5.2422,16.922,5.0547
3.1406,4.6328,6.9375,2.4531,2.0078,5.8516,14.313,4.4453
2.6172,3.625,8.0078,3.0781,2.6094,6.3438,19.656,5.2969
3.5078,3.5,9.0313,2.5313,2.8984,5.5781,20.141,4.7109
2.9766,3.5078,8.4688,2.7031,2.3594,6.3594,19.242,5.6094
3.1563,6.2734,6.5703,2.3594,2.4297,6.75,22.875,5.7109
2.4766,3.6484,9.1094,3.1953,2.3281,5.25,21.961,4.5625
2.1484,3.0078,6.0547,2.1094,2.1094,4.2813,10.813,4.0625
3.9688,7.7031,7.8359,3.1484,2.6953,5.7266,19.922,5.1797
2.4688,4.875,7.6016,2.9453,2.3828,3.8984,16.578,4.3047
2.7188,7.1016,7.2813,2.5938,2.2578,5.1953,30.719,5.0391
3.8516,10.367,8.0859,3.3047,2.8281,4.5625,15.664,4.1406
3.3281,3.7734,7.5703,3.4297,2.7109,5.5391,20.57,5.0547
2.6328,3.3359,6.9922,3.1406,2.2656,5.5078,26.484,5.5
2.4922,3.2109,7.1406,3.0781,2.3594,5.1797,24.609,4.8828
3.0234,3.5,11.109,2.9609,2.375,5.7109,17.188,5.0859
2.6875,4.8516,7.5469,2.6094,2.1875,4.7813,18.258,4.7891
2.7891,3.1641,9.1328,2.6953,2.1875,5.0859,21.961,5.25
3.0938,5.5,8.8594,2.6406,2.7109,6.4063,20.75,5.4844
3.4609,4.6328,10.211,4.0547,2.7891,5.4922,17.492,4.2656
2.7734,3.4219,11.063,3.375,2.1953,5.2422,19.43,4.7188
4.0938,5.0938,9.0078,2.7344,3,6.4766,18.266,5.7813
2.6484,3.1797,9.1641,2.8594,2.6172,5.2344,22.641,4.8672
3.3672,6.5078,9.4531,3.2188,3.0313,6.6328,22.109,6.0781
2.75,3.3125,10.805,2.7344,2.3438,5.1641,24.07,5.2266
2.5781,5.0234,9.7031,3.3125,2.3438,5.8125,27.367,5.1563
3.3281,7.0938,9.7891,3.2266,2.2578,5.625,33.82,5.1563
3.1875,3.5234,11.664,3.2578,2.0078,5.8047,31.18,5.0313
3.1328,6.8203,8.625,2.8906,2.9688,6.3984,34.195,6.1953
2.7578,5.6328,7.1953,3.0547,2.3359,6.2031,24.383,5.1172
2.7656,4.9766,9.2813,2.7969,2.3828,5.2344,20.281,5.1719
2.5547,7.0781,10.188,3.3594,2.0547,8.2578,28.016,6.2266
2.2813,6.4922,9.9297,2.7188,1.9609,5.2578,23.742,4.2344
2.5156,5.4844,10.938,3.4375,2.4688,6.4609,21.969,6.125
2.3203,4.8516,9.1641,2.7266,2.1016,6.0391,30.563,5.3203
2.4844,5.2656,8.0469,3.1172,2.2578,6.3516,34.688,6.6953
2.5781,3.5313,9.2813,3.2578,2.2188,5.8281,26.766,6.1016
2.4844,4.3984,10.32,3.2656,1.9141,5.5469,23.789,4.9531
3.3672,8.5938,8.6563,3.2344,2.6406,7.1875,30.633,5.9297
3.0781,7.5781,9.3984,3.2344,2.7422,5.5234,21.461,4.3594
2.8828,4.4531,10.813,3.0078,2.2813,5.6328,25.328,5.9063
2.8594,6.2891,9.7344,3.7891,2.6719,5.5156,15.773,5.3828
3.4609,9.5,11.805,3.8281,2.6719,6.4609,32.828,7.0391
4.125,12.453,10.367,3.3828,2.8828,6.9141,32.656,6.7656
4.2266,15.953,10.633,3.3203,2.9219,8.4063,28.781,7.6797
4.0234,15.195,10.484,3.8594,2.8906,7.2656,35.227,6.2188
4.6094,14.328,10.438,3.4219,2.9141,7.0469,29.727,6.5156
4.1406,15.016,10.484,4.0078,2.4297,5.9922,21.367,4.7969
3.7969,14.078,8.6172,3.5391,2.7969,7.3828,32.539,5.8438
3.4766,11.211,10.414,3.5938,2.6563,6.7578,29.398,5.4297
3.6094,11.828,10.227,3.0703,2.3516,6.5391,25.102,5.1094
2.7813,9.8281,10.617,3.4063,2.7734,5.5234,25.047,6.4453
3.1328,8.6719,10.188,3.5859,2.6172,6.0234,24.227,5.0547
3.8438,16.305,10.695,3.6641,2.8594,5.5234,23.516,6.1641
3.4609,9.3281,10.203,3.5938,2.3828,7.1094,28.078,6.2578
3.3516,9.1328,8.3438,3.3125,2.3125,4.4219,16.023,4.4766
3.2344,12.102,9.9375,3.5234,2.2969,6.0547,24.445,5.4453
3.6563,12.828,8.9688,3.3359,2.4063,5.6172,28.305,5.5625
3.0703,9.5,8.5625,2.8984,2.3203,7,26.195,5.5391
3.2266,10.938,10.117,2.9922,2.6563,6.4297,24.398,5.6641
3.8516,11.406,8.8125,2.9453,2.2969,5.5938,27.281,5.1406
3.9609,13.797,10.594,3.4609,2.3203,6.3047,19.242,4.625
4.2344,18.852,13.203,4.1719,2.4297,5.6406,26.633,5.3359
3.75,11.859,12.727,3.4609,2.8672,6.7266,28.672,5.8203
4.1641,13.156,9.2422,3.3125,2.3984,5.375,19.047,5
3.3594,12.688,10.102,3.4375,2.4141,6.3281,26.648,5.6719
3.1797,12.859,11.5,4.2813,2.7266,6.5781,31.617,6.1406
3.8281,14.453,9.7344,3.9688,2.4688,6.3203,19.141,5.25
2.5703,4.9531,10.992,3.9141,2.2969,5.2422,22.414,4.4688
2.5547,3.8516,9.9844,3.3984,2.1016,5.7969,30.734,5.2031
2.5625,5.3828,9.0391,3.3281,2.1406,6.4531,23.32,4.75
2.6484,6.3516,8.6406,2.6797,2.3125,6.8281,23.742,5.7891
2.6563,5.0938,9.6094,3.2969,2.2422,5.0703,32.594,5.3672
2.5703,5.3125,9.3047,3.5938,2.2734,7.0703,25.711,4.8359
2.8125,4.9297,9.0078,3.375,2.4375,6.4375,31.078,4.5469
2.6328,4.6797,9.5078,3.0703,2.2188,5.5469,27.891,5.5703
2.9453,6.5547,10.609,3.2969,2.5938,5.3125,17.648,4.8438
2.2969,2.9375,9.0078,3.1172,2.1641,6.1641,25.242,4.4219
2.3125,3.4219,9.8672,3.4844,2.1406,5.3828,26.633,5.2578
2.5313,4.7813,9.6953,3.3281,2.5859,6.1406,27.297,6.2031
2.5156,5.9375,8.6563,2.5625,2.1563,5.3203,29.633,4.2734
2.6016,5.6406,7.2344,2.5781,2.4531,5.6641,27.313,5.0234
2.5234,6.2969,8.5078,2.7891,2.3359,5.8203,31.523,5.2422
2.6797,6.4141,8.2656,3.0703,2.4609,5.3984,24.781,4.8984
2.6875,4.6953,9.7422,3.3203,2.3516,6.6797,31.07,5.7422
2.4844,4.4219,8.1875,3.0156,2.2969,6.2188,28.234,5.7969
2.2031,5.3281,7.5547,2.9375,2.1172,6.2969,28.57,5.7031
2.8984,4.2109,9.3594,3.1406,2.1563,7.2109,30.344,5.9375
2.8516,4.4063,10.672,3.5156,2.7266,5.9141,32.266,5.1953
2.4609,5.4375,8.4766,3.2813,2.4453,5.1953,25.141,4.6719
2.3281,4.4219,7.2031,2.5156,1.9844,4.7344,22.477,4.2109
2.5938,3.5313,9.5547,3.9297,2.5469,7.2109,25.703,5.3359
2.6016,3.7422,7.6016,2.9375,2.1719,6.1641,26.641,5.7891
2.6641,3.7656,9.7578,3.5156,2.2656,6.5547,29.93,5.0078
2.5781,4.5156,9.6016,3.2344,2.4141,6.8828,27.891,6.0391
2.9531,8.9375,10.32,3.7031,2.4297,6.7656,31.625,5.75
2.6094,4.4219,8.9609,3.1797,2.4297,6.1719,31.844,5.4609
3.125,5.3906,10.242,3.3516,2.6953,6.0234,29.531,5.3594
2.8828,5.8438,8.5625,3.3125,2.3516,4.9688,26.102,4.5938
2.6563,6.6953,11.445,3.2813,2.2031,5.6328,20.93,4.3516
3.2422,6.4844,8.6953,3.2266,2.2656,6.3359,24.477,5.5234
2.5938,5.4453,8.5938,3.3359,2.4766,6.7578,25.305,6.9219
3.1875,11.867,10.367,3.4844,2.1172,5.5234,31.297,5.7969
3.9219,15.492,28.508,9.0313,3.0625,2.3125,2.6016,2.1328
15.133,21.938,47.508,17.18,4.6641,3.3516,8.9609,6.2109
24.867,32.594,58.383,17.172,4.875,4.8203,6.6797,7.9688
18.703,30.203,62.336,17.094,5.1016,5.1484,14.969,8.6953
22.781,34.031,60.461,21.75,5.9375,4.6719,14.688,8.9766
31.82,32.219,53.219,25.781,7.5156,6.8203,10.945,11.023
24.305,36.695,65.922,22.234,5.4297,4.2344,12.711,10.117
23.547,28.148,51.305,18.742,5.0781,6.4375,13.953,7.6953
26.664,31.664,58.508,22.273,5.8594,7.0938,16.742,10.969
26.289,30.523,60.102,27.422,7.3594,6.9063,19.547,10.648
27.344,32.492,61.281,26.641,7.7422,4.9609,11.695,9.9375
23.906,22.852,50.547,19.891,5.4688,3.2188,7.4922,8.3047
24.453,27.016,51.32,23.914,5.9375,4.4609,11.5,8.7734
25.984,31.867,53.172,22.523,5.5313,4.4922,11.086,7.5
34.078,43.93,61.813,35,8.4297,7.8672,19.531,14.359
26.133,33.148,64.664,31.898,8.25,6,14.242,8.2422
29.758,27.648,69.359,32.141,7.4531,6.2578,11.68,10.039
24.266,35.461,77.906,27.203,6.3438,7.4844,24.516,9.6172
17.359,29.109,76.313,31.969,7.9375,8.2266,25.859,8.3516
19.211,32.258,75.086,30.453,6.8203,5.4141,16.211,7.1406
26.602,35.453,75.164,22.289,5.4141,5.1094,13.078,7.9688
20.281,33.102,66.867,19.531,5.2578,5.1172,13.742,6.5859
31.266,36.141,63.555,22.641,6.0313,4.9922,16.773,9.7969
23.07,37.219,75.984,27.656,7.625,10.164,45.828,9.4766
24.594,27.273,69.883,23.945,5.8672,4.4766,9.2344,7.3672
18.648,28.313,78.711,25.438,6.1328,4.1094,7.7422,6.7031
23.742,44.375,84.992,24.711,5.8125,4.9375,20.773,9.3125
36.445,34.047,80.656,31.953,7.7734,4.9922,9.8125,10.93
18.359,27.188,77.945,19.336,6.0234,4.9688,10.25,6.2734
23.227,33.828,77.906,27.852,6.7266,4.9063,11.016,9.1719
24.133,39.563,70.258,24.836,5.5547,5.0313,17.516,7.4766
26.953,28.008,62.734,20.938,5.1641,4.5547,14.742,8.9375
28.141,44.242,69.406,31.578,7.9141,4.6016,10.672,8.1328
24.086,22.898,54.328,25.055,6.5313,8.7656,10.234,7.4844
25.813,32.086,59.922,25.031,6.5391,4.6563,10.406,9.2344
30.453,41.023,74.789,19.883,5.8984,4.6484,9.0781,10.625
26.93,41.836,77.531,23.313,5.0391,4.1016,8.5313,9.5938
29.922,43.453,85.57,25.242,7.1016,4.9688,10.523,12.109
26.148,39.906,78.195,22.578,5.9609,5.1094,18.266,9.0859
19.211,29.484,58.133,25.617,5.6641,3.6484,10.117,6.7422
15.945,29.68,70.688,25.805,6.4531,4.8672,17.195,6.7969
21.219,31.805,73.336,25.68,6.4219,5.1563,12.133,8.8594
20.914,35.148,71.82,27.922,7.2422,5.2344,15.867,7.8516
24.555,27.281,73.305,23.609,5.9297,5.5703,11.219,7.8672
20.992,31,78.141,31.875,7.4531,5.7266,12.734,8.3438
30.742,32.992,74.734,26.477,6.3828,4.8516,15.594,9.5469
13.875,25.008,64.531,27.219,7.0938,3.8984,6.7344,5.2969
26.32,28.602,72.641,30.359,6.4844,5.375,15.602,8.7813
26.766,41.75,84.789,33.078,7.6172,5.3594,15.758,10.922
27.477,35.164,80.688,31.992,8.2969,6.5625,17.531,10.242
20.016,30.977,68.648,31,14.109,7.5234,20.078,9.0625
29.313,37.172,67.523,26.656,6.9688,5.6328,19.938,9.4609
23.063,27.984,67.758,33.375,8.0391,5.1641,11.672,7.7031
24.789,31.789,60.578,31.578,6.9766,6.0469,22.578,8.7031
17.375,7.375,28.883,8.7813,2.7891,4.3672,18.82,10.211
13.445,8.1016,30.492,9.1875,2.5547,3.3516,13.945,6.75
16.055,6.9453,29.938,7.8359,2.9375,3.8594,16.836,8.8984
9.5078,4.6406,29.57,7.2266,2.1172,2.2344,9.3672,8.8203
9.1641,5.0391,32.5,6.8516,2.0391,1.6719,6,8.8125
13.922,5.875,32.742,7.9453,2.3438,2.9375,22.266,9.5391
10.5,5.7422,37.055,11.805,3.0859,3.5547,23.477,11.43
14.531,6.6563,37.617,7.7344,3.0469,5.2422,21.453,10.102
11.711,7.5703,31.094,8.0313,3.0391,4.6563,41.594,10.703
11.281,6.4922,36.672,9.4453,2.5391,2.9063,20.031,14.961
13.711,6.8672,34.18,10.078,3.4766,4.9141,14.633,15.602
20.078,7.7188,33.805,12.234,3.375,3.5547,12.578,10.047
17.828,7.0156,33.523,8.8594,2.9219,2.7031,5.8672,9.1953
5.0234,4.3438,23.977,8.6953,3.125,1.8281,5.3984,7.75
6.5,4.6328,27.211,8.25,2.5078,2.2891,10.156,12.039
4,5.3203,31.117,9.2969,2.9219,2.1016,11.289,11.43
10.891,5.1484,37.195,10.75,2.8516,1.6016,5.5078,10.047
18.203,5.9063,34.102,8.0078,2.5156,2.1094,8.0781,7.7656
9.2813,6.3047,36.055,6.8047,2.3125,2.8203,10.523,14.258
10.43,6.0625,40.195,8.7344,2.6797,2.5781,14.07,15.703
17.281,6.2969,28.328,8.2188,2.6563,2.3281,4.3047,7.4375
4.4922,6.0234,43.039,7.5,2.5,2.8516,15.156,13.672
9.5,5.6406,39.664,8.7969,2.5781,2.3438,9.9453,12.055
18.07,7.3047,39.352,8.8281,2.6484,2.4609,12.188,12.43
5.9453,5.8906,42.063,7.9453,2.7734,2.1094,13.672,15.555
12.75,6.2188,30.906,7.7344,2.4219,2.3906,8.0625,12.211
7.9688,5.4531,23.07,8.5313,2.7109,2.0234,2.3828,5.9688
9.3359,5.5938,42.813,8.4141,2.5313,2.3828,8.2266,11.594
27.758,9.3047,29.539,8.5703,2.9219,2.4922,12.406,10.844
5.2422,4.9219,27.719,9.0938,2.1797,2.0313,7.9766,10.055
4.9766,4.9844,37.297,8.0625,2.8438,2.5156,9.5,11.914
14.773,8.5313,37.469,7.5,2.2344,2.0234,4.5938,7.9219
9,6.7969,30.43,8.2969,2.8359,3.125,6.7891,8.4141
3.5938,4.3281,39.938,6.8203,2.2109,1.8594,6.5859,9.6641
7.2734,4.7656,31.055,6.8203,2.3203,2.5,10.977,11.172
12.805,5.4453,33.664,8.3516,2.6875,1.9609,7.7266,10.805
15.039,7.6484,36.242,7.6953,2.1875,1.9219,6.5234,10.828
4.5547,4.3203,24.164,7.6719,2.5859,2,5.7344,8.6094
5.375,5.4922,39.758,8.0703,2.375,1.6797,6.9922,10.914
13.578,6.2734,30.578,9.3203,2.3828,2.0859,7.7734,13.031
4.6563,5.6172,33.641,7.5156,2.9297,3.0078,9.6797,12.102
3.8828,4.4375,27.977,7.9922,2.5859,1.9063,6.1328,9.4375
3.9219,3.9922,29.609,7.3516,2.0938,1.6094,4.0078,8.3906
5.1875,4.7578,27.898,8.2578,2.4063,1.5703,4.7344,8.5938
4.875,4.6953,37.008,8.25,2.4844,1.8281,5.8125,7.5703
7.4297,4.3359,28.75,5.875,2.125,1.7891,6.6016,10.117
6.5547,4.5625,24.969,7.4766,2.1172,2.3281,10.039,9.7422
5.0313,5.9063,34.445,8.4922,2.5938,2.5547,7.8281,10.211
3.4219,4.0547,29.844,8.2734,2.9453,1.8125,5.2734,8.5078
6.3281,5.7031,39.922,8.8672,3,2.5234,5.7969,9.2109
5.0859,4.8281,29.5,6.6563,2.75,3.1406,5.1406,8.3438
25.688,11.164,15.086,5.1328,2.5313,4.6797,29.469,13.961
23.195,9.7891,17.508,4.3906,2.4922,5.5469,26.844,13.477
26.047,8.4688,9.5547,2.8203,2.0234,3.1406,9.4219,9.2813
20.414,7.5391,13.32,3.6406,2.2734,3.7891,20.094,11.414
18.891,9.1641,16.258,6.3359,2.8125,3.2422,19.531,12.719
30.141,12.375,24.258,6.375,2.6484,2.8281,9.1719,9.5391
42.625,10.945,18.578,6.5469,2.8438,3.2969,9.4609,10.305
23.773,8.2813,19.539,6.7109,2.9922,3.0859,10.281,11.445
24.711,10.07,21.453,5.6563,2.8438,3.2422,20.727,15.414
24.508,10.867,27.711,6.8594,2.7734,3.0703,15.414,8.4922
27.922,10.539,25.109,5.9219,2.625,3.0469,10.203,12.125
18.523,7.9609,33.867,5.9844,2.9297,4.0313,28.688,16.781
29.883,9.8594,20.344,4.9375,2.2031,3.0703,22.688,19.961
25.898,9.0625,20.703,5.6484,2.7344,2.9531,16.914,14.664
41.406,14.656,27.953,6.3281,2.9609,4.2031,20.547,15.266
51.914,18.516,26.195,5.3828,2.6406,3.1328,8.4531,13.984
35.68,20.242,23.438,5.8906,2.875,4.2422,31.188,16.586
34.039,12.914,24.914,6.4297,2.6641,3.0156,12.93,14.5
33.141,12.883,28.375,6.1016,2.4844,3.4141,14.25,13.656
45.844,18.469,19.547,6.2969,2.6797,4.2422,19.445,9.7734
48.781,17.117,19.563,4.0859,2.5938,3.5,7.8828,12.867
35.93,10.258,16.32,4.0313,2.2813,2.6328,7.1016,11.57
32.367,11.703,18.023,4.2969,2.4141,3.6016,17.773,13.508
43.266,13.188,33.227,6.1563,2.5234,3.4375,24.281,14.055
30.586,8.6563,27.063,4.9688,2.3984,2.4922,14.93,15.156
42.047,15.555,23.609,3.7813,2.6172,3.0391,12.641,11.875
46.313,16.359,22.195,4.0156,2.1406,3.1016,8.9063,10.625
42.328,15.148,16.25,3.3672,2.2344,2.8125,9.1484,10.188
42.086,12.695,28.344,5.1797,2.6406,3.1016,10.438,14.375
41.352,16.086,21.758,4.25,2.8438,3.5781,9.5156,14.422
52.055,15.086,24.164,6.0547,2.9063,3.6641,18.906,16.258
24.086,8.7891,27.141,6.5156,2.9297,2.7656,10.531,15.625
38.313,18.734,26.375,6.75,2.5781,3.5859,16.547,16.805
53.914,17.063,25.453,6.2656,2.6641,3.3125,8.0781,12.125
28.234,12.758,26.023,5.2969,2.3594,2.6563,9.4688,13.102
27.602,9.4531,23.813,5.8047,1.9688,2.4766,7.7109,13.063
37.289,15.625,25.172,5.25,2.8438,3.0313,8.8281,14.641
41.164,11.711,19.227,5.1797,2.7891,4.3438,20.758,15.219
48.023,16.961,25.82,7.3594,2.7109,4.4141,30.094,12.93
37.773,10.945,28.609,6.1484,2.6328,2.9922,12.5,14.758
44.82,14.938,29.922,6.1016,2.6484,2.3828,12.219,11.539
42.109,13.898,27.008,6.1875,2.4297,3.0469,14.906,12.734
34.094,12.555,26.992,6.9063,2.4375,3.3125,11.953,11.727
29.867,8.5469,33.75,7.8203,2.7109,3.0078,15.297,15.422
37.336,12.789,32.039,6.2656,2.8203,3.8281,25.625,12.992
34.273,9.3828,27.063,6.2188,2.8516,3.4453,19.594,15.438
31.305,10.141,26.406,6.4219,2.5859,3.0625,8.9922,10.898
21.75,6.9609,27.898,5.4688,2.4609,2.7891,17.953,14.539
27.922,10.031,29.078,5.8438,2.5625,2.8438,13.227,14.148
27.328,9.5625,22.914,6.3672,2.4297,3.2344,13.469,12.57
19.719,8.3516,30.383,5.25,2.2266,3.1875,10.555,12.047
17.711,12.719,24.578,6.3672,5.5859,7.6328,7.6719,7.2891
17.688,12.617,20.969,6.1328,5.25,5.7813,5.1719,6.7734
18.852,15.734,28.828,7.0156,5.7109,7.5156,10,7.6016
20.508,16.852,23.078,7.9141,6.5391,9.9141,13.055,11.492
20.945,16.867,34.375,9.3203,5.5156,7.4063,13.297,9.7578
20.633,16.953,28.875,10.188,5.2734,7.2969,12.852,9.7656
15.781,16.188,48.227,10.125,6.8516,10.328,10.375,7.125
18.867,14.43,25.734,6.7188,5.3359,7.9922,6.9609,6.3984
13.227,11.484,22.195,6.8672,5.5938,7.1328,7.3516,6.7109
10.82,11.438,26.734,6.6953,5.7813,7.2109,7.1172,5.6406
11.82,6.5234,31.289,10.008,4.7109,5.2578,11.641,7.25
9.2734,4.2266,29.109,9.5313,4.5,3.8047,8.9453,8.5391
7.5078,6.1094,24.688,7.3672,3.6641,3.5391,6.5313,5.5234
7.0469,5.8594,24.938,7.4609,3.6641,3.6094,6.0156,5.0313
7.375,7.3906,25.305,7.2422,3.2188,3.4453,7.1484,5.7188
6.9531,6.3438,20.953,5.2266,3.0234,3.0859,5.1797,5.2266
6.4531,6.0156,20.484,4.6641,2.9688,2.9219,5.9297,5.1719
6.6563,7.7188,21.477,5.9453,3.7344,3.2891,4.9219,4.3672
6.3984,8.0859,27.219,6.1484,2.7813,3.1094,4.6719,4.3594
7.8438,7.0313,26.195,8.2422,3.5938,3.75,7.7891,6.4531
9.3125,19.484,31.266,9.4688,4.875,6.0234,9.3906,5.4297
9.4297,16.508,29.313,7.9297,3.7656,4.1875,7.5938,5.2813
10.195,13.438,25.07,7.5781,3.7813,4.4766,7.9141,5.9766
14.414,12.602,22.57,7.8594,3.8984,4.9531,8.1797,5.9219
11.992,16.438,27.867,7.8047,4.2344,4.3438,8.8906,7.625
25.117,17.961,29.969,9.2891,5.0313,6.1875,7.3125,11.914
21.883,17.984,30.516,9.8359,6.2813,8.2734,7.9531,11.047
14.773,15.602,28.086,9.1719,4.8516,6.25,8.4297,6.8906
13.461,19.039,27.688,9,4.1953,5.1406,7.8984,6.0938
18.703,20.352,34.789,9.2813,4.1875,4.0859,9.3125,8.8984
4.0703,12.742,11.906,3.5469,3.5391,6.8047,12.594,4.1641
1.9922,3.6484,5.0781,2.1797,2.4844,4.4453,11.289,3.5078
2.9531,2.9063,5.9297,2.7578,2.8438,5.4063,7.9375,4.125
1.9063,2.2656,4.5859,2.6016,2.1875,4.6563,6.5078,2.5703
2.3281,2.9375,6.2344,2.5,2.4063,5.0781,7.6016,3.1016
1.8594,2.2188,6.6406,2.2734,2.2109,3.9141,6.4297,2.7813
1.6016,2.0859,5.0938,2.3281,1.9063,3.1875,6.9375,3.0547
2.0781,2.4453,4.4844,2.4609,2.5313,4.8047,9.7578,2.9453
1.7188,2.5313,8.6172,2.8203,2.5078,4.8438,8.5703,2.5547
1.8906,2.0938,3.4297,2.6172,2.3125,5.1953,7.3281,2.2969
1.9453,2.9531,3.7891,2.8359,2.7266,4.5469,7.3203,2.7031
1.625,2.2109,3.3516,2.4922,1.8984,4.2734,10.531,2.6406
1.6719,2.0625,4.4297,2.0469,2.3203,4.8828,5.6641,2.7109
1.4531,2.0391,2.2578,2.2422,2.2578,5.1484,7.0078,2.8594
1.4609,2.4375,4.6484,2.6406,1.8047,4.8594,4.5625,2.3281
1.9219,3.0781,6.1797,3.2266,2.625,4.7969,6.8125,2.3125
2.1719,1.8125,6.3516,2.6563,2.4063,4.5234,8.0078,2.875
1.6484,2.5703,3.7031,2.4063,2.0391,4.8516,6.8984,3.5
1.9766,3.5469,6.1094,2.5469,2.3359,5.1797,12.258,4.2891
2,3.2813,6.5078,2.4375,2.0156,5.9922,5.9844,3.2344
4.1328,7.8594,21.414,6.3438,2.3672,1.8984,4.3906,4.6953
4.5625,6.6484,20.898,6.625,2.6797,1.9141,2.2578,4.4766
6.1563,6.8281,22.258,6.1875,2.6484,2.0547,3.2188,7.6563
5.2109,10.523,25.344,6.9375,2.9609,2.3047,3.6328,6.2813
5.4609,7.0078,20.414,6.3672,2.6797,2.0391,3.6406,7.0391
5.5547,9.0313,26.867,6.3672,2.9063,2.125,2.7891,6.3359
4.5703,8.5469,30.57,6.4375,2.7891,2.1484,1.8438,5.3438
6.3906,15.852,36.141,8.9219,3.3047,2.3203,2.5313,6.6328
7.8047,14.5,33.266,8.1563,3.6172,2.6016,3.625,7.625
7.7344,9.9297,23.125,7.3828,3.2188,2.5469,4.5859,9.25
3.9531,3.7422,6.6328,9.4844,7.4219,2.3125,4.2656,10.094
5.3281,4.2891,8.2109,7.75,8.3125,2.4297,3.5469,8.5859
3.4219,3.2344,5.2656,7.5313,7.1563,2.0859,3.3672,8.7188
2.9922,3.1719,6,8.5938,6.5,2.3203,3.4688,8.0938
4.3984,3.375,3.9297,6.75,7.7188,2.1875,4.4766,12.898
3.1719,3.2266,6.2969,7.25,5.1875,1.9375,3.5781,10.953
4.1484,3.875,8.7734,7.5938,7.9297,1.9297,3.875,10.148
3.1953,2.6094,4.7578,6.9688,7.1094,2.1563,3.1953,8.6563
3.6406,3.5078,5.0469,6.375,6.9844,2.2422,3.4766,8.0938
3.375,3.0078,5.1484,6.4766,6.7344,2.0938,3.3047,8.7109
5.5625,8.125,5.1094,8.6563,3.875,4.1328,14.234,5.5313
6.7734,6.9531,5.1719,9.2734,3.6094,4.9922,16.961,6.3984
7.4063,8.7188,5.8984,9.2109,3.8594,4.7266,15.367,5.8516
8.6172,9.1484,4.8906,8.9609,3.6953,5.8125,19.523,8.3125
7.4141,6.125,5.6563,10.563,3.5391,6.2266,22.586,9.6797
8.0391,11.164,7.3438,9.5391,3.3906,4.7109,18.914,7.2266
8.8438,17.813,10.133,9.3281,3.7813,7.2813,25.547,10.844
7.9219,12.18,7.1875,10.57,3.6094,5.4453,20.18,7.0313
8.8828,20.008,8.7031,9.6094,3.2969,4.7891,15.133,5.8438
9.125,15.32,6.6172,9.6094,3.3828,4.6406,15.773,7.0391
4.5,6.1719,22.023,10.203,5.0625,4.3594,13.922,11.594
4.0938,5.8906,24.445,10.023,5.1406,4.8594,13.625,11.648
4.2266,8.5,15.266,6.0703,4.125,4.1016,12.648,9.4219
3.5547,3.3203,12.063,5.7891,3.6172,3.9063,14.922,11.008
3.1484,5.375,20.617,8.5625,4.7109,4.1641,11.063,8.6484
3.1016,4.3828,18.141,7.0781,4.5234,4.4688,12.18,8.5859
2.7813,4.2734,24.422,6.0391,4.1172,3.4063,11.578,7.7578
3.4219,5.4531,16.906,4.9141,5.0313,6.3984,11.133,9.125
4.0078,4.2969,19.438,4.2344,4.5781,4.6016,15.602,11.93
2.7734,3.7422,21.344,4.0859,4.2188,3.5938,10.414,7.7031
3.6094,5.1563,20.242,5.2344,4.2578,3.9688,11.172,8.1328
2.6016,8.5781,28.922,10.602,5.6406,5.2891,8.5938,5.5234
3.6016,6.3984,26.203,13.234,4.8281,3.9922,11.32,8.4766
2.4531,3.25,18.273,9.7734,4.6875,4.2578,11.453,7.4063
2.8516,5.2031,17.82,10.773,4.2422,3.8672,11.07,7.6016
4.0781,4.5625,19.586,9.8594,5.3516,4.8203,14.047,9.9844
3.3203,5.9453,25.57,10.75,3.7188,4.0234,7.3828,6.2188
3.8828,6.9922,20.883,11.344,4.6719,4.5391,12.016,10.961
2.8828,3.9297,17.234,9.6328,5.1406,7.7109,12.375,7.3047
3.4688,6.6094,26.359,9.8203,4.9531,6.3672,12.898,10.023
19.703,12.195,40.203,4.7578,2.8281,8.0938,11.063,5.1484
26.352,14.945,31.688,6.4219,3.1797,6.6563,15.117,6.625
15.258,15.602,44.891,7.0156,2.8906,9.1172,14.984,4.9766
18.203,15.07,45.719,7.7344,3.6484,8.6953,15.023,4.5703
6.9766,8.5859,38.672,5.0781,2.7031,10.164,15.273,3.7969
18.656,13.469,55.227,7.4453,2.8906,7.9141,23.594,5.3203
16.32,12.352,46.688,6.4844,3.0156,8.5781,12.625,4.1406
6.0703,9.5703,46.172,6.8828,3.1094,7.7969,19.234,4.6172
9.5781,12.773,34.547,6.4219,2.6797,10.156,19.797,4.4063
8.5234,9.9297,41.375,6.7969,2.8594,7.6406,20.922,4.0234
7.9922,10.297,42.57,5.6172,2.8125,9.9375,16.047,3.4844
10.766,10.836,32.93,4.4219,2.3594,7.8828,16.891,3.7266
17.406,12.281,49.609,6.1094,2.8438,8.4688,19.188,4.5078
7.9297,9.0156,47.523,6.6875,2.9844,11.219,28.844,3.7188
9.1016,5.9688,31.414,5.1719,2.7031,3.8906,22.82,4.6328
21.352,7.2969,40.172,5.7578,2.5078,10.242,24.844,4.8984
20.734,10.945,36.008,5.2656,2.9297,8.8281,24.375,5.8516
19.125,11.805,48.383,6.9531,2.7734,10.297,15.875,5.7734
21.469,9.3828,34.047,6.6484,3.0313,8.5547,21.57,5.7656
13.289,11.516,40.922,6.6641,3.2734,10.07,14.156,3.9219
9.3594,6.5156,20.023,3.2969,2.5234,2.3203,2.5625,4.1484
6.4688,5.6797,22.563,3.6563,2.6094,2.0313,3.0859,4.0469
5.375,4.8594,20.063,3.4219,2.5938,2.3984,3.9219,4.1484
4.4297,4.4297,14.727,2.7266,2.1328,1.8438,3.1563,4.8672
4.7969,4.4141,18.719,2.9844,2.2578,1.8203,3.1094,3.7969
5.1328,3.9844,17.641,2.9219,1.8359,1.7969,2.6328,3.2031
5.4219,4.2891,15.586,3.5391,4.25,2.6953,3.9453,4.9766
6.4688,5.5078,17.836,3.3516,2.3594,2.1563,3.1875,4.5625
4.5078,3.9766,19.117,3.0234,2.0234,1.7422,2.0469,3.4297
4.9453,4.25,14.781,3.2969,2.2813,2,2.5469,3.6094
4.9766,4.2813,17.141,3.5469,2.2656,2.125,3.1016,4.7969
5.9297,3.6641,14.734,3,2.1328,2.375,3.4531,3.7969
5.4141,3.9766,16.813,3.0156,2.0313,2.0391,2.2734,2.9688
4.1797,4.3047,14.141,3.1484,2.0156,1.9219,3.1563,4.5156
5.5078,4.2031,17.148,2.4141,2.0703,1.9375,2.0313,3.125
5.8594,4.5859,15.773,3.2031,2.2891,2.125,3.2422,4
5.8203,4.2734,18.773,3.1797,1.7734,1.8438,2.7578,4.5859
4.4844,3.9766,17.109,3.5156,2.1016,2.0078,2.0781,2.9141
5.2266,4.1406,18.094,3.4141,2.3594,2.0156,2.7188,3.6328
3.8594,3.3125,14.266,3.4844,2.0625,1.7422,2.8281,3.625
4.2344,4.3203,20.117,4.0078,2.6094,2.0078,2.2344,3.2891
9.8594,9.1094,20.211,6.0938,3.7734,3.3359,3.7656,4.0859
5.4375,6.0859,20.305,5.1484,2.5859,1.9531,3.3047,4.7578
6.1484,5.8984,17.367,4.0781,2.3984,3.3594,3.2656,3.8125
7.0859,6.1328,16.148,4.8672,3.1328,2.4609,5.8359,5.8906
4.375,6.0156,18.273,5.3281,2.8828,2.3438,4.1016,5.8203
7.8984,6.0078,20.938,4.3906,2.6875,2.3281,3.6953,4.2188
9.3828,11.609,18.656,4.5547,2.7969,2.2422,3.6172,6
7.0234,6.6328,19.82,4.4922,2.2031,1.9375,4.2031,7.1484
6.0625,6.0625,19.211,5.7422,2.5313,2.1328,3.6641,4.3906
10.289,4.3203,18.266,4.9531,2.4688,1.8125,3.0938,4.875
9.3984,7.0234,17.18,3.9453,2.9297,2.1641,2.7656,4.4609
5.1172,6.1328,20.359,6.8828,3.0859,2.8516,3.2656,3.7891
7.1875,5.0781,16.625,5.1016,2.3516,1.8516,3.7188,4.8125
5.9844,4.5703,13.391,5.1875,2.3203,1.8203,2.75,4.6563
4.9297,4.2891,20.992,5.6016,2.7031,1.8125,3.2344,3.4063
5.0938,5.8438,15.719,4.8281,2.1953,1.9453,2.9922,3.75
6.3125,4.5781,14.898,6.4453,2.9297,1.8672,4.4531,7.4141
3.7813,4.125,16.078,4.3828,2.6719,1.8203,2.8672,3.3906
4.3594,3.6328,12.188,3.9922,1.9609,2.1328,2.4844,3.7578
4.8672,4.5703,14.609,4.0234,3.4766,3.0703,5.5391,3.4219
22.781,7.8672,9.3281,3.7734,2.2266,2.4688,5.1328,6.1563
26.039,6.7266,7.7266,2.0313,1.8281,2.0391,3.875,5.3516
11.078,4.8672,5.8125,2.3906,2.1797,2.2188,3.9766,4.6719
18.633,6.0703,8.4375,3.1016,2.4766,2.5469,3.6953,6
23.289,7.375,4.1797,1.9297,1.8594,1.8594,3.5,4.6172
25.922,7.7422,3.8047,1.6484,1.7109,2.0703,5.3672,7.6719
24.203,6.2969,6.9766,2.8359,2.3438,2.2422,6.1094,7.4297
17.5,6.875,6.9141,2.5781,2.3281,2.2031,4.6563,5.1094
27.586,8.2813,7.8047,2.7266,2.5547,2.3125,3.5234,6.3828
16.063,6.1875,7.2109,2.6406,2.1484,2.0078,3.8828,4.5234
28.922,8.1797,8.2422,3.6875,2.3203,1.9375,3.0078,5.1328
14.242,5.5391,8.5078,5.2422,2.6797,2.1797,3.3984,4.9531
23.273,6.7422,6.4375,3.2891,2.1719,2.0313,3.0313,5.5
15.602,5.7109,10.227,2.9766,2.5547,2.3438,4.1953,5.4375
11.406,3.3828,7.6016,2.6016,2.3984,1.9688,3.2422,4.2891
16.773,5.9141,6.3594,2.2813,2.3984,1.9531,4.7813,6.9141
19.063,8.1094,6.5703,3.0547,2.3906,2.0469,4.4844,4.7031
24.055,7.25,7.0547,3.7344,4.3438,2.25,6.2578,7.3438
19.906,6.7813,7.25,3.6953,2.3594,1.9141,3.3672,5.5625
12.445,4.2344,6.6172,3.625,2.2578,2.0234,3.5078,4.625
13,7,17.43,12.82,13.891,3.1406,8.0703,8.2969
10.523,4.7813,20.227,11.805,13.805,2.9375,9.9766,8.2188
5.9219,4.3125,17.984,10.875,13.633,4.0313,5.3203,6.3984
7.4609,6.1953,24.109,9.2656,11.047,3.3828,6.5625,5.6016
10.805,5.5781,20.844,8.8984,12.766,3.625,4.1172,4.4609
14.984,5.4609,21.25,10.359,14.438,3.8203,13.242,14.727
8.2813,6.3906,26.547,11.477,15.867,3.9453,11.961,6.6797
10.125,5.9844,16.023,10.086,14.656,3.1797,3.6953,4.3594
19.406,6.2969,18.617,11.836,15.242,3.375,4.7266,7.0469
9.9688,5.1953,20.898,11.602,13.57,3.3047,8.5391,7.0469
10.664,7.1953,20.141,10.789,14.891,3.8281,6.1172,6.125
11.359,6.7422,21.859,12.203,16.531,3.6016,3.7656,4.375
9.375,5.8828,22.578,10.602,13.352,3.5078,4.5547,4.8359
8.6719,5.7422,28.375,12.391,16.391,3.5781,9.4219,5.8359
10.523,5.5234,16.094,12.688,12.313,3.4375,7.9063,5.7734
13.336,6.9219,18.969,12.219,11.93,3.3359,7.7344,6.3125
12.875,9.0156,26.922,10.602,13.953,3.9531,4.75,4.7813
12.234,6.7813,18.813,11.594,14.219,3.4766,4.4844,9.6016
9.8047,5.3906,19.43,9.6406,12.227,3.7109,5.4141,12.688
17.523,6.5234,22.719,10.664,14.359,4.3125,6.1641,7.0625
5.7188,8.7813,24.188,10.031,4.2578,3.4688,9.1875,10.266
7.8438,10.891,26.938,9.6484,4.7578,4.1016,11.172,13.828
6.5,7.8906,22.352,9.1094,3.8672,3.7109,11.672,13.461
5.4453,9.6641,21.109,8.1484,3.2969,3.0391,8.3828,9.6797
6.8438,11.031,23.375,8.6484,4.4766,3.8672,10.289,12.32
9.2344,12.172,28.563,10.273,4.4844,3.9844,12.297,17.688
6.6719,11.711,25.813,10.117,4.8203,6.0625,15.063,16.18
7.7969,10.945,30.68,12.406,5.1172,4.9063,11.617,14.688
7.7813,10.914,24.82,10.234,3.9922,4.0156,10.258,13.656
9.1797,11.5,31.383,12.336,4.3359,3.7734,13.922,15.742
6.6172,9.6484,27.977,8.9219,3.75,3.9063,11.82,13.781
7.3359,12.031,25.641,9.375,5.0078,5.1563,14.539,17.781
8,10.93,25.734,9.75,4.1563,4.3359,13.672,15.641
10.047,12.82,26.914,10.734,4.0078,4.3203,12.43,14.734
9.6406,12.313,25.234,11.023,4.9141,4.6406,15.367,17.703
8.9219,11.797,26.164,9.7266,4.5313,4.8281,13.633,17.805
10.25,14.922,32.156,12.469,5,4.4922,12.984,17.563
7.2656,11.688,31.266,11.734,4.6328,4.1563,13.531,16.734
7.2813,13.898,24.297,10.172,3.9219,4.2188,12.953,13.156
9.5859,14.094,32.578,12.688,4.5703,4.1016,12.102,18.602
8.9219,12.023,25.406,10.328,4.7734,4.375,14.523,18.125
7.7656,11.547,25.281,10.789,3.2969,3.2578,10.797,15.445
5.8984,6.4766,21.094,11.531,6.0625,3.9063,9.5938,12.555
6.2734,7.4922,24.156,10.813,5.8516,3.6875,9.1094,9.1016
5.6953,6.375,20.813,8.6016,4.4219,3.1406,7.9297,10.055
5.6016,6.3281,18.367,8.5938,4.2734,3.625,7.2109,9.5859
6.6953,6.2656,20.82,8.8516,4.6641,3.8984,8.2969,9.5078
7.0156,6.8438,23.523,10.234,4.7578,3.2109,9.8047,11.469
6.8828,7.0781,20.43,8.3438,4.7656,3.2422,9.1719,11.008
8.1172,7.7266,21.984,10.563,4.8828,3.125,8.4922,12.141
7.375,10.047,27.875,9.6797,5.1016,3.5313,8.2188,10.094
6.2031,6.8281,22.391,9.2344,4.4297,2.7188,7.5781,8.8828
5.9063,7.0547,23.445,9.5859,5.3594,4.2734,10,10.883
5.8906,7.0859,17.773,8.4219,4.2891,2.7891,10.18,10.313
5.4141,6.3438,20.609,8.9453,4.8438,2.9766,7.9375,10.305
5.6016,5.9375,21.906,10.43,4.6953,2.7656,8.0156,9.6406
6.3047,6.5703,20,9.7109,4.6172,3.2031,9.3438,9.4531
5.1563,5.8984,20.148,10.148,4.1484,3.4141,8.8438,8.9063
4.7188,5.6094,17.32,9.0078,4.6563,2.9375,8.3281,9.2656
5.0391,5.5313,22.414,8.2656,4.125,2.4844,8.7188,9.2188
5.7734,7.5625,20.625,10.469,5.4141,4.6484,10.172,10.75
7.6406,6.0859,18.32,8.625,4.9453,3.4766,9.3203,11.078
5.5469,6.2656,17.891,7.2734,4.1094,2.8828,9.4141,8.8906
16.125,12.352,20.031,9.6094,6.5469,3.2109,12.664,15.445
10.711,6.4297,16.273,9.8047,4.875,2.9922,7.4766,12.859
6.8281,7.9219,19.938,8.0391,4.5469,2.7188,8.1406,10.609
7.9453,6.4297,17.914,8.7344,4.7813,2.6016,7.9609,6.8984
10.32,8.75,19.711,10.961,6.0313,2.9844,10.125,9.9219
7.1484,6.7891,15,9,5,2.6328,6.9063,8.5781
6.0703,6.9453,19.281,9.6094,5.7266,2.8438,9.2266,12.406
7.6875,9.1406,19.43,10.555,6.8125,3.4219,9.2266,10.367
6.0859,5.5547,16.688,9.4688,5.125,2.4297,8.2813,10.516
5.4688,7.1875,16.867,8.3359,5.2656,2.4609,7.9609,8.6328
7,6.0156,13.414,9.0078,4.8984,2.2109,7.2188,9.0391
5.9844,6.1094,15.648,9.0078,5.6953,2.2422,7.8438,8.4063
6.25,5.9922,15.414,10.43,5.4844,2.75,7.8047,9.0781
6.875,5.6094,17.773,9.8359,5.2734,2.25,7.7266,9.3828
8.4141,10.242,18.742,13,7.7266,2.6875,9.0859,10.539
5.5547,7.7109,17.422,9.0469,4.4453,1.875,5.9766,5.6875
6.2656,6.9844,12.391,9.3594,4.9141,2.3516,6.6797,6.8281
5.9219,7.1094,16.531,10.008,5.4531,2.2109,6.8281,8.9844
5.9844,5.8281,13.211,10.984,5.6016,2.125,6.5234,7.2891
7.5703,6.1875,16.523,11.781,5.6094,2.5313,8.7266,11.367
6.8672,7.3125,15.859,10.156,5.0703,2.2813,5.6719,8.2422
10.477,17.195,29.367,14.906,8.5625,7.5469,12.922,14.102
10.773,15.281,27.148,14.016,8.0781,5.0469,12.023,15.703
4.9219,11.828,17.438,7.125,4.125,2.9297,7.4609,7.0234
6.7266,11.727,17.273,7.6094,5.375,3.8906,10.281,10.234
6.4531,11.109,18.875,6.0156,4.6953,3.8047,7.3828,8.9844
10.445,15.727,23.219,11.844,9.1406,5.7734,12.75,15.313
8.1328,12.289,20.125,11.711,7.4688,5.0313,9.7813,11.523
9.2656,16.273,21.25,8.8203,6.1563,4.7266,10.797,13.797
6.875,14.453,17.688,6.8672,6.3125,3.8984,8.5859,9.8672
8.4922,12.438,22.625,10.563,8.0547,4.6563,7.3359,10.961
5.6797,9.2266,16.539,6.4609,4.9297,3.6719,7.6328,9.6563
6.6563,11.398,25.703,11.188,6.7188,5.25,10.266,12.789
7.3594,11.055,24.18,8.5938,5.6016,4.25,8.6406,10.375
7.1797,13.164,20.625,9.1172,5.6406,3.8594,10.617,12.984
6.5938,11.828,22.391,8.0078,5.2969,4,9.8594,13.023
8.9063,13.727,18.648,10.156,7.7422,6,12.398,12.695
7.6328,12.891,19.547,8.7734,5.7031,4.8516,9.1641,12.008
9.2422,17.383,22.438,7.4141,5.125,5.1484,11.625,13.422
7.0703,12.664,16.844,7.6016,5.0391,4.1875,10.883,12.633
5.6563,12.375,16.898,6.0547,4.2813,3.4219,8.7031,10.328
7.1016,12.102,15.5,7.5156,5.7031,3.6953,9.3125,10.789
8.5469,12.695,19.711,8.9141,5.8516,4.4297,10.828,12.016
8.6563,12.828,17.211,9.1406,6.5156,5.7578,12.375,12.273
8.0703,12.344,19.172,12.719,7.7344,6.0938,10.328,10.086
20.68,23.242,9.0781,3.3906,2.625,3.5938,8.5469,6.2969
22.5,26.758,10.32,3.3984,2.7734,3.8281,10.563,6.8125
26,32.078,16.07,3.7656,2.7109,3.2422,9.0078,6.3438
26.367,31.203,11.547,3.2578,3.0703,4.3672,12.195,8.5781
27.219,33.484,19.367,3.8906,3.375,7.3906,22.391,10.703
24.555,26.883,13.922,3.6094,3.1172,7,15.422,10.289
31,30.148,19.758,4.0469,3.0156,12.492,28.758,10.078
26.492,31.781,12.43,4.1875,3.7891,8.7891,23.578,8.8281
24.703,30.867,21.531,4.3594,2.6406,5.8594,19.281,7.0234
24.656,31.617,20.18,4.1953,2.5156,8.0781,22.141,7.4844
23.055,29.398,16.945,3.5313,3.75,6.5469,15.711,8.2266
24.039,28.758,18.789,3.4141,2.2344,7.25,17.094,7.6328
22.25,33.867,17.133,4.1328,2.8516,5.125,14.82,7.5703
21.508,28.75,18.102,3.3828,2.7656,4.8047,15.43,8.2422
16.984,24.25,13.141,3.3594,2.7969,4.1328,10.891,7.1953
18.727,20.742,12.414,3.6094,2.5859,5.3516,16.414,7.0391
20.914,25.891,18.031,3.8516,3.1094,6.5703,16.141,7.4688
18.43,21.461,13.648,3.3516,2.5469,9.2813,18.602,7.0625
23.031,26.938,20.586,4.6563,3.0781,3.4297,9.7188,5.9922
27.195,29.656,21.625,3.8203,2.8984,4.6719,17.477,7.5313
19.891,19.438,40.367,6.3438,3.6172,17.5,43.508,9.9609
14.703,18.867,31.883,5.8359,2.7578,14.766,22.117,7.9688
20.352,12.195,28.219,4.3828,2.3125,5.0469,16.156,7.4531
13.289,13.086,25.563,4.7578,2.1328,8.1016,13.883,5.1641
15.438,18.125,28.914,4.9453,2.3672,12.102,23.148,6.1563
18.023,18.57,33.984,5.1719,2.6484,9.2109,21.469,8.5469
21.906,14.07,26.07,6.1563,2.8906,12.023,31.945,8.8906
19.375,17.234,26.938,5.3672,2.5859,9.4531,20.664,8.1094
21.523,19.852,23.523,5.2578,2.4141,13.094,28.82,6.3125
14.414,16.953,25.094,5.4766,2.6172,8.0938,20.18,5.6953
18.898,20.359,26.281,5.7813,2.3984,12.273,29.352,8.7344
29.227,19.648,24.469,6.0391,2.4688,11.492,17.336,9.9766
22.172,19.797,25.398,6.5469,3.1016,10.375,26.633,8.9531
23.695,27.055,27.844,6.2891,3.1406,11.758,18.711,6.6641
21.781,25.148,37.125,8.3203,3.0313,19.18,36.852,9.5391
20.516,30.203,25.117,9.1406,3.3203,15.273,29.977,7.4531
16.055,23.195,25.203,5.1016,2.5469,11.891,29.695,11.789
20.68,26.813,33.898,7.5781,2.8359,14.008,33.063,7.3828
20.875,24.219,30.633,8.3516,3.6953,18.906,42.523,9.0391
25.328,28.758,29.156,9.125,3.1953,14.57,29.094,12.016
10.977,21.031,15.258,3.1953,5.0391,43.383,16.414,15.203
15.922,17.117,15.094,2.8984,4.1719,38.805,15.516,15.086
20.977,16.023,17.469,3.25,4.0313,27.469,12.156,14.422
20.008,18.086,16.797,3.8828,3.5781,29.133,12.141,14.773
20.883,11.477,18.109,3.4688,2.7031,19.453,9.1719,18.688
19.648,22.516,18.047,3.9844,3.7422,30.172,15.438,13.594
28.469,17.359,17.781,3.7734,3.4375,31.242,17.734,22.766
20.984,15.039,22.305,3.6563,3.3281,15.547,12.695,16.023
18.992,17.18,17.688,3.4922,2.9375,20.523,15.352,15.602
28.484,27.594,19.109,3.6953,2.9297,16.797,17.617,24.75
22.664,16.461,25.133,4.3125,3.4844,24.234,10.914,19.094
20.344,16.492,21.93,3.75,3.3125,22.125,10.609,18.961
24.711,22.18,27.781,4.6172,5.7422,38.609,19.266,20.258
27.586,22.461,21.516,4.1328,2.8516,16.039,9.75,15.008
25.867,19.836,19.484,3.8281,3.2266,18.867,10.125,17
23.422,18.281,20.266,3.9297,3.5938,24.867,15.984,14.969
24.648,19.109,18.008,3.3984,2.6484,16.578,11.688,20.742
29.984,23.055,25.516,4.7656,3.9297,40.617,13.078,18.461
24.367,27.391,21.922,3.9063,3.0391,15.297,26.578,18.742
28.781,23.148,21.492,4.4531,3.3047,26.922,11.914,29.492
21,10.125,35.969,5.6797,2.7422,13.023,21.523,6.3906
11.844,11.227,33.211,7.6797,3.3672,9.8984,22.672,5.5156
10.18,9.9063,28.797,4.6641,2.4688,4.7109,14.313,5.2891
16,8.9375,28.484,5.9844,2.8672,8.7656,19.492,6.8125
22.563,11.688,33.367,5.7422,2.7969,7.1797,23.992,7.3906
31.625,13.672,34.328,7.5703,2.8828,8.3047,17.547,6.7656
15.68,12.219,31.109,6.4609,2.9141,7.6484,23.18,7.8906
16.734,12.305,29.789,6.5156,2.5703,7.0938,26.109,5.7422
20.047,10.609,36.102,6.0859,2.6563,6.2188,23.602,5.1406
15.086,15.172,42.516,10.508,3.2109,10.703,30.734,8.6641
16.641,12.844,43.328,7.2969,3.0703,8.8359,29.711,7.2578
15.383,13.234,37.508,7.3516,3.3594,19.961,28.289,7.1484
19.625,11.383,23.203,5,2.9766,12.18,16.93,8.6094
16.711,12.867,26.656,6.5938,2.8203,6.5938,28.266,6.4219
20.969,11.977,35.242,7.1328,2.7734,4.625,19.211,6.2969
18.836,13.016,29.219,7.1328,2.6797,6.4219,30.797,5.5313
28.273,12.781,37.539,8.3359,2.8672,10.992,56.266,8.9297
22.516,13.867,37.797,6.6484,2.5781,5.1875,28.273,9.8906
18.5,16.914,31.75,6.8125,2.5859,6.3125,27.406,6.5859
20.344,19.07,34.43,6.7344,2.8906,6.8125,41.563,12.016
