0.10443,0.39922,0.2424,0.08974,0.057448,0.20375,0.57745,0.12885
0.068385,0.16125,0.15969,0.075521,0.046927,0.20375,0.56073,0.11214
0.095521,0.30396,0.13911,0.086302,0.047188,0.14313,0.64703,0.082031
0.068073,0.11563,0.16026,0.086094,0.040625,0.18182,0.6037,0.083437
0.1051,0.33479,0.13495,0.07,0.049479,0.1724,0.51964,0.063542
0.11229,0.34292,0.18682,0.096719,0.061562,0.23083,0.66698,0.10198
0.046875,0.089531,0.11859,0.078073,0.042917,0.17922,0.57745,0.081771
0.076875,0.21906,0.11505,0.077708,0.045365,0.1624,0.64995,0.10995
0.10656,0.34057,0.15557,0.0875,0.048958,0.14432,0.57901,0.078333
0.060625,0.13755,0.16766,0.10458,0.04224,0.17552,0.54026,0.075417
0.10354,0.30141,0.1925,0.080052,0.052604,0.14703,0.50839,0.075521
0.13224,0.4225,0.21693,0.086823,0.05526,0.14948,0.53146,0.1212
0.1313,0.40021,0.18771,0.081562,0.058333,0.21682,0.47724,0.1062
0.085052,0.22885,0.17203,0.07401,0.050885,0.21359,0.5351,0.083437
0.06401,0.20443,0.19672,0.10464,0.042344,0.15474,0.46021,0.068646
0.061771,0.25266,0.12802,0.076042,0.045,0.18714,0.59057,0.10266
0.073438,0.23318,0.14698,0.07,0.037396,0.12583,0.61438,0.064375
0.065677,0.14135,0.14448,0.076354,0.044375,0.14297,0.61849,0.075885
0.073125,0.19505,0.16078,0.089948,0.039948,0.15094,0.67708,0.067917
0.057708,0.17255,0.14411,0.084844,0.043594,0.22854,0.6162,0.08599
0.043177,0.068802,0.13672,0.092969,0.036823,0.14391,0.60042,0.057083
0.078594,0.25948,0.1351,0.09,0.039375,0.15099,0.68641,0.075
0.040208,0.10031,0.1263,0.081979,0.049375,0.21958,0.63922,0.097969
0.05151,0.090885,0.10646,0.076823,0.044167,0.17807,0.49016,0.06151
0.063125,0.16578,0.12786,0.098021,0.041458,0.13635,0.61448,0.059115
0.079792,0.24354,0.14198,0.091302,0.044115,0.12943,0.49703,0.076406
0.077448,0.23016,0.11708,0.09026,0.048594,0.18797,0.5938,0.05349
0.12661,0.415,0.16391,0.098333,0.056146,0.16672,0.46052,0.076198
0.12167,0.32453,0.16839,0.096979,0.051458,0.15969,0.64839,0.093125
0.10312,0.3374,0.14141,0.081042,0.043802,0.14813,0.63167,0.087292
0.12635,0.31833,0.14474,0.089688,0.057969,0.1713,0.64932,0.088073
0.062135,0.2187,0.1337,0.08276,0.044583,0.14516,0.60266,0.06625
0.085625,0.29625,0.16224,0.089948,0.042604,0.16844,0.56828,0.069792
0.14578,0.37406,0.16625,0.088542,0.044375,0.15099,0.62651,0.079323
0.084323,0.28313,0.13932,0.08724,0.039427,0.16849,0.6138,0.066719
0.068854,0.19359,0.18807,0.089115,0.038594,0.14083,0.63578,0.066302
0.13854,0.46818,0.20464,0.10521,0.053958,0.15193,0.64781,0.097083
0.097865,0.31214,0.16443,0.085573,0.046615,0.14693,0.51208,0.072656
0.08901,0.23089,0.16292,0.082812,0.038646,0.13,0.62891,0.081198
0.080937,0.31354,0.15188,0.086823,0.04125,0.12865,0.54828,0.064271
0.071771,0.17651,0.13344,0.094896,0.047552,0.15672,0.6787,0.080417
0.10177,0.34323,0.1663,0.09224,0.047396,0.17896,0.52865,0.085365
0.12432,0.3901,0.14839,0.083333,0.047604,0.14927,0.5324,0.089792
0.11583,0.32802,0.15995,0.10005,0.051719,0.15068,0.60771,0.10323
0.071458,0.24396,0.15474,0.079271,0.043906,0.1825,0.62724,0.073958
0.058854,0.18771,0.16307,0.092708,0.04625,0.16026,0.72292,0.078281
0.10714,0.34833,0.12203,0.090833,0.047083,0.14448,0.71255,0.075469
0.09,0.32089,0.16292,0.076615,0.04375,0.13281,0.6424,0.083385
0.12708,0.43073,0.16469,0.090521,0.046719,0.16661,0.72964,0.079844
0.10417,0.35313,0.14563,0.10349,0.042865,0.14089,0.60161,0.074375
0.1299,0.38167,0.17354,0.096667,0.045104,0.12036,0.79521,0.072969
0.094375,0.38589,0.17104,0.10547,0.04651,0.12755,0.72234,0.078958
0.083542,0.28271,0.16672,0.099323,0.047813,0.14708,0.61677,0.081042
0.10729,0.3637,0.17057,0.096458,0.045208,0.12214,0.64833,0.083125
0.11927,0.42016,0.18188,0.1012,0.044531,0.14641,0.66656,0.081823
0.060833,0.19516,0.15208,0.08875,0.04224,0.1425,0.75641,0.07401
0.065312,0.20943,0.15833,0.086719,0.04401,0.16271,0.75943,0.082396
0.096094,0.29479,0.12609,0.068385,0.04276,0.16927,0.64536,0.088021
0.090833,0.25677,0.14974,0.06901,0.044375,0.13927,0.68818,0.097604
0.072396,0.24901,0.16635,0.069844,0.043698,0.195,0.67969,0.1062
0.1025,0.3025,0.20568,0.095156,0.051042,0.13099,0.55516,0.078385
0.076667,0.20089,0.14255,0.08276,0.04375,0.12135,0.60349,0.071146
0.10172,0.25714,0.15193,0.093385,0.046198,0.13448,0.55604,0.074635
0.09401,0.24792,0.14271,0.063958,0.04474,0.14484,0.56729,0.063333
0.062396,0.17536,0.14813,0.09125,0.041406,0.12464,0.62672,0.077031
0.062708,0.2437,0.14969,0.097292,0.055365,0.14146,0.64833,0.0725
0.080781,0.27797,0.1513,0.081771,0.040313,0.16417,0.60276,0.082135
0.093385,0.28521,0.21786,0.086875,0.038906,0.11083,0.54745,0.070052
0.055625,0.18292,0.14875,0.081146,0.04099,0.12812,0.60349,0.071563
0.075885,0.28286,0.13391,0.073698,0.04349,0.17964,0.62792,0.10141
0.05651,0.14359,0.1076,0.085469,0.043021,0.14833,0.64318,0.08401
0.18526,0.58281,0.22422,0.11359,0.053906,0.14948,0.62458,0.11703
0.10906,0.36474,0.15328,0.097812,0.048906,0.10516,0.61625,0.10005
0.047448,0.16422,0.14271,0.079896,0.040625,0.13177,0.67745,0.089271
0.053229,0.19479,0.15672,0.092604,0.038542,0.11083,0.57568,0.07625
0.069792,0.33255,0.12734,0.084271,0.037812,0.10391,0.65135,0.079427
0.071823,0.24391,0.14646,0.074375,0.03901,0.12068,0.65099,0.093542
0.069531,0.20521,0.14474,0.073073,0.030677,0.10526,0.54057,0.081927
0.064479,0.20938,0.13193,0.079792,0.041771,0.12193,0.69401,0.089635
0.072031,0.38438,0.15828,0.077292,0.0425,0.10693,0.51802,0.095365
0.066406,0.20781,0.14802,0.083333,0.039896,0.1426,0.69307,0.11833
0.083698,0.36745,0.12911,0.073802,0.036458,0.1024,0.8037,0.090365
0.051615,0.1863,0.13547,0.077969,0.04349,0.12859,0.74203,0.082396
0.066198,0.23969,0.15568,0.087396,0.036667,0.12208,0.79474,0.085208
0.072708,0.29734,0.13635,0.067135,0.038125,0.13411,0.84964,0.097187
0.064531,0.23057,0.11344,0.080052,0.042448,0.13547,0.71875,0.09
0.062083,0.29401,0.12583,0.070365,0.035312,0.10198,0.60562,0.083542
0.049427,0.17313,0.13557,0.074063,0.042031,0.12469,0.63313,0.074948
0.050781,0.17568,0.12568,0.062448,0.035052,0.12833,0.56547,0.080937
0.063646,0.24625,0.10932,0.062344,0.036458,0.10578,0.49755,0.073542
0.06151,0.25141,0.090365,0.069583,0.045469,0.11906,0.66229,0.10719
0.049635,0.13938,0.10844,0.055208,0.035208,0.13198,0.67089,0.092448
0.069219,0.28099,0.088542,0.077865,0.0375,0.094948,0.61266,0.078698
0.05599,0.17589,0.12448,0.063385,0.033646,0.10531,0.63979,0.080312
0.087083,0.35755,0.11099,0.065833,0.03875,0.1049,0.61104,0.080156
0.12885,0.44042,0.14885,0.085885,0.041406,0.14083,0.84609,0.12234
0.046823,0.086146,0.094375,0.062604,0.042292,0.13161,0.63911,0.10073
0.059062,0.26813,0.10266,0.059375,0.042969,0.14417,0.93776,0.11078
0.068698,0.29625,0.12385,0.062083,0.043646,0.11911,0.83375,0.088646
0.06526,0.26245,0.13109,0.071823,0.038125,0.11146,0.72625,0.077031
0.088177,0.39474,0.1737,0.085208,0.040521,0.14609,0.7626,0.12521
0.094167,0.34297,0.13458,0.080625,0.041146,0.13333,0.75542,0.096771
0.083229,0.34026,0.18271,0.081719,0.050104,0.11599,0.55859,0.082812
0.095312,0.35047,0.15625,0.090417,0.045469,0.11594,0.64792,0.075833
0.09651,0.4001,0.14203,0.077188,0.044062,0.11313,0.76167,0.09974
0.10068,0.29432,0.21156,0.07224,0.056771,0.2288,0.76302,0.16703
0.054948,0.1501,0.10625,0.057865,0.047813,0.17484,0.74344,0.10177
0.078385,0.29922,0.11297,0.070313,0.050781,0.20458,0.76026,0.1076
0.089427,0.33073,0.1299,0.074583,0.049479,0.16969,0.69729,0.092656
0.070313,0.23094,0.15401,0.07026,0.043542,0.14849,0.74557,0.079583
0.078177,0.23688,0.1438,0.07099,0.044479,0.17807,0.8701,0.089948
0.090885,0.29771,0.2362,0.12281,0.051823,0.20323,0.82573,0.095469
0.076302,0.31469,0.18172,0.071875,0.050052,0.20682,0.87443,0.10813
0.081562,0.26609,0.15719,0.079062,0.043542,0.15734,0.64661,0.08526
0.061198,0.21781,0.14406,0.068385,0.046458,0.16302,0.67318,0.08724
0.074688,0.27833,0.13328,0.072813,0.044167,0.16078,0.66818,0.087917
0.093281,0.35578,0.20724,0.07349,0.049531,0.15714,0.565,0.091042
0.081615,0.34333,0.19651,0.080625,0.053594,0.21307,0.52906,0.10438
0.08875,0.3887,0.16208,0.076771,0.059844,0.22151,0.58479,0.14286
0.077396,0.23901,0.16078,0.07099,0.04151,0.15286,0.69141,0.07901
0.075833,0.29552,0.17333,0.08,0.044479,0.19318,0.67203,0.091406
0.099583,0.37385,0.15328,0.067344,0.037708,0.15563,0.7051,0.083437
0.077344,0.28609,0.16552,0.0675,0.052865,0.22703,0.70755,0.10589
0.08,0.23984,0.16458,0.063229,0.041198,0.15875,0.67599,0.079479
0.063802,0.24359,0.17927,0.072865,0.038437,0.12937,0.64172,0.05625
0.065156,0.24411,0.15495,0.069271,0.046458,0.15427,0.66469,0.089531
0.061875,0.25443,0.15385,0.066094,0.039688,0.18479,0.65625,0.079896
0.057865,0.16849,0.13458,0.077031,0.04724,0.1687,0.65677,0.081198
0.068646,0.25651,0.16792,0.076563,0.046615,0.13505,0.60156,0.066667
0.07349,0.25833,0.18573,0.079479,0.044115,0.17339,0.71911,0.094271
0.069271,0.27089,0.13219,0.073333,0.044635,0.1624,0.6588,0.082969
0.060625,0.22938,0.17938,0.072917,0.044219,0.15125,0.58948,0.08599
0.056458,0.19052,0.14224,0.069531,0.033594,0.1024,0.67224,0.05849
0.081875,0.28224,0.17797,0.080208,0.042135,0.13354,0.65484,0.07474
0.05599,0.21802,0.14755,0.072396,0.045208,0.18552,0.57354,0.086146
0.071979,0.22203,0.17807,0.074844,0.040677,0.135,0.73359,0.067083
0.071302,0.18359,0.12823,0.07349,0.04526,0.14016,0.64135,0.071354
0.050365,0.1937,0.16099,0.068542,0.047396,0.14651,0.73214,0.092552
0.064479,0.25365,0.14438,0.082448,0.041198,0.12255,0.59927,0.062604
0.06375,0.21693,0.1699,0.070521,0.042969,0.15068,0.65349,0.071198
0.068229,0.21542,0.17948,0.067031,0.049688,0.1787,0.69589,0.089323
0.06474,0.26177,0.17875,0.067708,0.0425,0.12776,0.64484,0.067604
0.067344,0.28031,0.13115,0.068906,0.033958,0.1324,0.52255,0.061823
0.078125,0.28359,0.14766,0.068125,0.051406,0.16417,0.59078,0.08224
0.069323,0.26052,0.14271,0.072083,0.046615,0.14781,0.63854,0.083542
0.079115,0.29411,0.12578,0.078281,0.038698,0.12354,0.65797,0.080052
0.052135,0.16542,0.13495,0.068646,0.039792,0.14104,0.64536,0.075677
0.065781,0.29635,0.14828,0.066823,0.043906,0.12917,0.71354,0.079844
0.065573,0.27,0.13969,0.071198,0.036094,0.17161,0.73365,0.07599
0.095573,0.33682,0.16031,0.069896,0.039583,0.10714,0.55641,0.06625
0.078906,0.26885,0.17484,0.063281,0.042396,0.11068,0.50438,0.069792
0.080312,0.31818,0.13021,0.070417,0.038646,0.11547,0.64542,0.067031
0.10286,0.36578,0.14359,0.071771,0.048594,0.16047,0.64505,0.088802
0.064219,0.26089,0.1474,0.060521,0.041615,0.13224,0.78922,0.067396
0.047344,0.18359,0.15224,0.068594,0.041615,0.13594,0.55693,0.073229
0.062135,0.23302,0.18063,0.065,0.043542,0.15495,0.71349,0.093854
0.056094,0.30875,0.14354,0.070938,0.039896,0.13312,0.5824,0.073281
0.062812,0.22562,0.16365,0.073906,0.048906,0.15646,0.73974,0.082708
0.055156,0.2162,0.1651,0.05276,0.040365,0.10542,0.60953,0.065937
0.046302,0.16672,0.16547,0.066771,0.038854,0.13109,0.64755,0.069167
0.06099,0.25635,0.13349,0.067917,0.038594,0.13167,0.67896,0.074167
0.054167,0.20161,0.15885,0.065781,0.042083,0.12854,0.61677,0.079062
0.075156,0.3476,0.15771,0.070885,0.046094,0.17479,0.69312,0.084271
0.062292,0.25146,0.13432,0.070625,0.043333,0.14589,0.71281,0.073073
0.045417,0.21016,0.1812,0.070052,0.033177,0.14917,0.65391,0.07099
0.060521,0.24521,0.16984,0.050729,0.044115,0.14115,0.75089,0.085729
0.062812,0.25307,0.15193,0.072396,0.035312,0.13479,0.63292,0.076719
0.10156,0.39641,0.14146,0.066302,0.041094,0.14375,0.73188,0.067396
0.077083,0.2925,0.17547,0.075208,0.038854,0.14469,0.79844,0.079219
0.073229,0.35276,0.17724,0.075104,0.043594,0.12385,0.67188,0.073698
0.058229,0.28156,0.16109,0.070938,0.039688,0.12536,0.65208,0.07651
0.058073,0.27005,0.13854,0.073542,0.044427,0.15042,0.71776,0.070573
0.068542,0.30193,0.1275,0.070677,0.038073,0.12406,0.62099,0.058073
0.065885,0.27896,0.1249,0.074271,0.043698,0.13984,0.60734,0.08651
0.088646,0.28865,0.18802,0.0725,0.03974,0.14646,0.58229,0.076719
0.068229,0.32724,0.165,0.069896,0.051302,0.14625,0.74599,0.076042
0.07099,0.25578,0.10927,0.075,0.035781,0.12807,0.64828,0.058854
0.11031,0.38771,0.12057,0.05651,0.040052,0.13021,0.6176,0.078021
0.070573,0.28198,0.1301,0.071146,0.039271,0.15292,0.72599,0.083021
0.1063,0.3776,0.14964,0.09349,0.054896,0.16276,0.67474,0.089167
0.087917,0.32573,0.11708,0.065417,0.038229,0.11547,0.645,0.081406
0.078646,0.26125,0.13786,0.065312,0.049948,0.19828,0.72458,0.090521
0.080417,0.30891,0.15021,0.068385,0.04099,0.12812,0.735,0.070156
0.08151,0.33375,0.15391,0.066615,0.039063,0.11411,0.59792,0.067552
0.090677,0.31021,0.13125,0.070313,0.047031,0.13104,0.61703,0.076979
0.079375,0.30422,0.1426,0.060521,0.036771,0.14505,0.70469,0.087656
0.08526,0.34813,0.10844,0.063021,0.037187,0.13302,0.4875,0.071979
0.096198,0.39167,0.08849,0.069167,0.03849,0.16703,0.51,0.056198
0.07,0.25203,0.12979,0.065729,0.03724,0.11922,0.67693,0.074792
0.06375,0.26307,0.094583,0.061406,0.041146,0.15094,0.60792,0.0775
0.07026,0.29812,0.11,0.061562,0.042813,0.14786,0.75531,0.077083
0.06224,0.25568,0.10563,0.070938,0.043542,0.14109,0.65776,0.067448
0.11151,0.41953,0.12948,0.069479,0.047813,0.1513,0.76604,0.0775
0.07224,0.31156,0.10375,0.061771,0.039167,0.15557,0.70302,0.067552
0.08,0.33281,0.10224,0.062604,0.043177,0.13891,0.54573,0.089427
0.071458,0.25484,0.13891,0.067187,0.041667,0.13563,0.77391,0.065156
0.054583,0.21901,0.083437,0.050313,0.040833,0.17792,0.71036,0.08224
0.071927,0.29099,0.11255,0.051458,0.038958,0.13151,0.58073,0.075
0.067448,0.24922,0.10484,0.064271,0.039479,0.11276,0.63458,0.065729
0.05849,0.19682,0.09849,0.063437,0.039219,0.14896,0.67193,0.088438
0.063333,0.25516,0.13813,0.073594,0.036979,0.13083,0.76042,0.075365
0.069792,0.31344,0.10594,0.060573,0.047813,0.17729,0.67781,0.07849
0.062031,0.3326,0.08276,0.059531,0.034583,0.13094,0.62797,0.074635
0.071198,0.25422,0.088594,0.05901,0.043437,0.17865,0.60833,0.085365
0.083437,0.36781,0.17594,0.055052,0.045469,0.15068,0.72073,0.080156
0.074583,0.28542,0.11469,0.066406,0.042135,0.15849,0.69323,0.098385
0.056302,0.21438,0.10406,0.06125,0.031615,0.10958,0.61234,0.073802
0.053021,0.21005,0.13099,0.067812,0.041354,0.14979,0.7012,0.081979
0.096458,0.26964,0.13464,0.051354,0.039583,0.21224,0.72719,0.10167
0.066354,0.21021,0.096979,0.051719,0.048073,0.15031,0.68443,0.086979
0.06875,0.22797,0.10474,0.050729,0.04026,0.18286,0.57849,0.099896
0.092292,0.41276,0.14417,0.052656,0.041771,0.13318,0.62443,0.065312
0.078125,0.26708,0.093229,0.058177,0.039115,0.12219,0.57286,0.078073
0.060417,0.27292,0.083073,0.049427,0.04125,0.13349,0.60927,0.069167
0.081458,0.20589,0.1163,0.058385,0.042552,0.14182,0.50552,0.076406
0.061771,0.28557,0.086823,0.048385,0.036146,0.12802,0.64615,0.075469
0.079323,0.26224,0.095052,0.049479,0.0425,0.1638,0.66948,0.078437
0.090677,0.42099,0.20177,0.054062,0.040521,0.16682,0.65922,0.092448
0.068906,0.29396,0.08849,0.046198,0.03849,0.11875,0.60964,0.077448
0.084167,0.24948,0.11521,0.052344,0.03875,0.18797,0.64411,0.12214
0.083698,0.30547,0.10896,0.056615,0.041354,0.15516,0.63854,0.080104
0.056667,0.22875,0.10141,0.045937,0.037708,0.16703,0.8125,0.078594
0.072083,0.25276,0.094635,0.053906,0.034427,0.16432,0.75427,0.082708
0.077396,0.31005,0.11375,0.049635,0.03151,0.15177,0.65906,0.072813
0.07349,0.2662,0.12943,0.059635,0.04401,0.16875,0.72615,0.08375
0.082135,0.33859,0.10203,0.051146,0.038281,0.14589,0.68724,0.069583
0.073125,0.30516,0.12125,0.053802,0.04224,0.15115,0.62047,0.073438
0.070417,0.28495,0.11453,0.052656,0.042708,0.15568,0.58521,0.080781
0.073698,0.31792,0.11839,0.04901,0.042083,0.14922,0.63802,0.078646
0.082083,0.29307,0.12036,0.044219,0.031146,0.12682,0.72568,0.075
0.06276,0.26656,0.11323,0.045885,0.044687,0.18109,0.68266,0.080417
0.083958,0.26349,0.10161,0.049635,0.037969,0.15875,0.72906,0.085729
0.059948,0.2513,0.12661,0.053854,0.03901,0.14016,0.70474,0.069167
0.084167,0.37339,0.095573,0.053125,0.044167,0.16844,0.64063,0.079219
0.060573,0.30328,0.15911,0.055469,0.037917,0.1437,0.82891,0.089583
0.065417,0.29984,0.13781,0.05224,0.047969,0.22536,0.81854,0.10891
0.11443,0.37734,0.13505,0.058229,0.044792,0.22292,0.69193,0.087656
0.076771,0.3388,0.096146,0.041146,0.035937,0.15943,0.72745,0.077448
0.092656,0.38302,0.11651,0.05026,0.047448,0.15865,0.69937,0.083698
0.078229,0.33391,0.11932,0.041302,0.032344,0.14036,0.63938,0.061667
0.070313,0.31984,0.16615,0.041979,0.037187,0.15432,0.75042,0.084323
0.064062,0.28172,0.13302,0.069167,0.041667,0.14938,0.82339,0.082552
0.072292,0.27672,0.10417,0.055156,0.044687,0.1826,0.95453,0.088281
0.059062,0.23125,0.14599,0.061875,0.046979,0.17432,0.74177,0.087344
0.049583,0.21646,0.11177,0.057917,0.037708,0.15833,0.75943,0.07349
0.082344,0.33958,0.13464,0.061094,0.039844,0.16094,0.82229,0.090625
0.068073,0.25625,0.14344,0.050521,0.044479,0.13286,0.67703,0.074948
0.060417,0.21458,0.12,0.065781,0.040729,0.13479,0.73177,0.087448
0.082969,0.37635,0.13161,0.054948,0.040833,0.14651,0.63526,0.08401
0.075156,0.25328,0.12109,0.05474,0.049219,0.16677,0.76844,0.086563
0.093281,0.41068,0.12286,0.071406,0.039948,0.13208,0.73557,0.086042
0.070052,0.23635,0.15792,0.074792,0.044896,0.14417,0.72708,0.088073
0.07401,0.30401,0.17625,0.050052,0.035729,0.17521,0.75771,0.083385
0.062917,0.25458,0.1338,0.055417,0.039271,0.13807,0.71885,0.075521
0.062917,0.26,0.15115,0.067031,0.045833,0.13885,0.78891,0.084479
0.09151,0.35911,0.15469,0.068385,0.042969,0.15151,0.74448,0.081146
0.078802,0.32005,0.13745,0.089271,0.048698,0.2049,0.77578,0.092969
0.073542,0.31266,0.13589,0.079323,0.043333,0.16141,0.76984,0.08599
0.16953,0.44786,0.13932,0.068646,0.040521,0.18021,0.8151,0.14203
0.065,0.28109,0.12536,0.071042,0.044427,0.20297,0.78375,0.094687
0.04401,0.12255,0.1112,0.069375,0.046198,0.18464,0.76297,0.097292
0.07901,0.32411,0.13979,0.076771,0.042969,0.14286,0.63427,0.069583
0.080469,0.23542,0.15068,0.082396,0.040417,0.14885,0.74729,0.069375
0.086667,0.32724,0.13302,0.065885,0.041458,0.12604,0.82474,0.083542
0.081458,0.28839,0.14557,0.069583,0.039792,0.1363,0.79448,0.07849
0.084375,0.35729,0.13198,0.064896,0.037812,0.15411,0.63099,0.082812
0.065885,0.28083,0.13302,0.071927,0.040833,0.15411,0.79969,0.084635
0.066823,0.3112,0.11969,0.059167,0.042604,0.15734,0.61568,0.073177
0.068542,0.28937,0.11703,0.065573,0.038177,0.14313,0.68911,0.075417
0.082135,0.2999,0.14708,0.05901,0.038437,0.14292,0.75703,0.09
0.063646,0.27448,0.13099,0.088698,0.046719,0.16734,0.6863,0.0825
0.085052,0.37203,0.12906,0.062708,0.043073,0.13115,0.64807,0.066719
0.081198,0.31521,0.12943,0.068281,0.042969,0.1537,0.73438,0.10823
0.077917,0.33464,0.10792,0.068854,0.050208,0.16745,0.83776,0.087448
0.070052,0.29219,0.11724,0.082917,0.048021,0.20948,0.77568,0.094062
0.074896,0.33917,0.1251,0.06599,0.044427,0.16714,0.8449,0.086927
0.068177,0.33422,0.19958,0.087969,0.041875,0.12188,0.66656,0.063385
0.064792,0.20922,0.11026,0.05875,0.040625,0.14901,0.89745,0.074063
0.067604,0.25125,0.096875,0.063594,0.042865,0.16391,0.66281,0.064844
0.071563,0.33505,0.1413,0.063125,0.038906,0.1424,0.67682,0.080937
0.08224,0.35703,0.12682,0.072865,0.047552,0.17453,0.86708,0.081302
0.062448,0.23464,0.10792,0.059687,0.040573,0.15406,0.75786,0.081979
0.075365,0.33833,0.14286,0.059792,0.039479,0.16229,0.94161,0.097448
0.08974,0.42109,0.14938,0.06,0.048229,0.17365,0.76156,0.090625
0.086042,0.34375,0.15536,0.06776,0.039479,0.17573,0.74938,0.088594
0.081042,0.36385,0.14443,0.060208,0.041875,0.1474,0.75526,0.10005
0.080729,0.31297,0.1424,0.064844,0.039115,0.15115,0.80755,0.076406
0.074427,0.27474,0.14167,0.068437,0.046823,0.17271,0.75089,0.095156
0.065885,0.23667,0.1313,0.06276,0.038177,0.12464,0.62385,0.07026
0.051875,0.23849,0.1337,0.068698,0.039063,0.16,0.74599,0.08901
0.083333,0.2887,0.1425,0.064635,0.043854,0.14734,0.84781,0.094844
0.09375,0.3237,0.14385,0.05599,0.042552,0.16729,0.8276,0.080729
0.077031,0.36729,0.12807,0.062552,0.039896,0.15083,0.77958,0.073438
0.077969,0.31411,0.16734,0.050156,0.040729,0.18109,0.7325,0.096771
0.079635,0.3263,0.14776,0.063177,0.042552,0.19562,0.8912,0.11641
0.055677,0.24401,0.17891,0.064687,0.043229,0.1399,0.71219,0.079323
0.069687,0.32052,0.13411,0.060365,0.038802,0.15875,0.8849,0.079167
0.056719,0.23089,0.13172,0.062969,0.037396,0.16339,0.8687,0.095
0.071719,0.29917,0.1587,0.067396,0.043542,0.19099,0.78917,0.091354
0.060312,0.29604,0.12969,0.053073,0.037083,0.155,0.70104,0.078125
0.060365,0.21948,0.13469,0.061198,0.040313,0.14703,0.67234,0.075104
0.065052,0.25807,0.09776,0.05401,0.043542,0.17526,0.82479,0.096615
0.07875,0.33526,0.13417,0.058385,0.040417,0.17974,0.88766,0.098177
0.075156,0.34974,0.12031,0.048438,0.037448,0.14141,0.81021,0.081562
0.064375,0.23891,0.11375,0.062344,0.043437,0.14802,0.71578,0.073698
0.073073,0.3837,0.11,0.056667,0.04,0.16651,0.80661,0.096667
0.068281,0.27734,0.15313,0.056823,0.038646,0.16104,0.80641,0.090729
0.06375,0.31266,0.15016,0.051615,0.042656,0.17099,0.8701,0.096094
0.083073,0.30771,0.12026,0.066146,0.068906,0.42734,0.37031,0.083177
0.086823,0.24,0.061875,0.042552,0.063437,0.46635,0.38396,0.084948
0.071042,0.089063,0.045781,0.03776,0.042917,0.40302,0.3875,0.071198
0.067396,0.072969,0.047031,0.032969,0.056198,0.39146,0.29974,0.075729
0.055885,0.062292,0.060365,0.033229,0.039844,0.3875,0.32661,0.0675
0.060677,0.10307,0.06151,0.04151,0.047083,0.4075,0.31995,0.06599
0.05625,0.080417,0.052031,0.035156,0.048229,0.3438,0.36125,0.075625
0.061094,0.11552,0.049271,0.038906,0.05,0.40615,0.38214,0.067031
0.06599,0.20375,0.062604,0.037448,0.045885,0.37818,0.25734,0.058802
0.062812,0.057604,0.048385,0.042083,0.052917,0.36411,0.29146,0.078542
0.063385,0.06901,0.048125,0.03526,0.051823,0.40635,0.34198,0.09099
0.053906,0.046771,0.0475,0.038385,0.04901,0.31089,0.29443,0.068385
0.063646,0.091406,0.04724,0.039167,0.055781,0.35339,0.2988,0.077552
0.075208,0.078021,0.04651,0.051146,0.076406,0.37411,0.31,0.10938
0.059583,0.054635,0.049115,0.038854,0.052292,0.42203,0.36693,0.07
0.065625,0.072917,0.048073,0.045104,0.078177,0.37542,0.3838,0.072344
0.053698,0.051354,0.042604,0.03526,0.040521,0.37443,0.32771,0.075156
0.060937,0.06,0.049635,0.037865,0.047344,0.38073,0.32313,0.080573
0.08401,0.16203,0.079635,0.049583,0.046823,0.34583,0.29781,0.071979
0.073854,0.11635,0.054115,0.040417,0.052969,0.43646,0.38911,0.080885
0.074323,0.13208,0.045365,0.037448,0.046823,0.37432,0.36474,0.064583
0.067396,0.067552,0.049792,0.037969,0.051771,0.3338,0.3074,0.085885
0.060677,0.085208,0.050625,0.045417,0.06599,0.41094,0.3712,0.086719
0.095573,0.22318,0.06526,0.038542,0.058542,0.33974,0.34687,0.090781
0.078854,0.20396,0.058646,0.038802,0.051771,0.42344,0.3775,0.079219
0.064323,0.14005,0.0525,0.035052,0.05474,0.4075,0.29573,0.0725
0.065417,0.13677,0.053073,0.033385,0.040417,0.39286,0.27094,0.080312
0.080833,0.17281,0.063646,0.043385,0.059792,0.3013,0.2201,0.082865
0.065833,0.15443,0.055052,0.043906,0.047708,0.31339,0.26219,0.070573
0.088542,0.14745,0.049479,0.043906,0.046615,0.3425,0.29109,0.098802
0.068281,0.15208,0.098802,0.045729,0.049583,0.3,0.25203,0.067396
0.068854,0.14016,0.047396,0.044792,0.055573,0.31307,0.32026,0.067448
0.065885,0.2,0.046719,0.040573,0.053281,0.37193,0.19656,0.065469
0.052708,0.048594,0.054219,0.040052,0.050885,0.38932,0.30042,0.070729
0.058125,0.057083,0.039531,0.036927,0.040417,0.41182,0.36818,0.065156
0.062344,0.068802,0.043646,0.035,0.054115,0.41484,0.31,0.074583
0.067448,0.054427,0.043906,0.033646,0.048229,0.42979,0.32198,0.075
0.050573,0.044167,0.0425,0.032708,0.051562,0.31453,0.27365,0.052708
0.045781,0.043281,0.041563,0.033229,0.039948,0.32594,0.23068,0.052656
0.04349,0.039115,0.038906,0.029375,0.037396,0.38339,0.18615,0.04401
0.052552,0.037292,0.040469,0.039167,0.059844,0.36859,0.18698,0.051615
0.038437,0.029792,0.040521,0.033802,0.035625,0.32651,0.24641,0.039375
0.04276,0.034635,0.036771,0.031146,0.038177,0.41568,0.24568,0.049792
0.045312,0.036823,0.036302,0.027344,0.035312,0.43391,0.19474,0.044167
0.043021,0.032135,0.037135,0.030312,0.0425,0.30839,0.25078,0.038073
0.04099,0.027969,0.038594,0.029844,0.038385,0.37,0.16365,0.043177
0.04724,0.035729,0.037396,0.030312,0.036927,0.25958,0.22312,0.038958
0.03974,0.035156,0.033125,0.032813,0.036667,0.32255,0.2349,0.045365
0.046823,0.035573,0.037292,0.030833,0.037552,0.31615,0.19141,0.041354
0.040885,0.035937,0.037969,0.028906,0.038177,0.32219,0.29156,0.044948
0.051979,0.080208,0.043073,0.029479,0.034323,0.3174,0.21854,0.042656
0.04401,0.030833,0.038802,0.032292,0.036771,0.36146,0.28615,0.043958
0.04125,0.03474,0.039792,0.033698,0.039063,0.51016,0.34984,0.048177
0.041458,0.034896,0.037292,0.032917,0.03599,0.3399,0.27896,0.047604
0.040833,0.03375,0.037708,0.029531,0.038854,0.42031,0.26083,0.055729
0.044323,0.034531,0.040938,0.033698,0.037865,0.40625,0.26755,0.04625
0.040052,0.04526,0.038646,0.031875,0.034219,0.50797,0.2225,0.041458
0.04901,0.036615,0.037031,0.028229,0.035156,0.47203,0.23906,0.047031
0.045365,0.032865,0.035833,0.032969,0.043542,0.35932,0.2163,0.0425
0.04125,0.039323,0.03875,0.033854,0.047448,0.33667,0.29885,0.050729
0.047083,0.038698,0.037917,0.030833,0.041875,0.35531,0.33875,0.059792
0.037187,0.031667,0.036094,0.030417,0.037448,0.2651,0.16578,0.034896
0.04651,0.039219,0.03901,0.038385,0.048698,0.38,0.27182,0.056875
0.041563,0.035365,0.038542,0.035677,0.043177,0.42161,0.31531,0.047604
0.042917,0.036719,0.044479,0.034323,0.040365,0.40578,0.25312,0.044531
0.047135,0.03724,0.036979,0.031771,0.039427,0.35802,0.26417,0.056302
0.050417,0.037812,0.040052,0.036458,0.043437,0.30068,0.19417,0.075729
0.051302,0.052135,0.035521,0.032969,0.036875,0.39651,0.28594,0.072917
0.052187,0.044583,0.041354,0.035469,0.043021,0.32651,0.28219,0.052187
0.048906,0.042656,0.035729,0.030833,0.041198,0.44516,0.2874,0.055469
0.050313,0.037812,0.034688,0.031563,0.041771,0.29599,0.32948,0.056146
0.047135,0.037969,0.038906,0.033125,0.037969,0.3974,0.3263,0.056667
0.043177,0.031823,0.038437,0.036042,0.035729,0.42167,0.26458,0.058646
0.042448,0.045312,0.037187,0.032917,0.034531,0.37682,0.38724,0.05474
0.059375,0.066146,0.058646,0.036406,0.048125,0.46146,0.42307,0.067083
0.049635,0.06276,0.04776,0.033385,0.04474,0.39531,0.37026,0.064687
0.038646,0.03776,0.039063,0.030521,0.041927,0.33193,0.30667,0.05375
0.052812,0.057552,0.043906,0.036042,0.043021,0.33219,0.31234,0.061615
0.050469,0.04526,0.043073,0.031771,0.044427,0.40167,0.34484,0.070573
0.054792,0.058542,0.043281,0.038385,0.047344,0.34151,0.28052,0.056667
0.0625,0.058646,0.04099,0.036406,0.040729,0.33698,0.28151,0.067708
0.048802,0.060937,0.044583,0.034635,0.044062,0.36068,0.28729,0.061354
0.052031,0.061458,0.042031,0.039479,0.043594,0.34667,0.29406,0.062188
0.056406,0.053385,0.04599,0.032969,0.041771,0.40906,0.23328,0.065677
0.039583,0.038229,0.039896,0.041615,0.039688,0.34411,0.34464,0.047656
0.043229,0.045365,0.040729,0.035312,0.065156,0.31057,0.24448,0.047917
0.055573,0.055313,0.0425,0.032135,0.040417,0.4087,0.30891,0.05349
0.047448,0.04724,0.038229,0.030469,0.044271,0.33563,0.25104,0.058802
0.044115,0.034219,0.039531,0.038906,0.046198,0.36844,0.26885,0.047396
0.042604,0.036771,0.036719,0.035677,0.040833,0.40057,0.27964,0.061823
0.064635,0.059115,0.05125,0.040365,0.054896,0.3849,0.2687,0.069062
0.054427,0.049635,0.039792,0.03651,0.03724,0.32281,0.29505,0.058854
0.04974,0.055781,0.038958,0.0325,0.035625,0.34063,0.32604,0.051198
0.044583,0.049844,0.041042,0.028958,0.029375,0.26823,0.24026,0.048594
0.044062,0.049531,0.037344,0.034167,0.033125,0.35031,0.29125,0.045365
0.049896,0.056042,0.043333,0.035573,0.038073,0.3237,0.16682,0.0475
0.044844,0.047917,0.041094,0.032292,0.038385,0.36177,0.26188,0.063594
0.053021,0.052344,0.045104,0.037187,0.053906,0.47745,0.32427,0.068854
0.055885,0.045937,0.038437,0.035833,0.04474,0.31573,0.2801,0.065833
0.055,0.036771,0.04375,0.040781,0.05099,0.27,0.1837,0.054479
0.086094,0.27141,0.19354,0.086094,0.058906,0.23042,0.70505,0.13
0.059167,0.16464,0.11776,0.066458,0.041771,0.14172,0.65667,0.080729
0.063021,0.21073,0.11224,0.070052,0.040469,0.15302,0.59109,0.074375
0.060469,0.15885,0.12313,0.053229,0.037344,0.14292,0.66698,0.077031
0.054479,0.1712,0.12214,0.06599,0.037708,0.12625,0.67167,0.077396
0.076563,0.23979,0.1326,0.065521,0.043854,0.15922,0.66135,0.09599
0.066406,0.25052,0.11083,0.053229,0.038333,0.13552,0.76094,0.079271
0.06849,0.23667,0.14359,0.069792,0.041979,0.16536,0.69563,0.10167
0.066875,0.19943,0.14307,0.057344,0.03974,0.18438,0.65745,0.083177
0.08724,0.30302,0.13099,0.069792,0.040156,0.14865,0.70115,0.077344
0.059635,0.2025,0.14755,0.058229,0.036406,0.16281,0.72453,0.0925
0.078958,0.25094,0.13255,0.065677,0.039375,0.13667,0.73031,0.098594
0.059062,0.19214,0.13828,0.067917,0.036354,0.11271,0.66911,0.079062
0.058333,0.17786,0.12917,0.068333,0.042344,0.13917,0.66438,0.081771
0.077708,0.23646,0.10276,0.059792,0.036875,0.17005,0.68755,0.09875
0.055208,0.17974,0.11823,0.054583,0.034323,0.10635,0.7238,0.072969
0.061615,0.19458,0.14484,0.073281,0.04276,0.18031,0.81755,0.089948
0.064583,0.22375,0.115,0.054635,0.042604,0.19583,0.80594,0.10089
0.060469,0.1637,0.11339,0.054427,0.041719,0.13224,0.72578,0.076406
0.056771,0.18823,0.13885,0.057031,0.048854,0.18057,0.72828,0.094583
0.063021,0.19776,0.14578,0.053802,0.037448,0.15167,0.7499,0.07401
0.064479,0.19552,0.14521,0.049844,0.041094,0.16714,0.67505,0.083906
0.05474,0.19453,0.12453,0.058542,0.038073,0.13979,0.75797,0.091875
0.05724,0.21839,0.14469,0.057552,0.035104,0.14526,0.68198,0.076927
0.049583,0.17255,0.13036,0.066823,0.038437,0.14427,0.85198,0.082396
0.058177,0.1862,0.13859,0.056979,0.038177,0.13307,0.65911,0.070729
0.066562,0.25042,0.15266,0.060104,0.042188,0.15646,0.73495,0.077604
0.072552,0.26573,0.15047,0.065417,0.045937,0.18255,0.70354,0.090885
0.053125,0.17766,0.14786,0.066354,0.041771,0.19542,0.71526,0.091823
0.054583,0.18094,0.13,0.058021,0.038958,0.14297,0.75729,0.080156
0.053698,0.20589,0.13563,0.058073,0.037969,0.12245,0.74661,0.077708
0.048802,0.18313,0.1325,0.059583,0.042552,0.13219,0.74328,0.091406
0.061094,0.19203,0.14057,0.062604,0.041042,0.14531,0.76266,0.077656
0.046563,0.13651,0.12698,0.059792,0.038802,0.15755,0.6576,0.088802
0.041458,0.15052,0.11901,0.06375,0.042604,0.15698,0.66432,0.086302
0.047604,0.11995,0.15297,0.052604,0.037344,0.14635,0.76073,0.086719
0.048177,0.13943,0.13521,0.053802,0.045469,0.17594,0.71177,0.11792
0.053333,0.14984,0.11109,0.055521,0.039583,0.15958,0.68198,0.096823
0.05724,0.16641,0.12974,0.060312,0.050156,0.18505,0.78635,0.10552
0.040573,0.12573,0.12401,0.05526,0.04375,0.17365,0.71906,0.088021
0.051823,0.17193,0.13698,0.052135,0.039792,0.12818,0.68333,0.086823
0.053906,0.14458,0.11031,0.054167,0.047813,0.17083,0.53547,0.089948
0.0525,0.1375,0.12443,0.058542,0.036042,0.11161,0.67495,0.076458
0.044479,0.13984,0.1288,0.054688,0.033438,0.12469,0.6726,0.07349
0.049844,0.15125,0.13391,0.059115,0.052812,0.17974,0.62411,0.11172
0.07974,0.24495,0.13589,0.051458,0.045729,0.17151,0.6838,0.096719
0.064427,0.25177,0.13047,0.06276,0.04026,0.13505,0.77839,0.089115
0.087969,0.31161,0.1649,0.056094,0.03875,0.13813,0.6513,0.085469
0.061667,0.20359,0.13005,0.048125,0.037135,0.12453,0.74292,0.085
0.058281,0.20911,0.16839,0.04625,0.041979,0.15609,0.64167,0.092135
0.064375,0.23464,0.13557,0.058802,0.041406,0.15073,0.76411,0.10714
0.056927,0.28599,0.15286,0.05125,0.035781,0.15937,0.74661,0.092292
0.053958,0.17682,0.14271,0.056719,0.039844,0.17536,0.70568,0.088281
0.075469,0.29672,0.11969,0.044271,0.034792,0.11193,0.68484,0.082292
0.053958,0.18719,0.16745,0.049948,0.041354,0.15042,0.72615,0.094583
0.058698,0.19578,0.15474,0.048177,0.034479,0.13448,0.73135,0.071094
0.052812,0.19099,0.11167,0.056667,0.040781,0.13453,0.74943,0.082031
0.049635,0.15568,0.13734,0.046198,0.035573,0.14297,0.70995,0.069479
0.056406,0.17474,0.13891,0.058542,0.040417,0.16172,0.63089,0.097083
0.057083,0.20396,0.1062,0.0525,0.035104,0.13505,0.68542,0.061406
0.07625,0.23891,0.20938,0.047188,0.067031,0.29724,0.75094,0.14094
0.04974,0.10672,0.16052,0.047292,0.056198,0.33896,0.92224,0.12146
0.05625,0.20484,0.1237,0.042813,0.058594,0.32286,0.83521,0.14521
0.083021,0.29224,0.15526,0.048802,0.050781,0.24896,0.88609,0.11547
0.10672,0.25552,0.17849,0.053542,0.062552,0.28,0.87672,0.1713
0.085052,0.2412,0.18594,0.0525,0.056354,0.26083,0.85745,0.11099
0.077917,0.20521,0.16714,0.053125,0.065365,0.30167,1.0731,0.13708
0.09349,0.22974,0.21646,0.067812,0.078229,0.33937,0.91432,0.18536
0.09875,0.23818,0.18839,0.067187,0.080573,0.31339,0.9688,0.17448
0.080937,0.27229,0.16417,0.053802,0.055885,0.21427,0.95349,0.13531
0.081042,0.21766,0.1762,0.051719,0.059271,0.29359,0.84609,0.11797
0.064948,0.20563,0.20068,0.050781,0.055417,0.2963,0.84849,0.12323
0.074479,0.19964,0.15563,0.052708,0.063542,0.31417,0.84797,0.18161
0.089531,0.26687,0.18849,0.057604,0.062552,0.29448,1.0307,0.19031
0.070781,0.16365,0.18021,0.049375,0.055208,0.28797,0.89922,0.12083
0.067917,0.18266,0.1951,0.055938,0.068021,0.34187,0.90677,0.13016
0.065833,0.24005,0.18766,0.0525,0.060625,0.27422,0.94448,0.16026
0.064219,0.17953,0.19562,0.058594,0.057865,0.27208,0.98667,0.1363
0.049375,0.17547,0.18359,0.047135,0.04901,0.24479,0.85047,0.11458
0.080937,0.22333,0.22432,0.060365,0.065104,0.24344,0.97375,0.13646
0.063698,0.16417,0.17547,0.050417,0.069271,0.29568,1.0448,0.16312
0.06849,0.14401,0.18505,0.050833,0.063125,0.27943,0.93656,0.15635
0.055573,0.12286,0.18344,0.058021,0.052604,0.28432,1.052,0.12396
0.059687,0.12047,0.21932,0.052865,0.058177,0.24797,0.99089,0.1424
0.08651,0.20563,0.1825,0.06125,0.071094,0.36125,1.0781,0.19536
0.083437,0.24625,0.17156,0.064479,0.06,0.30354,0.94521,0.13552
0.08125,0.20193,0.23214,0.04724,0.067865,0.25547,0.95042,0.18016
0.1162,0.31073,0.18245,0.059323,0.064948,0.32682,0.94063,0.18052
0.085052,0.18021,0.1951,0.049948,0.067083,0.29229,0.89401,0.15927
0.065,0.13536,0.15833,0.050417,0.051458,0.27594,0.99708,0.15724
0.075417,0.18307,0.22062,0.063229,0.068229,0.26297,1.0179,0.14802
0.062396,0.1326,0.12313,0.04875,0.070781,0.36349,1.0633,0.18333
0.073594,0.15333,0.15776,0.058854,0.066979,0.3224,1.0701,0.18547
0.069479,0.13896,0.17938,0.057083,0.07401,0.38526,0.98328,0.19453
0.087969,0.19771,0.14318,0.053073,0.10208,0.41214,1.1819,0.23328
0.060312,0.16323,0.14135,0.051146,0.057708,0.29708,1.1819,0.14255
0.076302,0.15078,0.1951,0.063385,0.072031,0.2663,1.0464,0.19797
0.076406,0.15729,0.17135,0.062917,0.075729,0.35427,1.0526,0.17146
0.076042,0.14734,0.22078,0.056354,0.05974,0.28,0.94281,0.16953
0.08875,0.16984,0.17234,0.0525,0.073229,0.32651,0.8287,0.16682
0.07026,0.15771,0.18417,0.051719,0.065208,0.26505,0.92026,0.1401
0.081458,0.22339,0.2199,0.072344,0.064427,0.26448,0.93573,0.17052
0.071302,0.15495,0.23198,0.061562,0.066875,0.2774,0.92406,0.18354
0.073177,0.15411,0.21401,0.056406,0.066354,0.31708,0.86401,0.15807
0.068281,0.15625,0.19979,0.055469,0.058958,0.36151,0.96417,0.13318
0.089583,0.23563,0.22073,0.065625,0.072135,0.29443,0.98875,0.18974
0.097604,0.25208,0.17109,0.06,0.059687,0.28099,0.9625,0.17135
0.074167,0.19214,0.18354,0.060469,0.061302,0.24266,0.86948,0.16661
0.093177,0.24599,0.2412,0.060469,0.065,0.26646,0.97417,0.14641
0.08276,0.18974,0.20458,0.057188,0.063698,0.33693,1.061,0.15854
0.12677,0.72047,0.47427,0.22646,0.072396,0.33891,0.96609,0.19823
0.1224,0.7351,0.55609,0.22667,0.078021,0.37755,0.80729,0.24286
0.13245,0.84755,0.57833,0.24016,0.082135,0.25464,0.66109,0.14948
0.19854,1.0754,0.58937,0.30036,0.078802,0.27271,0.64677,0.19432
0.13339,0.75099,0.67385,0.30792,0.10474,0.47391,0.82802,0.21786
0.15521,0.69589,0.74938,0.23854,0.087656,0.3399,0.88667,0.18708
0.12427,0.83125,0.63661,0.23578,0.074635,0.33599,0.70906,0.20661
0.14859,0.97339,0.70224,0.24776,0.081042,0.37885,0.78302,0.17938
0.16875,0.76339,0.67677,0.28,0.10068,0.41031,0.69172,0.26125
0.16599,0.9075,0.73151,0.31875,0.10635,0.445,0.70094,0.24479
0.16557,0.7451,0.7187,0.24396,0.10635,0.45161,0.70635,0.2487
0.12776,0.67776,0.62411,0.30443,0.092396,0.3824,0.68354,0.21813
0.17203,0.77229,0.89901,0.3775,0.10057,0.40406,0.7638,0.23245
0.14974,0.76203,0.70385,0.29172,0.10375,0.41563,0.68661,0.24745
0.15255,0.59479,0.585,0.2713,0.080833,0.34953,0.77839,0.16891
0.14766,0.75161,0.69344,0.26995,0.090938,0.29943,0.80885,0.19859
0.16745,0.6201,0.66724,0.22062,0.082292,0.32464,0.85286,0.2287
0.15635,0.71104,0.6387,0.29302,0.096875,0.38734,0.79865,0.22839
0.19677,0.85193,0.65568,0.28344,0.093125,0.38047,0.90375,0.23766
0.1438,0.5912,0.6462,0.18255,0.08125,0.34833,0.80615,0.22891
0.15161,0.69568,0.59161,0.20333,0.077865,0.38568,0.84896,0.2513
0.13896,0.53115,0.58609,0.26156,0.065937,0.29677,0.77146,0.1826
0.16776,0.55406,0.74578,0.27766,0.093281,0.38229,0.82625,0.27828
0.11807,0.60109,0.52651,0.20568,0.078698,0.34776,0.79344,0.18099
0.14948,0.6,0.50344,0.15875,0.065,0.24969,0.69984,0.19953
0.12661,0.61266,0.6812,0.17688,0.077656,0.3637,0.77047,0.20792
0.15526,0.75328,0.59844,0.18214,0.072031,0.26953,0.75964,0.17563
0.12714,0.52901,0.85948,0.25818,0.083177,0.30828,0.78385,0.17849
0.14432,0.5863,0.60854,0.20458,0.083594,0.37891,0.92589,0.23354
0.12635,0.65078,0.64036,0.16953,0.07276,0.26922,0.76641,0.19464
0.14849,0.70932,0.64927,0.25208,0.083229,0.35745,0.84432,0.24563
0.12755,0.62083,0.57979,0.19005,0.071719,0.33578,0.72427,0.16745
0.12031,0.73385,0.54333,0.21844,0.06401,0.26615,0.79583,0.18349
0.13651,0.65292,0.66672,0.20432,0.073438,0.32458,0.81906,0.19365
0.14948,0.53901,0.57896,0.19115,0.0675,0.30021,0.77995,0.14568
0.10641,0.53385,0.5049,0.14135,0.063437,0.20526,0.66458,0.12802
0.12365,0.53318,0.57214,0.18943,0.074479,0.27802,0.71708,0.17521
0.16625,0.69896,0.66229,0.20542,0.080573,0.35781,0.8699,0.2451
0.13552,0.65359,0.76557,0.28677,0.078646,0.31057,0.85224,0.22526
0.17245,0.70719,0.68292,0.28214,0.097604,0.31411,0.85245,0.21943
0.12229,0.54557,0.58161,0.25083,0.072969,0.27818,0.82953,0.18667
0.14635,0.61224,0.68094,0.23635,0.073906,0.32505,0.93917,0.2362
0.12141,0.6288,0.68885,0.26052,0.070781,0.26615,0.80865,0.1588
0.13479,0.62417,0.65443,0.25495,0.075313,0.37604,0.86719,0.21063
0.13083,0.56354,0.58443,0.21484,0.078385,0.28568,0.79969,0.20781
0.14135,0.68823,0.64854,0.27313,0.075052,0.33844,0.78734,0.18552
0.15609,0.61948,0.64875,0.18964,0.071615,0.3351,0.8976,0.21188
0.12328,0.6287,0.58974,0.23318,0.073802,0.27427,0.70677,0.17635
0.14964,0.65536,0.59484,0.21813,0.067656,0.21031,0.69948,0.15411
0.1363,0.74677,0.74073,0.20578,0.094167,0.40391,0.78448,0.21427
0.18172,0.74021,0.80583,0.25964,0.083802,0.46349,0.9851,0.32818
0.19859,0.54167,0.7626,0.21484,0.075469,0.36188,0.80849,0.2874
0.19411,0.66844,0.63609,0.21979,0.066094,0.23385,0.66297,0.17167
0.15958,0.56635,0.56943,0.16354,0.072188,0.28719,0.70302,0.17411
0.070781,0.12328,0.43208,0.13411,0.04375,0.07625,0.76802,0.67391
0.088021,0.14115,0.41609,0.14547,0.038333,0.069583,0.67766,0.67156
0.088542,0.11833,0.41151,0.11411,0.040833,0.072188,0.86641,0.72151
0.066458,0.11073,0.35938,0.11042,0.041823,0.06375,0.78094,0.63125
0.085677,0.15141,0.3849,0.11901,0.039583,0.071198,0.825,0.78641
0.094531,0.1726,0.39568,0.11474,0.043958,0.069219,0.85599,0.76859
0.07474,0.13443,0.41141,0.12156,0.040729,0.075885,0.76724,0.74984
0.091146,0.15443,0.42135,0.10766,0.046146,0.074271,0.8112,0.87724
0.079896,0.13714,0.38641,0.13312,0.042135,0.079531,0.76359,0.71464
0.10156,0.13146,0.42589,0.11911,0.042083,0.11089,0.91938,0.81604
0.074063,0.11708,0.44432,0.12104,0.041042,0.091458,0.74729,0.64448
0.089583,0.12078,0.3862,0.1887,0.055885,0.10323,0.79234,0.63557
0.12615,0.14823,0.44438,0.25375,0.072708,0.11823,0.72714,0.75333
0.091302,0.15104,0.47167,0.14823,0.049844,0.10661,0.97188,0.75073
0.086094,0.1475,0.38964,0.12693,0.045885,0.18615,0.77724,0.67823
0.11193,0.15302,0.45,0.17688,0.044844,0.080312,0.84333,0.75474
0.087188,0.15547,0.47094,0.14109,0.043333,0.072865,0.72135,0.69151
0.076719,0.12417,0.36385,0.12245,0.044531,0.081146,0.66302,0.705
0.091615,0.15443,0.43542,0.13297,0.047604,0.09651,0.81391,0.7001
0.1037,0.19432,0.45885,0.12193,0.04375,0.073906,0.79474,0.66141
0.097865,0.16167,0.42484,0.1399,0.045677,0.072344,0.90724,0.89375
0.10047,0.12698,0.33948,0.12708,0.044531,0.095365,0.74729,0.69594
0.10406,0.17411,0.38073,0.21068,0.060937,0.084583,0.8013,0.60005
0.09901,0.13854,0.39323,0.14313,0.033542,0.076302,0.69594,0.61656
0.082292,0.13578,0.38078,0.098958,0.04526,0.069844,0.81948,0.64349
0.094323,0.1449,0.4212,0.13344,0.048906,0.15089,0.70474,0.54036
0.088958,0.18026,0.45625,0.14953,0.048021,0.076927,0.6788,0.65099
0.16083,0.19948,0.39682,0.11714,0.049063,0.083073,0.73917,0.69292
0.13005,0.16948,0.35901,0.13828,0.044948,0.088958,0.82146,0.71854
0.11307,0.16078,0.65167,0.145,0.047031,0.075625,0.77677,0.78443
0.10318,0.1426,0.47974,0.19245,0.051719,0.080625,0.79724,0.69005
0.098698,0.14927,0.4113,0.12359,0.039844,0.05974,0.70911,0.65026
0.11099,0.13286,0.39552,0.19875,0.049323,0.08224,0.87979,0.65427
0.099427,0.18286,0.46844,0.13844,0.050937,0.073281,0.83766,0.62021
0.081771,0.16052,0.39672,0.12552,0.04125,0.055885,0.74729,0.63089
0.10438,0.15547,0.37917,0.12125,0.048438,0.072344,0.69974,0.63297
0.12271,0.13818,0.36672,0.12031,0.043802,0.068646,0.85005,0.68542
0.14198,0.18448,0.48135,0.12641,0.041667,0.095104,0.98193,0.70578
0.16318,0.23661,0.56573,0.16589,0.04625,0.080885,0.85604,0.86656
0.12703,0.20901,0.55536,0.15505,0.054688,0.096927,1.0902,0.92891
0.11891,0.21724,0.55401,0.14031,0.0475,0.089792,0.89943,0.67552
0.083802,0.12911,0.42469,0.12562,0.039948,0.07625,1.0066,0.7026
0.13359,0.19031,0.4375,0.14135,0.046771,0.074323,0.92365,0.79396
0.13078,0.18891,0.46974,0.13974,0.051771,0.10385,0.90073,0.66063
0.11896,0.15365,0.36672,0.10187,0.049219,0.0775,0.90771,0.75214
0.13292,0.25833,0.55964,0.1526,0.045625,0.08,0.95469,0.79203
0.11193,0.18547,0.43135,0.12802,0.047396,0.083437,0.9412,0.74109
0.10578,0.18188,0.53927,0.13625,0.044271,0.090573,0.95427,0.67729
0.11313,0.19396,0.67792,0.14625,0.042969,0.076979,0.90151,0.69651
0.16557,0.31307,0.66115,0.17792,0.064271,0.095156,1.1588,0.84161
0.13917,0.29495,0.66792,0.22974,0.068021,0.083802,0.95516,0.83344
0.11703,0.1751,0.22104,0.095625,0.041823,0.051302,0.60432,0.87911
0.1474,0.21531,0.16229,0.099323,0.044427,0.058802,0.65786,0.93359
0.12094,0.19698,0.16995,0.1012,0.043021,0.071615,0.64495,0.84245
0.13635,0.23641,0.2251,0.097396,0.046198,0.065833,0.74167,0.92714
0.14208,0.25964,0.20729,0.12026,0.046094,0.061042,0.68312,0.90323
0.11536,0.21594,0.32875,0.12375,0.05599,0.06276,0.71135,0.96458
0.14984,0.2563,0.30349,0.19589,0.05526,0.067448,0.79651,1.0292
0.14849,0.2837,0.28568,0.16411,0.06651,0.064792,0.70802,1.0282
0.15667,0.23365,0.28557,0.18807,0.057188,0.065208,0.79849,0.99771
0.12057,0.22073,0.29974,0.14068,0.045365,0.054219,0.61089,0.90286
0.13516,0.24359,0.37958,0.20469,0.056771,0.06875,0.70151,0.99177
0.12536,0.1912,0.34615,0.19026,0.052812,0.056979,0.78281,1.0488
0.14328,0.24552,0.3126,0.14464,0.047917,0.093073,0.94568,0.95078
0.16625,0.25896,0.38438,0.19911,0.055052,0.075573,1.0038,1.1778
0.1512,0.23813,0.3087,0.14391,0.046094,0.067187,0.83104,1.0039
0.11005,0.19187,0.26484,0.15172,0.047188,0.055156,0.48417,0.88333
0.15792,0.23266,0.35573,0.15932,0.054427,0.076354,0.79458,1.0384
0.13177,0.25677,0.33516,0.18865,0.055156,0.062656,0.56094,0.94219
0.13526,0.19401,0.40542,0.19349,0.046302,0.057969,0.86203,1.0448
0.14776,0.23896,0.41922,0.22615,0.070521,0.075469,0.92328,1.0593
0.13583,0.18505,0.31219,0.17755,0.05,0.061094,0.74349,1.0184
0.10661,0.1788,0.24104,0.13401,0.045469,0.059375,0.59625,0.90266
0.12755,0.20745,0.26417,0.12917,0.04224,0.055573,0.74078,1.0402
0.14688,0.2038,0.24438,0.12495,0.051146,0.060156,0.69234,0.97198
0.15328,0.23125,0.19036,0.13448,0.047656,0.062552,0.76849,0.96135
0.13484,0.19682,0.36443,0.16604,0.041979,0.062865,0.79802,0.89776
0.12792,0.18812,0.23083,0.15313,0.051042,0.056927,0.77885,0.90969
0.13417,0.17865,0.25125,0.13005,0.047604,0.064375,0.69682,0.98208
0.13938,0.17417,0.30953,0.13901,0.053021,0.094167,1.0534,0.98969
0.15188,0.19719,0.29484,0.14526,0.048958,0.083333,0.78187,0.96635
0.14531,0.21438,0.26792,0.12396,0.040052,0.056146,0.59875,0.99359
0.14641,0.19599,0.29865,0.15651,0.042604,0.055104,0.6062,0.83484
0.1474,0.19266,0.20177,0.11651,0.052344,0.062396,0.64146,1.014
0.15417,0.21734,0.1588,0.099687,0.042292,0.063854,0.69104,1.0147
0.15526,0.28005,0.27052,0.14385,0.053854,0.049844,0.59771,0.99016
0.13729,0.22057,0.2388,0.16286,0.053333,0.06151,0.7313,0.99995
0.13057,0.19714,0.27854,0.15906,0.056094,0.058802,0.67854,0.82719
0.12792,0.20901,0.21823,0.1463,0.055,0.11083,0.85813,0.88052
0.17781,0.23448,0.28813,0.16922,0.059115,0.11208,1.0479,1.0836
0.14328,0.16984,0.33443,0.19437,0.049427,0.059531,0.61714,0.97359
0.14443,0.19521,0.33667,0.16583,0.051719,0.06651,0.8426,1.0017
0.15542,0.19089,0.28818,0.19083,0.05151,0.056563,0.72755,1.0533
0.14755,0.1663,0.30703,0.1874,0.054375,0.071771,0.91927,1.0615
0.16875,0.1663,0.30312,0.17594,0.050365,0.070938,0.77302,0.93875
0.19302,0.19396,0.34526,0.17292,0.049688,0.063385,0.67479,0.86229
0.14104,0.16479,0.28781,0.18781,0.061406,0.067552,0.74656,0.8876
0.12844,0.16146,0.32438,0.17521,0.058594,0.061042,0.69688,0.85896
0.14078,0.13859,0.265,0.16,0.044323,0.071979,0.95714,0.91578
0.14365,0.19141,0.35734,0.17781,0.048333,0.065417,0.84813,0.97422
0.11208,0.13734,0.35672,0.17339,0.054062,0.073802,0.82922,0.88104
0.14427,0.17042,0.34687,0.18479,0.057552,0.079375,0.93948,1.0196
0.042969,0.20375,0.18807,0.053437,0.04651,0.07151,0.063177,0.044375
0.036354,0.18958,0.17068,0.05651,0.045208,0.06776,0.048802,0.03599
0.067187,0.2112,0.26411,0.085417,0.090521,0.12922,0.13297,0.08401
0.057604,0.19995,0.17979,0.060625,0.061146,0.10307,0.22016,0.095312
0.051979,0.20328,0.23448,0.073021,0.068437,0.087813,0.090365,0.055208
0.075,0.22516,0.26854,0.10146,0.077344,0.098177,0.12609,0.066562
0.08625,0.22135,0.21849,0.088594,0.082656,0.1613,0.42115,0.17844
0.063073,0.205,0.21339,0.077708,0.068437,0.06599,0.046146,0.043646
0.082083,0.21422,0.28411,0.090625,0.0725,0.12667,0.2574,0.13229
0.081354,0.20141,0.21875,0.09151,0.075938,0.14573,0.34453,0.17953
0.16641,0.092604,0.38969,0.13016,0.09875,0.23109,0.56547,0.3337
0.12682,0.072917,0.33344,0.13917,0.076771,0.14068,0.49094,0.2413
0.13182,0.072865,0.40323,0.14339,0.080417,0.17469,0.67245,0.29328
0.1276,0.084427,0.23401,0.10219,0.061198,0.19255,0.70089,0.36479
0.15365,0.092969,0.37578,0.14375,0.070885,0.14031,0.49854,0.26224
0.10167,0.087604,0.23547,0.089219,0.055104,0.12115,0.48302,0.20036
0.11646,0.068594,0.27495,0.091927,0.05625,0.12708,0.40771,0.20339
0.090313,0.094896,0.26609,0.090156,0.051667,0.11635,0.34474,0.17807
0.11516,0.095052,0.23401,0.085625,0.058698,0.12885,0.46172,0.23891
0.09974,0.092865,0.21302,0.093542,0.049427,0.10849,0.37833,0.1975
0.052865,0.10521,0.16422,0.088073,0.043802,0.12354,0.40276,0.11453
0.053594,0.082812,0.12109,0.095052,0.055,0.10901,0.32354,0.11505
0.04125,0.080417,0.13224,0.081979,0.039219,0.093698,0.28521,0.090521
0.05125,0.099948,0.15411,0.10016,0.043698,0.11161,0.39646,0.11161
0.046615,0.10729,0.17089,0.091667,0.045781,0.11745,0.38417,0.10797
0.053542,0.086771,0.14786,0.095,0.04651,0.090781,0.33146,0.11469
0.051719,0.098802,0.16078,0.09474,0.039688,0.13547,0.47547,0.1388
0.051979,0.085104,0.15854,0.089375,0.042708,0.11734,0.38906,0.1175
0.057292,0.10464,0.15964,0.097656,0.043333,0.14229,0.47474,0.13953
0.056406,0.081406,0.1463,0.098698,0.043906,0.11646,0.37104,0.12526
0.077396,0.65625,0.3,0.053281,0.052031,0.20901,0.59734,0.12844
0.061302,0.32885,0.13927,0.042656,0.046302,0.14583,0.45922,0.076563
0.062031,0.34339,0.14406,0.045417,0.044844,0.17521,0.56344,0.075885
0.064219,0.3175,0.10802,0.047188,0.042344,0.14943,0.63479,0.07651
0.055469,0.28734,0.18557,0.052656,0.040885,0.16099,0.54094,0.083021
0.055677,0.25641,0.16594,0.051667,0.039167,0.17,0.58083,0.088229
0.051667,0.25156,0.1537,0.044635,0.038333,0.14333,0.53234,0.07651
0.048594,0.26755,0.082552,0.042865,0.039896,0.12557,0.51974,0.06099
0.059323,0.37714,0.094479,0.041667,0.045625,0.15646,0.51984,0.077448
0.045521,0.20641,0.16094,0.04724,0.041198,0.12734,0.56375,0.060833
0.048802,0.28568,0.098177,0.04401,0.040365,0.11427,0.48672,0.057448
0.047865,0.27807,0.075625,0.045833,0.040417,0.12531,0.51094,0.073542
0.051927,0.23276,0.245,0.045781,0.042865,0.13203,0.5351,0.0675
0.054375,0.31151,0.22365,0.049375,0.043698,0.14885,0.51578,0.081042
0.050208,0.22698,0.16234,0.040365,0.039688,0.15818,0.49932,0.12552
0.047552,0.26865,0.16453,0.040469,0.030833,0.1263,0.48177,0.061042
0.052396,0.24656,0.093333,0.051562,0.038125,0.12573,0.51401,0.064062
0.04901,0.31047,0.083437,0.042917,0.041198,0.12854,0.60161,0.072969
0.057344,0.25297,0.091823,0.047448,0.035365,0.12,0.5876,0.065052
0.061146,0.31839,0.14276,0.042604,0.049063,0.13714,0.48698,0.070781
0.10818,0.10182,0.2013,0.25448,0.071875,0.071875,0.24656,0.12979
0.1124,0.13036,0.43724,0.35536,0.087396,0.060208,0.135,0.099479
0.090417,0.13646,0.35198,0.28984,0.074115,0.073854,0.22599,0.14583
0.085625,0.089635,0.16479,0.25318,0.058229,0.062448,0.21672,0.12698
0.076615,0.091719,0.21958,0.17385,0.064479,0.05625,0.2049,0.098281
0.1149,0.11047,0.34901,0.27807,0.067292,0.081771,0.2575,0.20344
0.092344,0.085573,0.27667,0.20661,0.062604,0.061875,0.1699,0.12036
0.072917,0.082917,0.20568,0.24042,0.059583,0.039896,0.17307,0.088125
0.093906,0.081979,0.27203,0.24161,0.055104,0.05901,0.18411,0.12651
0.059792,0.087344,0.15448,0.25125,0.11089,0.051094,0.16339,0.22359
0.06125,0.094323,0.13255,0.26203,0.14302,0.047396,0.11734,0.18875
0.06901,0.09901,0.22677,0.34,0.12974,0.051146,0.13042,0.1912
0.052708,0.09026,0.16932,0.31542,0.12448,0.041927,0.15172,0.16281
0.06,0.092656,0.097187,0.25646,0.11057,0.041927,0.10776,0.17104
0.047865,0.083906,0.11865,0.26526,0.11807,0.042292,0.10563,0.14198
0.055104,0.083646,0.074792,0.20172,0.10016,0.040208,0.10484,0.18547
0.054844,0.072031,0.11172,0.35234,0.11901,0.043229,0.13172,0.19635
0.089844,0.097552,0.12349,0.31068,0.11964,0.053698,0.10604,0.16083
0.056667,0.092708,0.11406,0.30542,0.11521,0.04224,0.1099,0.12729
0.088177,0.23927,0.13255,0.16776,0.074479,0.12562,0.19302,0.064167
0.078542,0.11495,0.082344,0.13703,0.062344,0.13724,0.20833,0.054375
0.080885,0.11161,0.095156,0.1475,0.049375,0.12401,0.19646,0.0625
0.0575,0.089271,0.092917,0.14396,0.051875,0.13286,0.2062,0.046302
0.071563,0.091094,0.097396,0.12875,0.052552,0.12641,0.21042,0.087448
0.086927,0.12193,0.098906,0.15042,0.076302,0.14406,0.19172,0.070938
0.07,0.10464,0.082083,0.13214,0.057552,0.1312,0.21083,0.097604
0.085938,0.17344,0.1462,0.15578,0.066354,0.13906,0.22474,0.078073
0.094167,0.12755,0.10161,0.16057,0.073594,0.12161,0.22141,0.10724
0.089479,0.13464,0.10828,0.15484,0.064271,0.13568,0.22589,0.10323
0.099219,0.16219,0.38542,0.20896,0.10167,0.20464,0.64375,0.27901
0.076771,0.10073,0.29172,0.15349,0.091979,0.14031,0.50125,0.21672
0.061667,0.22333,0.36208,0.19656,0.10302,0.17786,0.49036,0.17714
0.087448,0.20203,0.4624,0.24604,0.10969,0.25417,0.58073,0.24505
0.066094,0.093958,0.31354,0.21875,0.098958,0.1699,0.50339,0.18974
0.070365,0.11786,0.33854,0.24276,0.091927,0.20984,0.52203,0.185
0.055208,0.14958,0.36062,0.2451,0.095052,0.15969,0.50339,0.15667
0.078802,0.1476,0.405,0.27911,0.090052,0.1562,0.46177,0.16865
0.057969,0.12313,0.37354,0.18589,0.091875,0.12188,0.42089,0.14771
0.071406,0.12161,0.42047,0.22844,0.09026,0.21792,0.60698,0.20115
0.080156,0.12125,0.34849,0.24391,0.10734,0.18479,0.65891,0.2275
0.081615,0.16453,0.43453,0.23531,0.089063,0.19005,0.4801,0.19297
0.085781,0.14635,0.53307,0.26875,0.10464,0.18354,0.59464,0.25677
0.069167,0.11453,0.41365,0.22812,0.09151,0.1563,0.49214,0.18281
0.10245,0.1612,0.42849,0.23974,0.11344,0.18911,0.46115,0.21641
0.070781,0.12479,0.35802,0.22969,0.096302,0.1575,0.50651,0.19057
0.097969,0.11177,0.47797,0.24401,0.099271,0.23802,0.49318,0.27021
0.097604,0.15094,0.47359,0.19958,0.11063,0.19266,0.54141,0.23802
0.086458,0.12745,0.4325,0.23146,0.10021,0.12927,0.43047,0.1812
0.090417,0.092031,0.42078,0.22312,0.087865,0.12672,0.39453,0.20714
0.0675,0.3412,0.38036,0.11167,0.058281,0.22844,0.88708,0.23708
0.072031,0.35401,0.40042,0.089479,0.061094,0.25167,0.92318,0.23781
0.086719,0.42938,0.39396,0.10177,0.05849,0.28589,1.0491,0.2049
0.10458,0.56229,0.45625,0.12318,0.060885,0.24865,1.0731,0.28307
0.085469,0.38927,0.36005,0.1062,0.066875,0.2449,1.1892,0.27307
0.15656,0.66844,0.51016,0.14323,0.090573,0.31057,1.231,0.37974
0.091302,0.38255,0.47651,0.11589,0.072083,0.23047,1.2108,0.32505
0.096458,0.6074,0.52531,0.13479,0.072708,0.2451,1.1096,0.33229
0.090469,0.49281,0.3775,0.10453,0.081823,0.30677,1.3073,0.30104
0.086667,0.44922,0.29083,0.095937,0.063437,0.21141,1.3235,0.3276
0.09125,0.37828,0.36562,0.098333,0.060937,0.20135,1.0201,0.23484
0.063229,0.36885,0.26016,0.080781,0.047188,0.16021,1.0457,0.18849
0.066146,0.42135,0.32443,0.073281,0.06474,0.26375,1.1486,0.24438
0.13349,0.38807,0.26469,0.0775,0.077135,0.19958,1.3658,0.27573
0.096562,0.41318,0.37708,0.11703,0.059687,0.20151,1.242,0.24052
0.083646,0.41583,0.30073,0.098073,0.055521,0.20896,1.4358,0.30042
0.072604,0.35625,0.59172,0.13693,0.062031,0.21615,1.2063,0.26177
0.067552,0.34203,0.24854,0.09401,0.070313,0.21948,1.0393,0.20464
0.070833,0.36057,0.26359,0.086458,0.054948,0.25234,1.1402,0.19375
0.065208,0.36057,0.24573,0.095833,0.063698,0.16542,1.1865,0.18604
0.11094,0.53078,0.34745,0.11531,0.075833,0.17964,1.1912,0.26932
0.085417,0.08776,0.16729,0.050729,0.042396,0.051667,0.32604,0.40328
0.099896,0.16672,0.22719,0.059635,0.044062,0.049115,0.3313,0.42724
0.08125,0.10141,0.29547,0.060729,0.046771,0.044219,0.32411,0.37224
0.071927,0.08724,0.19177,0.048438,0.042396,0.046302,0.30391,0.37906
0.078906,0.086042,0.23891,0.047448,0.038958,0.051146,0.33526,0.45375
0.099323,0.10911,0.23359,0.059531,0.041458,0.056719,0.38781,0.44427
0.067396,0.0825,0.26021,0.061771,0.040104,0.043594,0.28281,0.35792
0.091927,0.077604,0.2088,0.055052,0.04526,0.050104,0.30229,0.48391
0.08224,0.089635,0.21974,0.05401,0.044479,0.050573,0.40521,0.47464
0.097135,0.115,0.1487,0.048854,0.039167,0.055469,0.35266,0.46734
0.10974,0.091198,0.26932,0.05474,0.043177,0.05875,0.38021,0.5338
0.07901,0.12036,0.24948,0.055885,0.039427,0.050521,0.43089,0.49458
0.088229,0.075104,0.2701,0.059323,0.044844,0.048333,0.40635,0.51563
0.076094,0.091302,0.30771,0.063073,0.035833,0.050625,0.39823,0.45021
0.081562,0.094531,0.2413,0.063542,0.044792,0.049896,0.34078,0.41516
0.11083,0.39083,0.26302,0.059271,0.048177,0.051615,0.37568,0.40479
0.089323,0.10755,0.19531,0.05651,0.045469,0.050677,0.29083,0.37307
0.084583,0.12,0.32094,0.055781,0.040625,0.04849,0.29948,0.40271
0.092031,0.12714,0.24333,0.056875,0.057448,0.048281,0.29385,0.38911
0.092135,0.10651,0.28307,0.063281,0.042448,0.059375,0.35958,0.48911
0.092708,0.0975,0.29391,0.060156,0.042865,0.053021,0.30458,0.42323
0.078333,0.12687,0.25672,0.077917,0.05651,0.055208,0.27964,0.4338
0.073125,0.1063,0.255,0.084427,0.046406,0.055313,0.29349,0.39078
0.067917,0.08125,0.22849,0.076198,0.044115,0.064792,0.26703,0.38146
0.060833,0.075521,0.18573,0.073385,0.036771,0.057552,0.25943,0.32792
0.053073,0.058958,0.16099,0.069479,0.040052,0.043281,0.22854,0.32604
0.055833,0.06724,0.23589,0.069219,0.040417,0.047031,0.26521,0.35698
0.075313,0.08901,0.21042,0.061302,0.045156,0.055313,0.27099,0.37021
0.07724,0.090417,0.20438,0.078594,0.036458,0.042708,0.26427,0.41661
0.11266,0.19495,0.19641,0.087552,0.049479,0.055677,0.28266,0.36484
0.089271,0.084583,0.22651,0.078021,0.04875,0.064115,0.29333,0.39516
0.073438,0.086667,0.2587,0.072188,0.047083,0.050677,0.28729,0.40849
0.071146,0.11208,0.19948,0.0875,0.042188,0.04849,0.2226,0.34833
0.08625,0.084792,0.23609,0.084687,0.04875,0.053177,0.26609,0.35547
0.068698,0.072865,0.24677,0.072865,0.038802,0.051979,0.30453,0.3449
0.069427,0.06151,0.21219,0.071875,0.044479,0.051875,0.21464,0.3401
0.059115,0.09875,0.25734,0.075833,0.054115,0.054844,0.21214,0.33057
0.059271,0.08375,0.25161,0.066979,0.050052,0.085885,0.27729,0.37036
0.073438,0.11109,0.35724,0.07974,0.056042,0.058229,0.30531,0.43391
0.08151,0.088802,0.2349,0.098958,0.059115,0.063802,0.29,0.37016
0.065833,0.094479,0.27568,0.089792,0.052396,0.054531,0.25073,0.44849
0.081562,0.098229,0.23286,0.084115,0.052969,0.063698,0.2725,0.37901
0.078542,0.10901,0.23031,0.081354,0.050625,0.053698,0.21906,0.3626
0.094635,0.095417,0.17214,0.059792,0.055313,0.078021,0.48495,0.49297
0.09599,0.09375,0.14036,0.044844,0.054479,0.087917,0.37833,0.50604
0.071563,0.082083,0.12734,0.039792,0.040729,0.060677,0.35,0.32453
0.14224,0.12917,0.12807,0.060052,0.053802,0.10401,0.51953,0.63906
0.17474,0.17771,0.14703,0.057135,0.055365,0.087656,0.61948,0.76042
0.12891,0.13427,0.13375,0.043073,0.04849,0.098073,0.58635,0.56151
0.17932,0.165,0.11979,0.058385,0.053021,0.085,0.59781,0.67167
0.13031,0.14276,0.11214,0.046979,0.050104,0.10531,0.50844,0.52375
0.1374,0.15078,0.12557,0.054583,0.050469,0.076146,0.52141,0.64193
0.12427,0.12927,0.13344,0.042188,0.044427,0.069687,0.34344,0.51807
0.12714,0.12776,0.17885,0.068646,0.054062,0.078594,0.46052,0.50182
0.11911,0.11568,0.16917,0.08224,0.050573,0.073229,0.50875,0.55802
0.10328,0.11755,0.13177,0.073385,0.05375,0.061354,0.35682,0.43495
0.15823,0.16062,0.11484,0.06224,0.054219,0.077188,0.44583,0.48172
0.13177,0.1638,0.17203,0.050937,0.048229,0.091198,0.53891,0.57089
0.14453,0.16708,0.1887,0.050365,0.049688,0.066354,0.46958,0.54214
0.099948,0.11979,0.1913,0.060729,0.045104,0.069271,0.38083,0.55766
0.099115,0.17,0.16198,0.065417,0.048125,0.072083,0.40568,0.40781
0.081615,0.07099,0.11104,0.04849,0.047865,0.079531,0.40948,0.54594
0.1062,0.10536,0.1138,0.048542,0.051719,0.072969,0.49214,0.60167
0.051615,0.11208,0.23547,0.18406,0.21703,0.087813,0.55354,0.29854
0.047969,0.068177,0.23995,0.16328,0.17635,0.06776,0.41047,0.25958
0.053021,0.10568,0.24073,0.16286,0.20068,0.075313,0.39417,0.24271
0.060052,0.077396,0.23922,0.16474,0.21604,0.078698,0.39802,0.25849
0.043646,0.06526,0.2601,0.18161,0.22745,0.079687,0.26458,0.21594
0.050208,0.0875,0.29276,0.18786,0.25391,0.088594,0.46094,0.27703
0.043125,0.088438,0.28427,0.19141,0.24901,0.073177,0.39208,0.24906
0.041823,0.057604,0.2088,0.15771,0.23115,0.098594,0.45464,0.21151
0.056979,0.073229,0.2238,0.17083,0.21281,0.115,0.38766,0.28578
0.054375,0.10708,0.27276,0.18193,0.21057,0.07474,0.44224,0.25802
0.040521,0.060469,0.23083,0.17656,0.22422,0.066823,0.33115,0.19339
0.047969,0.077188,0.3126,0.14182,0.18208,0.09,0.47661,0.28005
0.052135,0.063073,0.23724,0.17198,0.20865,0.072083,0.33313,0.25589
0.045729,0.066667,0.22172,0.15828,0.21891,0.070104,0.42453,0.21161
0.052083,0.065625,0.23443,0.14995,0.25276,0.087917,0.37995,0.26536
0.05099,0.076198,0.30844,0.17104,0.23516,0.064844,0.40276,0.23984
0.050521,0.07151,0.27083,0.19818,0.20875,0.083281,0.46552,0.25573
0.049219,0.081406,0.24943,0.17036,0.20927,0.075365,0.39026,0.23068
0.047135,0.069844,0.27896,0.16568,0.2251,0.09526,0.51313,0.25719
0.05776,0.074167,0.27271,0.16365,0.23969,0.10714,0.56448,0.30635
0.11979,0.14542,0.25849,0.1437,0.070781,0.075781,0.3726,0.48943
0.12214,0.16703,0.23901,0.12078,0.064323,0.063906,0.34495,0.37839
0.15302,0.20234,0.33813,0.15917,0.070469,0.067865,0.36724,0.4612
0.13495,0.21417,0.30401,0.14849,0.069323,0.077917,0.4151,0.50292
0.16547,0.20313,0.32177,0.17703,0.079687,0.08125,0.39479,0.43266
0.15411,0.21854,0.27203,0.13406,0.07,0.066146,0.38495,0.51953
0.14521,0.26698,0.24391,0.11938,0.069948,0.057552,0.30042,0.37047
0.13781,0.20818,0.24745,0.12604,0.067083,0.063281,0.33682,0.41682
0.15042,0.2462,0.31479,0.13859,0.06901,0.067917,0.33432,0.41521
0.22339,0.2375,0.34781,0.14021,0.066302,0.079479,0.37448,0.52083
0.18276,0.21521,0.27146,0.14083,0.07724,0.068281,0.40151,0.47396
0.17714,0.23057,0.32917,0.13771,0.082812,0.088906,0.42115,0.5013
0.16677,0.23823,0.29208,0.15849,0.082552,0.089635,0.46896,0.56786
0.16026,0.23594,0.32333,0.13781,0.074427,0.070625,0.40182,0.48781
0.16406,0.20641,0.23557,0.13318,0.069687,0.068698,0.34432,0.4312
0.15016,0.20578,0.27365,0.13729,0.071094,0.084062,0.41401,0.43995
0.14464,0.17729,0.23698,0.12328,0.068437,0.064323,0.26099,0.34156
0.17458,0.27776,0.30729,0.14495,0.082083,0.078958,0.39458,0.40625
0.16161,0.24339,0.30036,0.13885,0.07901,0.072969,0.34714,0.39833
0.18458,0.23161,0.31792,0.14964,0.067187,0.072396,0.4263,0.51307
0.085833,0.16437,0.26526,0.155,0.091094,0.084115,0.54344,0.50542
0.10516,0.17911,0.2049,0.13547,0.078385,0.067448,0.39536,0.37677
0.08625,0.18891,0.2499,0.11224,0.084219,0.063229,0.31911,0.38917
0.090417,0.18036,0.21479,0.1337,0.076198,0.066562,0.43104,0.32
0.13349,0.2401,0.35552,0.24474,0.12995,0.080417,0.34984,0.40099
0.12755,0.27536,0.26458,0.19156,0.099635,0.073073,0.42703,0.35766
0.12089,0.29896,0.27526,0.14047,0.077552,0.080573,0.41969,0.38016
0.10859,0.22724,0.22318,0.11427,0.081979,0.069687,0.3987,0.32099
0.10646,0.21646,0.22672,0.14563,0.078698,0.05375,0.32568,0.30818
0.10031,0.19802,0.23885,0.13792,0.075365,0.071875,0.4087,0.2926
0.12135,0.28214,0.28031,0.14583,0.082396,0.091042,0.37562,0.30458
0.10604,0.21016,0.21266,0.13646,0.088594,0.087865,0.53776,0.36099
0.098333,0.21948,0.19047,0.12036,0.076094,0.061354,0.36854,0.32573
0.075313,0.19771,0.18214,0.099844,0.058385,0.052917,0.27849,0.23406
0.10557,0.24688,0.26521,0.15927,0.079375,0.066615,0.37036,0.36193
0.098229,0.18521,0.23104,0.13464,0.071719,0.073958,0.47448,0.40036
0.083385,0.16396,0.20401,0.14547,0.078437,0.050313,0.28781,0.29391
0.0825,0.21875,0.20271,0.12313,0.073281,0.052917,0.24958,0.24125
0.089271,0.23542,0.21786,0.13089,0.077448,0.066667,0.43818,0.31859
0.083698,0.18589,0.20688,0.11823,0.067031,0.056406,0.35344,0.31859
0.083698,0.1825,0.20104,0.10609,0.063021,0.063698,0.42651,0.28286
0.091406,0.17406,0.20411,0.11505,0.06599,0.059375,0.39833,0.30302
0.11234,0.19969,0.22969,0.1224,0.07474,0.068333,0.41313,0.36661
0.10938,0.20026,0.25292,0.1525,0.08599,0.079115,0.45958,0.3151
0.13401,0.1488,0.18182,0.12583,0.099531,0.084896,0.46927,0.65812
0.089479,0.12104,0.10927,0.11135,0.082344,0.057188,0.2826,0.35984
0.091719,0.11984,0.12333,0.13203,0.098698,0.058542,0.30964,0.42828
0.091406,0.10401,0.12646,0.11328,0.075313,0.053333,0.27943,0.45313
0.11026,0.12755,0.12745,0.14922,0.094167,0.06151,0.34255,0.51995
0.076458,0.11391,0.15177,0.13094,0.094687,0.058594,0.28563,0.35714
0.084844,0.12125,0.14089,0.15354,0.089635,0.050781,0.28646,0.37667
0.10156,0.15828,0.1787,0.17125,0.10229,0.060052,0.36443,0.43604
0.07849,0.13531,0.16677,0.15375,0.09901,0.055573,0.32453,0.34807
0.078646,0.1425,0.17318,0.1438,0.090729,0.057552,0.31401,0.36932
0.10396,0.14417,0.22135,0.17745,0.096823,0.064583,0.3026,0.38703
0.07,0.14448,0.14281,0.14807,0.085885,0.045625,0.23641,0.25417
0.089323,0.14307,0.14938,0.12089,0.093854,0.056979,0.3176,0.39229
0.094896,0.18885,0.18354,0.18245,0.096771,0.052135,0.25604,0.32766
0.09,0.14724,0.16651,0.13719,0.080573,0.050885,0.27344,0.3338
0.095573,0.14734,0.16594,0.11536,0.081042,0.051719,0.30385,0.36453
0.12781,0.2438,0.2513,0.14214,0.098021,0.058594,0.34724,0.40495
0.11922,0.18333,0.225,0.13958,0.088542,0.068125,0.3801,0.54661
0.11224,0.17052,0.17109,0.14406,0.11333,0.076146,0.36396,0.52484
0.11438,0.16786,0.19875,0.17031,0.10813,0.069896,0.37286,0.40943
0.083229,0.15734,0.14943,0.13281,0.081042,0.053229,0.24651,0.31141
0.10047,0.16615,0.16938,0.14474,0.087969,0.05224,0.26594,0.38427
0.098229,0.22823,0.22047,0.15219,0.09901,0.05651,0.27354,0.36036
0.10182,0.2012,0.20693,0.16516,0.10406,0.065469,0.32802,0.44266
0.09375,0.23797,0.2299,0.15286,0.11651,0.13344,0.33198,0.25635
0.12203,0.31036,0.28995,0.15615,0.1162,0.10833,0.26469,0.26594
0.13203,0.30734,0.30135,0.14068,0.10031,0.11266,0.30906,0.30755
0.13896,0.32188,0.31344,0.17354,0.13375,0.12438,0.37115,0.31938
0.099219,0.2438,0.24823,0.13583,0.11422,0.11057,0.33578,0.27708
0.10531,0.30958,0.29891,0.13734,0.11297,0.098854,0.34125,0.26526
0.11047,0.2538,0.27958,0.15417,0.099896,0.10625,0.31818,0.26156
0.10932,0.27802,0.27865,0.14911,0.11172,0.13979,0.26859,0.24401
0.084792,0.24484,0.26953,0.1275,0.092135,0.1024,0.30609,0.25219
0.10583,0.26656,0.2224,0.1162,0.10151,0.076719,0.29406,0.26859
0.098437,0.26063,0.26484,0.11578,0.093594,0.083437,0.24531,0.23125
0.11599,0.27245,0.24563,0.15302,0.10333,0.08901,0.29974,0.27599
0.088177,0.22677,0.24396,0.11083,0.099167,0.10151,0.25245,0.22448
0.072656,0.19469,0.18203,0.097396,0.091146,0.072604,0.23703,0.19604
0.095365,0.27422,0.24401,0.11458,0.10896,0.096875,0.2887,0.25807
0.083906,0.25089,0.2537,0.12406,0.09474,0.1001,0.27854,0.23161
0.10427,0.25891,0.23875,0.11417,0.10266,0.10391,0.35187,0.23974
0.096094,0.21849,0.27771,0.15234,0.10542,0.11583,0.25464,0.26771
0.10557,0.22479,0.26276,0.12708,0.10854,0.10198,0.29828,0.28052
0.11646,0.27792,0.26047,0.14422,0.10047,0.10396,0.35594,0.28245
0.11667,0.31682,0.2738,0.05599,0.046458,0.20948,1.0195,0.33849
0.28828,0.29214,0.2024,0.046927,0.048177,0.17302,0.80146,0.22865
0.27229,0.3976,0.20224,0.053802,0.053177,0.24229,0.9024,0.38151
0.19984,0.38854,0.3099,0.063542,0.054323,0.19422,0.8426,0.32417
0.27224,0.52182,0.29911,0.058177,0.059844,0.35677,0.83589,0.45698
0.25734,0.46844,0.26208,0.064583,0.061615,0.27026,0.82036,0.42562
0.26771,0.47187,0.2488,0.05526,0.051042,0.22078,0.90755,0.30766
0.33719,0.47354,0.18703,0.051042,0.054375,0.20391,0.78432,0.23943
0.33458,0.50385,0.21109,0.049427,0.053854,0.27193,0.93604,0.36391
0.23589,0.50911,0.28635,0.063802,0.058646,0.23182,0.74542,0.29401
0.2437,0.46411,0.23542,0.052917,0.055729,0.21885,0.76276,0.31885
0.2813,0.60734,0.3325,0.061094,0.060729,0.23271,0.90724,0.37391
0.28406,0.4926,0.3225,0.062396,0.059531,0.2876,0.80641,0.30068
0.20849,0.55464,0.34635,0.065521,0.060677,0.29146,0.79464,0.34073
0.17516,0.44151,0.30573,0.052292,0.055313,0.3088,0.90052,0.39552
0.15083,0.51844,0.21281,0.074688,0.049479,0.23401,0.8999,0.32354
0.30214,0.54937,0.28109,0.06776,0.061979,0.23266,0.83969,0.34427
0.25724,0.45208,0.26797,0.066719,0.061979,0.2501,0.67682,0.34547
0.24792,0.48141,0.21865,0.058229,0.045729,0.24073,0.68031,0.29094
0.25188,0.55901,0.33094,0.069635,0.061354,0.25703,0.92214,0.38703
0.24573,0.3737,0.5726,0.062656,0.049115,0.27953,0.89641,0.38578
0.26891,0.38401,0.53698,0.079583,0.053281,0.41396,0.95578,0.46474
0.22344,0.36271,0.45635,0.069375,0.054167,0.28036,0.84375,0.49125
0.22625,0.34057,0.49214,0.06651,0.052812,0.29651,0.88823,0.39344
0.23099,0.42531,0.55323,0.09526,0.062083,0.36198,0.89505,0.48688
0.24214,0.46323,0.64474,0.075521,0.040104,0.32229,0.80099,0.47401
0.2426,0.32688,0.42161,0.054271,0.044583,0.20734,0.84219,0.4301
0.15536,0.20656,0.45448,0.068177,0.043125,0.1999,0.97641,0.39714
0.16729,0.35594,0.66474,0.092708,0.063594,0.35542,1.0302,0.45078
0.23406,0.42516,0.52255,0.088594,0.045625,0.23646,0.86557,0.47609
0.24953,0.34714,0.52469,0.067969,0.046771,0.28693,0.86255,0.37661
0.2424,0.43844,0.50875,0.074479,0.05474,0.25031,0.94922,0.43667
0.26188,0.38589,0.61156,0.072604,0.048854,0.2625,0.94198,0.4413
0.21151,0.34354,0.36859,0.06776,0.043073,0.20026,0.9113,0.37141
0.1626,0.29849,0.39432,0.070885,0.040052,0.1949,0.83667,0.35089
0.24823,0.41589,0.43318,0.060677,0.047552,0.29917,0.95099,0.50432
0.25688,0.40005,0.42995,0.078802,0.052448,0.22953,0.9112,0.4825
0.24214,0.37214,0.50604,0.070052,0.05224,0.22807,0.95771,0.41703
0.26125,0.43688,0.67521,0.09224,0.05901,0.33896,0.94474,0.52906
0.2851,0.47542,0.51984,0.096042,0.063073,0.29938,1.0248,0.48328
0.25021,0.31068,0.1963,0.05974,0.083073,0.62818,1.1782,0.32078
0.23938,0.2787,0.25625,0.061094,0.080156,0.62146,1.1099,0.29964
0.26323,0.36182,0.29859,0.062344,0.073125,0.53333,0.79641,0.22089
0.27182,0.42901,0.28943,0.065677,0.10896,0.64422,0.89557,0.25464
0.26354,0.38651,0.14854,0.057604,0.11521,0.52182,0.98208,0.32646
0.20323,0.20161,0.19854,0.044896,0.0725,0.51505,0.95911,0.16089
0.23724,0.18609,0.1375,0.047188,0.079375,0.64349,0.96797,0.28484
0.17182,0.26458,0.2462,0.064583,0.080937,0.54448,1.0408,0.27099
0.2263,0.25635,0.20146,0.053698,0.078073,0.56526,1.0272,0.25557
0.20844,0.25651,0.1976,0.060833,0.084219,0.6713,0.9725,0.255
0.19797,0.19917,0.14224,0.045885,0.074427,0.43911,1.0794,0.21729
0.22958,0.23542,0.17438,0.051146,0.075677,0.62036,1.0285,0.25208
0.28375,0.30542,0.2901,0.060469,0.1038,0.76719,1.1802,0.35115
0.22958,0.27667,0.25422,0.060781,0.079115,0.58984,1.0503,0.27396
0.22646,0.27495,0.23005,0.059323,0.095417,0.63339,0.98828,0.27849
0.23984,0.32521,0.25896,0.059479,0.1025,0.71078,1.0728,0.33797
0.2338,0.30464,0.30021,0.059948,0.10526,0.93026,1.059,0.28083
0.2501,0.42177,0.27068,0.075313,0.10021,0.6587,0.99464,0.28078
0.21849,0.35266,0.27849,0.054792,0.073802,0.50646,1.1445,0.26234
0.24656,0.35005,0.29661,0.069844,0.081979,0.5624,0.94937,0.23406
0.12495,0.3551,0.62984,0.11234,0.068333,0.38943,0.83786,0.43312
0.10151,0.31766,0.57635,0.095781,0.069271,0.34474,0.9738,0.40833
0.096979,0.27484,0.43109,0.088802,0.050313,0.21995,0.98927,0.44458
0.08974,0.26646,0.3351,0.077031,0.050365,0.25042,0.93896,0.2975
0.15677,0.42911,0.39141,0.087708,0.056198,0.25943,0.83583,0.23266
0.1325,0.31,0.38182,0.088646,0.05901,0.2926,0.94667,0.46323
0.10667,0.43188,0.44214,0.10125,0.060052,0.23453,1.0997,0.37589
0.073125,0.38292,0.42932,0.09,0.053646,0.38125,0.83099,0.29307
0.1037,0.28703,0.37812,0.090417,0.048438,0.22354,0.85094,0.33219
0.10708,0.39943,0.445,0.11068,0.056146,0.22396,0.9976,0.35042
0.074063,0.3049,0.43531,0.083802,0.050729,0.19849,0.94974,0.29781
0.093854,0.3012,0.38125,0.095,0.052604,0.15385,0.91802,0.30188
0.075365,0.35042,0.38245,0.10187,0.053073,0.18172,0.95937,0.30333
0.11266,0.50599,0.43854,0.10443,0.060521,0.28766,0.99432,0.38344
0.09875,0.395,0.40302,0.1687,0.073177,0.23276,0.87604,0.21839
0.12411,0.3338,0.39714,0.10281,0.0525,0.24161,0.94979,0.48385
0.11635,0.36047,0.43109,0.099062,0.055625,0.21672,0.90802,0.35104
0.10177,0.3725,0.44948,0.11115,0.050156,0.20375,0.91349,0.37479
0.096719,0.38625,0.39276,0.10609,0.056719,0.21656,1.1177,0.33099
0.099271,0.33599,0.50521,0.10151,0.047865,0.16536,0.94005,0.31927
