0.038055,0.15106,0.083207,0.031322,0.024407,0.099549,0.28692,0.059007
0.031638,0.073241,0.053446,0.027033,0.022813,0.11314,0.2937,0.063247
0.036028,0.10521,0.050687,0.029913,0.019264,0.06132,0.27326,0.036051
0.031087,0.055338,0.057431,0.028804,0.018377,0.078437,0.2563,0.03431
0.039213,0.13085,0.049287,0.025154,0.019805,0.084923,0.23498,0.027258
0.042943,0.13738,0.063661,0.035762,0.023472,0.088494,0.26228,0.042442
0.018554,0.035852,0.041073,0.02857,0.019274,0.080077,0.25591,0.037625
0.031048,0.093402,0.038963,0.028406,0.019401,0.078442,0.29738,0.050631
0.0428,0.13567,0.052131,0.031677,0.020061,0.059829,0.2615,0.033976
0.024738,0.062216,0.056358,0.037641,0.018923,0.080379,0.23872,0.037146
0.046979,0.14304,0.068114,0.029419,0.023096,0.073102,0.27678,0.0352
0.047782,0.15712,0.077707,0.029169,0.02181,0.068682,0.26679,0.056646
0.049906,0.15436,0.065252,0.030519,0.024648,0.09939,0.20821,0.04567
0.038885,0.093993,0.057101,0.026935,0.022706,0.10121,0.24606,0.042586
0.025138,0.085047,0.0756,0.037689,0.018641,0.070541,0.20516,0.030824
0.026647,0.11288,0.045015,0.028719,0.019928,0.087015,0.30946,0.051242
0.027295,0.086285,0.051369,0.025555,0.016949,0.051254,0.24406,0.026036
0.027168,0.067835,0.048332,0.027614,0.019094,0.064151,0.25737,0.032663
0.028147,0.082211,0.052505,0.031211,0.016363,0.060683,0.25793,0.026075
0.021481,0.061237,0.048718,0.029218,0.018277,0.088153,0.23273,0.034985
0.018826,0.044024,0.045701,0.031977,0.015729,0.054438,0.23723,0.022435
0.031882,0.1056,0.047599,0.030764,0.016561,0.056593,0.25882,0.029865
0.016388,0.041048,0.042337,0.028284,0.020232,0.088478,0.24102,0.038785
0.02003,0.040318,0.038257,0.027812,0.018087,0.071287,0.18132,0.023825
0.026769,0.068874,0.043428,0.036992,0.018008,0.054198,0.23251,0.024457
0.031619,0.11116,0.046949,0.031702,0.018222,0.058181,0.24004,0.032657
0.031425,0.10861,0.044566,0.031484,0.020373,0.087024,0.23945,0.024515
0.053179,0.17811,0.055103,0.036056,0.022362,0.06878,0.19736,0.031818
0.047048,0.12075,0.058509,0.033868,0.020152,0.064745,0.27041,0.038273
0.035171,0.12185,0.045759,0.028125,0.017199,0.064018,0.27088,0.03447
0.053389,0.12461,0.051807,0.031509,0.022661,0.07113,0.27369,0.037261
0.02284,0.08164,0.046701,0.029543,0.017815,0.055452,0.21651,0.025587
0.032868,0.12114,0.054029,0.030837,0.018166,0.073285,0.22746,0.029141
0.059723,0.15023,0.059269,0.031093,0.018411,0.055313,0.23569,0.034939
0.030425,0.10643,0.048168,0.029557,0.01661,0.063408,0.23423,0.028348
0.028606,0.085971,0.066558,0.030264,0.016937,0.057389,0.24697,0.03015
0.054858,0.18227,0.069272,0.035954,0.0215,0.064575,0.25512,0.042173
0.040384,0.12011,0.055876,0.031882,0.019867,0.068427,0.2401,0.033133
0.036816,0.098477,0.056477,0.028125,0.016683,0.052096,0.25141,0.032979
0.030512,0.12046,0.050191,0.030499,0.019094,0.058959,0.24698,0.027236
0.027863,0.06809,0.044396,0.032193,0.019019,0.064455,0.26844,0.034012
0.045968,0.15253,0.059221,0.031522,0.020343,0.07917,0.22033,0.038591
0.05047,0.14465,0.054784,0.031393,0.019009,0.062578,0.24282,0.03867
0.051551,0.14147,0.056185,0.033832,0.019898,0.062951,0.25363,0.04436
0.027078,0.09409,0.052918,0.028255,0.017804,0.066524,0.24043,0.028513
0.022607,0.07575,0.052272,0.031619,0.018554,0.05932,0.25742,0.031315
0.040344,0.12871,0.043759,0.030685,0.018772,0.056811,0.25155,0.028298
0.033874,0.10768,0.053021,0.026973,0.017678,0.048387,0.23852,0.032881
0.047829,0.1525,0.056221,0.031041,0.019359,0.062216,0.24434,0.031619
0.039115,0.12535,0.047675,0.034131,0.018266,0.05266,0.22267,0.029273
0.04853,0.14896,0.061247,0.033096,0.018087,0.044254,0.2736,0.027548
0.037239,0.14364,0.059611,0.036799,0.019317,0.047513,0.25919,0.030778
0.027944,0.1003,0.054628,0.033488,0.017974,0.055287,0.24382,0.03192
0.039369,0.13252,0.059696,0.033928,0.018098,0.048726,0.24038,0.035835
0.048513,0.1643,0.061147,0.036533,0.018366,0.055069,0.24953,0.030197
0.023455,0.075095,0.050004,0.030612,0.017423,0.05203,0.25833,0.027629
0.023799,0.07326,0.056596,0.031632,0.017872,0.064641,0.2797,0.032626
0.037635,0.10464,0.048387,0.024557,0.018289,0.068771,0.27898,0.037673
0.034126,0.099849,0.05291,0.02434,0.01964,0.057272,0.27552,0.038422
0.030439,0.10163,0.056043,0.023893,0.01888,0.083755,0.261,0.042298
0.03776,0.11697,0.072895,0.033103,0.019692,0.050975,0.22352,0.029783
0.029239,0.078434,0.047509,0.029308,0.017434,0.047341,0.22814,0.029398
0.045416,0.11477,0.052458,0.033372,0.019147,0.049833,0.21222,0.03085
0.039887,0.10956,0.051685,0.024399,0.01903,0.063167,0.24671,0.027503
0.024474,0.078846,0.049931,0.030764,0.017152,0.04802,0.25328,0.033427
0.023351,0.086781,0.051551,0.033457,0.022207,0.058693,0.25451,0.029029
0.031632,0.105,0.049984,0.028427,0.01678,0.063712,0.25413,0.032942
0.034006,0.10566,0.07061,0.029687,0.017199,0.045015,0.23719,0.026943
0.022207,0.066689,0.049866,0.029708,0.018065,0.047871,0.24103,0.029776
0.028839,0.099664,0.047324,0.028363,0.019285,0.073518,0.28492,0.042149
0.022741,0.062255,0.036953,0.030399,0.018587,0.064231,0.25908,0.035107
0.076947,0.21502,0.079165,0.039141,0.021622,0.062967,0.27357,0.048593
0.046373,0.13766,0.049751,0.03206,0.019359,0.045777,0.26396,0.041438
0.019651,0.069145,0.052609,0.029371,0.017199,0.053537,0.27069,0.03587
0.020373,0.074011,0.054628,0.031139,0.016225,0.043329,0.23032,0.03218
0.025706,0.11598,0.041902,0.02862,0.016375,0.04159,0.26218,0.032551
0.03169,0.094407,0.051174,0.026746,0.017021,0.04744,0.2733,0.039887
0.02627,0.083415,0.049959,0.026913,0.014048,0.041048,0.23382,0.033518
0.026447,0.075144,0.043722,0.028541,0.017804,0.045348,0.25536,0.035722
0.026791,0.13068,0.053727,0.027503,0.017712,0.039534,0.21654,0.039994
0.023559,0.076216,0.052571,0.028669,0.016548,0.063584,0.27405,0.051079
0.029029,0.11868,0.046771,0.026822,0.015755,0.038411,0.29566,0.034493
0.019918,0.064902,0.045981,0.028038,0.017176,0.047376,0.26266,0.031133
0.025895,0.083263,0.055657,0.030599,0.016585,0.051031,0.29949,0.034072
0.026532,0.097146,0.045648,0.024894,0.015755,0.044314,0.27618,0.033482
0.023324,0.082394,0.04161,0.028762,0.017666,0.05192,0.25793,0.034705
0.022198,0.096292,0.042895,0.025065,0.016536,0.037581,0.21307,0.03087
0.019274,0.062246,0.045096,0.026493,0.017724,0.045478,0.22026,0.027944
0.020611,0.062516,0.041776,0.023316,0.015349,0.047999,0.21735,0.030639
0.02355,0.080024,0.037846,0.022991,0.015973,0.03977,0.19873,0.029419
0.023079,0.083038,0.034758,0.025801,0.018576,0.046884,0.26455,0.044327
0.019147,0.055427,0.036017,0.020581,0.015547,0.050069,0.24299,0.035217
0.025895,0.099412,0.032028,0.033366,0.016561,0.036505,0.23387,0.030678
0.020778,0.060046,0.041468,0.023272,0.01587,0.038607,0.23519,0.030817
0.030184,0.12375,0.038326,0.024432,0.016536,0.041217,0.23887,0.033488
0.050409,0.17539,0.054314,0.030605,0.017223,0.051862,0.28441,0.044065
0.018707,0.03235,0.033952,0.023472,0.017527,0.049641,0.24512,0.039156
0.022308,0.093624,0.035699,0.022399,0.017952,0.048559,0.31398,0.038342
0.024532,0.10384,0.041404,0.022697,0.017411,0.043931,0.29346,0.033669
0.024812,0.093819,0.046069,0.024812,0.01635,0.040248,0.23959,0.028719
0.031289,0.13526,0.055158,0.029653,0.017199,0.052112,0.28148,0.045693
0.035915,0.11856,0.045281,0.029474,0.017294,0.051456,0.27309,0.038607
0.030412,0.12957,0.066313,0.029954,0.019243,0.050256,0.25093,0.034452
0.035378,0.12423,0.052315,0.03192,0.018444,0.047564,0.26653,0.030089
0.032781,0.13321,0.049051,0.026791,0.018065,0.04135,0.26502,0.0377
0.039317,0.11493,0.072112,0.026532,0.024507,0.10704,0.32587,0.081854
0.022362,0.062226,0.038522,0.022697,0.020323,0.069342,0.28996,0.039052
0.030089,0.11469,0.039358,0.025825,0.020313,0.07657,0.28246,0.04178
0.033121,0.115,0.043861,0.026409,0.019568,0.066082,0.26293,0.034137
0.026138,0.08789,0.050175,0.025587,0.018008,0.056815,0.29327,0.031296
0.029197,0.092229,0.049088,0.026192,0.018166,0.072714,0.32299,0.03539
0.030883,0.1035,0.07719,0.041197,0.019764,0.07292,0.31019,0.035539
0.030419,0.11118,0.060023,0.025809,0.019785,0.075691,0.32467,0.039698
0.031438,0.0996,0.054055,0.027702,0.018923,0.062523,0.24975,0.033603
0.022946,0.093973,0.051869,0.024523,0.018998,0.071044,0.2793,0.035321
0.028348,0.11704,0.043582,0.025587,0.018433,0.064996,0.26381,0.035937
0.035499,0.13852,0.067378,0.026355,0.020885,0.072386,0.25459,0.038401
0.031869,0.1266,0.06627,0.027466,0.023228,0.10544,0.23766,0.04971
0.032476,0.13737,0.058258,0.027636,0.026301,0.11197,0.29857,0.06411
0.030305,0.091964,0.058167,0.026285,0.017838,0.065208,0.27303,0.032893
0.030903,0.1216,0.064861,0.028204,0.017963,0.088948,0.2872,0.041128
0.037222,0.13222,0.051051,0.024845,0.016634,0.056293,0.25902,0.03213
0.029804,0.10465,0.05314,0.024992,0.020422,0.090292,0.26805,0.042004
0.028406,0.083556,0.053987,0.023079,0.017493,0.063286,0.26529,0.031335
0.025516,0.089802,0.057827,0.025331,0.017021,0.053594,0.26672,0.024689
0.025864,0.092612,0.05465,0.024705,0.01962,0.061809,0.26356,0.034108
0.024114,0.097559,0.052741,0.025138,0.018098,0.082451,0.26551,0.034375
0.022813,0.061459,0.046008,0.02673,0.019126,0.072473,0.28219,0.033421
0.027123,0.10018,0.055132,0.02728,0.018966,0.055114,0.25033,0.026769
0.026547,0.099504,0.061387,0.028038,0.018532,0.06845,0.29435,0.037883
0.026837,0.10453,0.046404,0.0267,0.018663,0.063293,0.25442,0.034143
0.025235,0.089254,0.065011,0.025428,0.018422,0.066546,0.26632,0.039989
0.021894,0.072329,0.046866,0.02542,0.015534,0.04131,0.26111,0.024332
0.030585,0.10759,0.061502,0.02819,0.017152,0.049923,0.25268,0.030956
0.024689,0.092555,0.049665,0.026216,0.019411,0.080619,0.24674,0.035275
0.02842,0.098875,0.062216,0.027459,0.017446,0.055151,0.2928,0.028356
0.028952,0.076424,0.045924,0.025635,0.018923,0.058921,0.24047,0.031412
0.019599,0.073318,0.054228,0.024139,0.018761,0.061671,0.28201,0.038065
0.026107,0.10524,0.050316,0.027643,0.017329,0.049225,0.22954,0.024424
0.027056,0.096747,0.058675,0.025682,0.017849,0.060737,0.25755,0.030332
0.026738,0.082453,0.06297,0.023559,0.020262,0.073349,0.27543,0.039913
0.026301,0.10289,0.058488,0.024656,0.017918,0.055235,0.29408,0.030103
0.027474,0.11291,0.044139,0.024902,0.015998,0.058307,0.21628,0.025619
0.030499,0.11164,0.053613,0.025315,0.019609,0.071261,0.28325,0.036022
0.026829,0.10089,0.049763,0.025864,0.019264,0.056116,0.25051,0.036005
0.029838,0.11546,0.043344,0.027754,0.017388,0.052447,0.26555,0.033766
0.021262,0.061757,0.043769,0.02459,0.016997,0.055894,0.27197,0.031438
0.025563,0.10633,0.049117,0.02391,0.017329,0.050401,0.28072,0.02879
0.024812,0.094696,0.047999,0.025674,0.016301,0.060117,0.25822,0.027754
0.038785,0.12913,0.056387,0.025154,0.017223,0.048985,0.22405,0.028204
0.030264,0.097568,0.061499,0.023403,0.017643,0.047969,0.22419,0.028125
0.032085,0.1165,0.04546,0.025106,0.017116,0.048864,0.26872,0.026083
0.042418,0.13908,0.049894,0.026401,0.019609,0.066359,0.25838,0.035234
0.023237,0.087874,0.049943,0.02349,0.017009,0.048332,0.27132,0.025203
0.019764,0.065136,0.049669,0.024181,0.017527,0.057225,0.25116,0.031516
0.023498,0.081968,0.060844,0.023132,0.018976,0.062474,0.3026,0.038427
0.021166,0.10347,0.048968,0.026639,0.017364,0.053613,0.24726,0.027621
0.023893,0.082694,0.056506,0.028248,0.019137,0.059529,0.26106,0.032155
0.021414,0.083117,0.056801,0.021079,0.016524,0.041143,0.24231,0.028103
0.019588,0.058952,0.053377,0.024215,0.016251,0.050827,0.23484,0.027451
0.02307,0.089088,0.045384,0.024581,0.016049,0.049501,0.28309,0.030405
0.020252,0.069351,0.051775,0.024581,0.018053,0.049841,0.23916,0.029865
0.027228,0.11634,0.053411,0.025146,0.019253,0.065891,0.25289,0.034274
0.023017,0.088434,0.047509,0.025452,0.017574,0.056937,0.26693,0.029681
0.018783,0.071804,0.059826,0.025049,0.015547,0.053651,0.23422,0.026988
0.02228,0.086242,0.05684,0.019754,0.017906,0.055268,0.30712,0.034664
0.023688,0.09343,0.0521,0.025523,0.015547,0.053033,0.24562,0.028591
0.04089,0.16499,0.050037,0.024315,0.017081,0.05413,0.27082,0.026624
0.027033,0.10091,0.060643,0.027041,0.017258,0.049365,0.29469,0.029913
0.027732,0.12479,0.058983,0.026524,0.018815,0.049526,0.26564,0.028606
0.02355,0.1061,0.05521,0.025,0.016301,0.045232,0.24955,0.028973
0.02361,0.095959,0.052802,0.026401,0.018065,0.058118,0.26688,0.029516
0.025848,0.11464,0.041595,0.024869,0.016338,0.048189,0.24982,0.024465
0.024606,0.10334,0.043731,0.026943,0.018696,0.052377,0.22963,0.033072
0.035084,0.1048,0.059279,0.025943,0.018211,0.05471,0.23835,0.029571
0.024771,0.11371,0.056456,0.024992,0.022616,0.053396,0.26665,0.029701
0.025682,0.086877,0.039312,0.025832,0.015203,0.051266,0.25417,0.023394
0.045835,0.15953,0.04636,0.022161,0.017176,0.050735,0.22966,0.030519
0.026631,0.10382,0.044974,0.026075,0.017411,0.06007,0.28577,0.032843
0.040177,0.13595,0.050324,0.031529,0.021118,0.066957,0.27077,0.035101
0.036477,0.13436,0.042576,0.024265,0.01678,0.048117,0.26051,0.033494
0.030771,0.098158,0.052814,0.023987,0.019609,0.073532,0.27047,0.035482
0.028747,0.10779,0.053586,0.024515,0.016973,0.048324,0.27287,0.02852
0.032363,0.13142,0.057151,0.023902,0.016949,0.045241,0.24559,0.026223
0.033323,0.11405,0.045308,0.025073,0.019073,0.047701,0.26136,0.029523
0.029845,0.10248,0.048088,0.023936,0.016462,0.054877,0.27676,0.032961
0.034505,0.12812,0.041246,0.023026,0.0161,0.056632,0.22028,0.030665
0.036577,0.14886,0.034839,0.024215,0.017081,0.068165,0.22652,0.022982
0.025219,0.089766,0.044657,0.023061,0.016238,0.047414,0.24832,0.029405
0.024845,0.099827,0.036544,0.023052,0.017758,0.0589,0.27051,0.033802
0.024598,0.098237,0.037722,0.02249,0.01727,0.054456,0.29207,0.030619
0.025114,0.098714,0.037926,0.02513,0.018098,0.057739,0.27896,0.028846
0.045586,0.15874,0.046649,0.025595,0.019826,0.061177,0.27545,0.030863
0.026897,0.10949,0.03858,0.022875,0.016744,0.056944,0.24815,0.025484
0.030015,0.11951,0.036975,0.023211,0.018422,0.060636,0.24428,0.036832
0.027907,0.097859,0.049472,0.024532,0.018008,0.053677,0.29834,0.026685
0.021735,0.078476,0.030718,0.020262,0.017963,0.078219,0.28405,0.035355
0.027812,0.11338,0.042245,0.020719,0.016817,0.053583,0.23311,0.030392
0.02569,0.10215,0.037641,0.024004,0.01777,0.043671,0.25527,0.026393
0.023748,0.069615,0.038958,0.023307,0.016474,0.057696,0.27788,0.035949
0.025404,0.10417,0.049497,0.02644,0.016804,0.048197,0.31176,0.029308
0.026247,0.11599,0.038916,0.022372,0.018444,0.069568,0.26392,0.032047
0.02397,0.12173,0.032155,0.021519,0.016163,0.050687,0.25732,0.029994
0.027086,0.087723,0.031933,0.022399,0.018199,0.06962,0.24108,0.034711
0.03112,0.13516,0.065202,0.020571,0.018521,0.06035,0.2869,0.032463
0.02695,0.10772,0.042576,0.025008,0.016889,0.05899,0.26449,0.035327
0.021819,0.072512,0.03632,0.022326,0.01587,0.043259,0.24385,0.030116
0.020631,0.079866,0.048818,0.026068,0.017574,0.055909,0.27704,0.031185
0.036158,0.10626,0.048391,0.021329,0.017211,0.076267,0.26315,0.039203
0.027871,0.086157,0.035084,0.019474,0.018739,0.056188,0.26323,0.033238
0.029674,0.097367,0.04078,0.019568,0.017446,0.076059,0.25003,0.046784
0.033354,0.13782,0.04866,0.02001,0.017804,0.05002,0.23462,0.027607
0.031178,0.10719,0.035988,0.021099,0.017804,0.050033,0.24648,0.033354
0.024054,0.11077,0.031696,0.019115,0.017827,0.053048,0.26893,0.029239
0.031074,0.076256,0.044097,0.022023,0.017423,0.05612,0.2272,0.031263
0.023246,0.11018,0.034209,0.019051,0.015768,0.053114,0.26152,0.031289
0.030916,0.10773,0.036942,0.019083,0.017632,0.068646,0.28478,0.032825
0.035119,0.15673,0.076187,0.02003,0.017446,0.065962,0.25581,0.037413
0.026301,0.11137,0.034523,0.019094,0.016719,0.049444,0.25571,0.03125
0.038065,0.10721,0.045715,0.020142,0.017643,0.083544,0.30108,0.058529
0.034434,0.13599,0.039286,0.021127,0.018244,0.059337,0.24596,0.033566
0.02218,0.08729,0.038822,0.017929,0.016338,0.063572,0.29795,0.029183
0.027746,0.10683,0.036627,0.020983,0.0161,0.063865,0.29947,0.032256
0.028598,0.12171,0.043009,0.019179,0.015068,0.057158,0.26701,0.029831
0.027849,0.1035,0.045821,0.022795,0.018455,0.061588,0.29067,0.031625
0.031632,0.13925,0.038379,0.020373,0.016925,0.058866,0.27883,0.027907
0.028348,0.11889,0.045559,0.020323,0.017469,0.055719,0.23869,0.027958
0.02647,0.1102,0.042428,0.020876,0.017294,0.060158,0.22626,0.031964
0.027071,0.11812,0.042543,0.019211,0.017849,0.059279,0.26533,0.031964
0.03382,0.12794,0.046435,0.018031,0.015283,0.051527,0.29483,0.030244
0.023782,0.09753,0.041217,0.017597,0.018532,0.064452,0.26195,0.031328
0.032413,0.10697,0.039472,0.019495,0.01596,0.066346,0.29598,0.03376
0.022893,0.092854,0.044666,0.02106,0.017747,0.05359,0.26219,0.027936
0.034851,0.17663,0.033874,0.019557,0.018652,0.064547,0.24955,0.03252
0.022207,0.10334,0.05337,0.020729,0.016175,0.055869,0.32026,0.033736
0.025138,0.1166,0.049188,0.019713,0.019401,0.081202,0.29754,0.039151
0.04196,0.12534,0.045577,0.021651,0.019516,0.082569,0.24721,0.033016
0.030439,0.12601,0.035344,0.017712,0.016961,0.061174,0.26761,0.028882
0.035424,0.13657,0.041907,0.019453,0.019682,0.062458,0.27616,0.034973
0.028973,0.12711,0.042914,0.017585,0.015149,0.053503,0.25,0.024382
0.025762,0.10905,0.0572,0.017906,0.016829,0.058167,0.27518,0.031645
0.023464,0.10418,0.046806,0.025706,0.017388,0.054766,0.31427,0.031263
0.027258,0.092456,0.036937,0.021079,0.018377,0.065414,0.34527,0.032526
0.02131,0.08329,0.051131,0.023219,0.018344,0.066601,0.28398,0.032482
0.020262,0.085843,0.040409,0.021099,0.016634,0.056322,0.29104,0.027746
0.032881,0.13185,0.047014,0.02307,0.017516,0.058855,0.31629,0.034746
0.026486,0.10182,0.05002,0.019083,0.018344,0.05233,0.25683,0.028204
0.023123,0.07981,0.04057,0.022571,0.017423,0.048538,0.26658,0.034582
0.029218,0.13212,0.043866,0.021147,0.017551,0.052787,0.23929,0.031754
0.027944,0.092856,0.044757,0.020392,0.019126,0.058303,0.27593,0.029994
0.035367,0.14794,0.043917,0.026036,0.018031,0.050987,0.26262,0.032488
0.026806,0.086433,0.05511,0.027407,0.018143,0.05612,0.295,0.035269
0.029253,0.11799,0.069947,0.019083,0.016213,0.06411,0.28417,0.030605
0.024738,0.10021,0.044711,0.021828,0.016817,0.054303,0.25979,0.028183
0.023765,0.092393,0.052416,0.023559,0.017884,0.051063,0.29476,0.03167
0.035037,0.14292,0.053453,0.024746,0.018188,0.05629,0.28259,0.031805
0.028811,0.11611,0.048856,0.030392,0.019599,0.076496,0.2764,0.035688
0.027768,0.11332,0.047255,0.027414,0.018177,0.062588,0.30591,0.032893
0.085584,0.17096,0.048802,0.025315,0.017481,0.063862,0.28633,0.059176
0.024746,0.094282,0.041068,0.025057,0.018143,0.076206,0.26832,0.035796
0.018587,0.045884,0.037538,0.025089,0.018554,0.068483,0.27518,0.035807
0.02692,0.11603,0.046518,0.026417,0.017666,0.053772,0.24081,0.025674
0.033633,0.092108,0.049575,0.028031,0.017388,0.058009,0.29849,0.02852
0.031373,0.11191,0.045541,0.023498,0.017632,0.048033,0.31247,0.031683
0.031888,0.11329,0.050126,0.024573,0.016634,0.051948,0.27857,0.02874
0.034328,0.1397,0.046421,0.024029,0.016301,0.062847,0.22472,0.032482
0.02397,0.10052,0.045719,0.025178,0.018366,0.058449,0.30115,0.033213
0.025627,0.11525,0.042072,0.022152,0.017997,0.058765,0.21954,0.027695
0.026447,0.10717,0.040525,0.023481,0.017527,0.051724,0.24833,0.026562
0.031367,0.11384,0.050106,0.021977,0.016949,0.052513,0.28146,0.03543
0.022216,0.095082,0.045038,0.030123,0.018619,0.061244,0.24278,0.031632
0.029694,0.12831,0.045344,0.023902,0.017918,0.048706,0.24873,0.025579
0.030632,0.12233,0.046061,0.024771,0.018211,0.062753,0.26867,0.043306
0.031152,0.12973,0.039229,0.024664,0.019816,0.061908,0.31315,0.033311
0.024689,0.10033,0.039291,0.029294,0.019179,0.076406,0.27216,0.033946
0.029078,0.11933,0.043838,0.02439,0.018597,0.061094,0.30677,0.031328
0.026746,0.1228,0.065488,0.029639,0.017929,0.04555,0.25695,0.023765
0.024623,0.074764,0.039063,0.021772,0.01635,0.061231,0.32918,0.028556
0.0262,0.099919,0.035881,0.023132,0.018143,0.060851,0.26718,0.025595
0.026639,0.11945,0.04863,0.023176,0.01678,0.052883,0.25526,0.030465
0.032022,0.12647,0.042562,0.025769,0.0192,0.059097,0.30408,0.030049
0.023944,0.089364,0.040207,0.022079,0.017258,0.056657,0.29536,0.033164
0.028966,0.12014,0.050991,0.022216,0.017128,0.062698,0.31965,0.035315
0.035101,0.14914,0.050583,0.022499,0.019713,0.064373,0.30095,0.035424
0.034676,0.14258,0.055613,0.024449,0.016961,0.069912,0.30212,0.034944
0.030572,0.13654,0.050421,0.022499,0.017861,0.057108,0.27671,0.036354
0.03275,0.10631,0.053091,0.024672,0.016671,0.052613,0.28634,0.027041
0.026486,0.099917,0.047359,0.02542,0.0183,0.068263,0.27108,0.039528
0.02473,0.086231,0.047496,0.022982,0.017188,0.050755,0.26034,0.027599
0.020382,0.089286,0.046588,0.023953,0.016487,0.061918,0.27458,0.033524
0.02806,0.10193,0.051047,0.02429,0.018233,0.049992,0.31152,0.031322
0.031869,0.10846,0.047569,0.021357,0.017701,0.05758,0.27579,0.029763
0.026791,0.12175,0.043717,0.023533,0.016561,0.053457,0.29421,0.028527
0.026913,0.1079,0.061177,0.019547,0.017504,0.066787,0.26569,0.035568
0.029336,0.11168,0.048922,0.022353,0.01777,0.071258,0.30506,0.042543
0.020905,0.080735,0.058962,0.023953,0.017747,0.052945,0.27674,0.030798
0.026501,0.11413,0.045465,0.021959,0.017057,0.061836,0.31876,0.029633
0.021195,0.087097,0.045429,0.022308,0.016011,0.056004,0.29373,0.034746
0.027138,0.11553,0.056904,0.024273,0.018065,0.068311,0.31149,0.034036
0.024063,0.11419,0.048433,0.020768,0.01615,0.058689,0.2686,0.030392
0.023515,0.087848,0.048509,0.023272,0.017608,0.054434,0.24281,0.029858
0.024796,0.094043,0.034564,0.020402,0.01794,0.066202,0.32827,0.037803
0.028931,0.11529,0.046692,0.021735,0.017116,0.063161,0.3353,0.036849
0.027101,0.12971,0.04086,0.019474,0.016288,0.053117,0.31599,0.030103
0.023893,0.086008,0.041766,0.022813,0.018098,0.053041,0.27163,0.026223
0.026692,0.12606,0.038443,0.021716,0.017446,0.063003,0.29969,0.03539
0.025856,0.098241,0.050727,0.021433,0.016375,0.062503,0.31411,0.037189
0.026192,0.11663,0.053213,0.019126,0.017712,0.062578,0.33197,0.036577
0.031933,0.12245,0.04853,0.030459,0.026996,0.20731,0.19457,0.040615
0.031237,0.09082,0.022831,0.017838,0.028712,0.23004,0.1923,0.037641
0.02728,0.038103,0.02066,0.016175,0.018674,0.21764,0.18349,0.030116
0.027429,0.030432,0.018554,0.015162,0.025659,0.20268,0.14492,0.036998
0.021395,0.024812,0.026761,0.016276,0.017305,0.17765,0.15035,0.030942
0.023446,0.038822,0.024037,0.018934,0.021847,0.20111,0.17562,0.030008
0.022115,0.030076,0.020758,0.015309,0.020492,0.16821,0.17126,0.03325
0.023524,0.043875,0.01939,0.016288,0.021252,0.18656,0.19079,0.028434
0.024861,0.088448,0.024796,0.01678,0.020885,0.18053,0.13274,0.026761
0.026601,0.024122,0.021921,0.017918,0.026013,0.19351,0.14473,0.04089
0.02667,0.031393,0.020631,0.016913,0.023987,0.20217,0.17349,0.044956
0.022598,0.020472,0.020885,0.017539,0.023079,0.16049,0.16587,0.03293
0.02734,0.035246,0.020934,0.018608,0.027026,0.20871,0.17265,0.044657
0.033219,0.033742,0.022353,0.023088,0.036816,0.19534,0.18226,0.058911
0.02473,0.02454,0.019505,0.016768,0.024189,0.21685,0.17632,0.033219
0.027459,0.03262,0.021099,0.021137,0.041053,0.18465,0.21231,0.036633
0.023654,0.023123,0.01939,0.015896,0.018499,0.17981,0.1906,0.038023
0.023576,0.02588,0.02068,0.017282,0.020532,0.19054,0.16842,0.038901
0.032168,0.062533,0.034078,0.019908,0.020611,0.17432,0.16895,0.034892
0.029474,0.047204,0.023619,0.016573,0.023559,0.23155,0.20119,0.04048
0.031926,0.052396,0.018891,0.01661,0.021367,0.18594,0.18614,0.030021
0.028818,0.030001,0.021166,0.018333,0.024189,0.19992,0.17845,0.046206
0.023481,0.035762,0.020729,0.019723,0.030211,0.21196,0.19192,0.040505
0.035864,0.09367,0.0262,0.016961,0.027243,0.17804,0.18892,0.041663
0.028755,0.087314,0.022607,0.016024,0.021166,0.20806,0.20468,0.035043
0.024976,0.06079,0.020292,0.015189,0.022271,0.20174,0.14018,0.033268
0.025974,0.061114,0.020152,0.015586,0.018674,0.19527,0.13244,0.038575
0.030844,0.071415,0.025162,0.018366,0.02862,0.18317,0.12653,0.042696
0.02695,0.062183,0.021632,0.017895,0.020739,0.16308,0.14139,0.033663
0.034851,0.06131,0.020512,0.018554,0.023184,0.19515,0.19604,0.047221
0.025555,0.06779,0.045173,0.018837,0.020581,0.17076,0.14489,0.03167
0.027153,0.050434,0.019453,0.019041,0.024861,0.15689,0.17455,0.029336
0.025888,0.081777,0.019887,0.017724,0.024927,0.19655,0.10543,0.032376
0.021594,0.019969,0.020709,0.016301,0.0218,0.18961,0.16027,0.03339
0.02239,0.025476,0.017399,0.015819,0.018087,0.20551,0.18599,0.027768
0.024004,0.027496,0.018377,0.016087,0.024927,0.18484,0.14553,0.033299
0.024672,0.022517,0.018031,0.015203,0.020101,0.17821,0.14623,0.032003
0.019928,0.01903,0.018411,0.015428,0.022023,0.14058,0.13582,0.022777
0.018087,0.018266,0.017608,0.014658,0.017906,0.13858,0.10214,0.023757
0.017574,0.016707,0.016744,0.013197,0.016338,0.18333,0.083417,0.018652
0.019846,0.016263,0.017574,0.016425,0.026192,0.15859,0.086339,0.022444
0.016597,0.014518,0.017223,0.015028,0.01596,0.13916,0.10664,0.017093
0.016695,0.015896,0.016074,0.013902,0.016719,0.17175,0.1024,0.020571
0.018289,0.01552,0.015793,0.013577,0.015296,0.17424,0.087295,0.019274
0.017804,0.014768,0.016213,0.014264,0.016949,0.13094,0.10216,0.016585
0.017235,0.014106,0.016375,0.014406,0.016163,0.14133,0.068254,0.017585
0.018804,0.015481,0.016536,0.014532,0.017469,0.12808,0.11544,0.018143
0.016683,0.015638,0.015716,0.014377,0.015896,0.12713,0.10289,0.01938
0.018143,0.015998,0.016597,0.014823,0.016462,0.13308,0.082955,0.017986
0.016756,0.015677,0.017305,0.014048,0.016425,0.14125,0.13227,0.020915
0.019733,0.040339,0.017376,0.014349,0.016163,0.12443,0.09265,0.018177
0.017712,0.014768,0.016536,0.014363,0.016062,0.15244,0.11901,0.018177
0.017388,0.015494,0.01777,0.01496,0.017364,0.18727,0.14091,0.020313
0.017364,0.016062,0.016412,0.014823,0.016853,0.1384,0.11617,0.020788
0.016877,0.015742,0.016288,0.014278,0.016732,0.17646,0.10938,0.022804
0.018188,0.015041,0.017562,0.014987,0.017033,0.17161,0.11795,0.020323
0.016756,0.019147,0.016585,0.014588,0.015176,0.20724,0.086393,0.018597
0.017952,0.015362,0.016425,0.013547,0.01569,0.19888,0.10666,0.020422
0.018143,0.014919,0.01596,0.01463,0.018912,0.14452,0.09082,0.017827
0.016659,0.017164,0.016732,0.015507,0.019609,0.14052,0.14643,0.021224
0.018966,0.017104,0.016585,0.014448,0.018143,0.14638,0.15872,0.026138
0.016225,0.014864,0.015922,0.014377,0.016536,0.11176,0.073783,0.015703
0.018793,0.017963,0.017551,0.016561,0.021754,0.18119,0.1361,0.025722
0.016997,0.01556,0.016695,0.015068,0.018388,0.16613,0.13112,0.020091
0.017632,0.017093,0.018761,0.014602,0.017712,0.1709,0.12361,0.018891
0.018891,0.017632,0.01678,0.014644,0.017434,0.16201,0.11836,0.023961
0.02005,0.01661,0.017849,0.015703,0.018311,0.15615,0.10529,0.035727
0.020895,0.022616,0.015909,0.014644,0.017399,0.18324,0.13172,0.034322
0.020472,0.019578,0.018053,0.016487,0.02067,0.14808,0.13593,0.021433
0.019317,0.018433,0.016251,0.014504,0.018143,0.1762,0.13407,0.022715
0.020992,0.017411,0.016768,0.015349,0.018042,0.13947,0.16038,0.026616
0.019369,0.017504,0.017434,0.015534,0.018488,0.17255,0.14034,0.024424
0.017376,0.015136,0.0164,0.015001,0.0161,0.1977,0.12066,0.025958
0.017069,0.019599,0.016719,0.015014,0.015922,0.18183,0.17283,0.023254
0.023446,0.025571,0.022831,0.016049,0.023228,0.23258,0.19065,0.031926
0.020591,0.025769,0.019775,0.01552,0.018976,0.18147,0.16799,0.028556
0.016949,0.016499,0.017199,0.014178,0.01777,0.16591,0.14805,0.024248
0.020631,0.023464,0.018685,0.015985,0.019443,0.151,0.15477,0.026386
0.02064,0.019126,0.018233,0.015229,0.021838,0.19928,0.16939,0.03441
0.022973,0.027243,0.017861,0.016744,0.021291,0.17467,0.16315,0.026631
0.025611,0.026624,0.017643,0.015229,0.017838,0.15592,0.13132,0.030055
0.01938,0.027243,0.018685,0.015014,0.019051,0.17856,0.15321,0.027131
0.020302,0.028924,0.018815,0.016425,0.019041,0.16163,0.13858,0.025903
0.022517,0.021224,0.019041,0.01496,0.017827,0.21591,0.10612,0.030824
0.017516,0.016719,0.016877,0.016536,0.017551,0.15633,0.14663,0.020131
0.018944,0.018976,0.016889,0.015883,0.028698,0.14538,0.1214,0.022198
0.021875,0.023035,0.017574,0.014685,0.017116,0.18856,0.14578,0.021622
0.02004,0.019147,0.017104,0.014448,0.018998,0.17571,0.13945,0.02944
0.01875,0.015845,0.017258,0.015896,0.019959,0.16746,0.12747,0.021632
0.016973,0.016425,0.016597,0.015664,0.018289,0.18516,0.14153,0.026432
0.026339,0.027011,0.021481,0.017952,0.023791,0.18267,0.12598,0.030658
0.021127,0.02064,0.017712,0.015442,0.017069,0.1677,0.1559,0.024763
0.019073,0.021921,0.017247,0.014546,0.016087,0.15298,0.15235,0.021414
0.017929,0.0213,0.017294,0.01412,0.014306,0.11421,0.10751,0.02003
0.01777,0.019908,0.016804,0.01463,0.01587,0.15741,0.13444,0.020492
0.019764,0.022598,0.017689,0.014946,0.017199,0.14253,0.075384,0.020373
0.017963,0.021166,0.017849,0.014306,0.0164,0.16637,0.12429,0.025919
0.021698,0.023281,0.018333,0.015768,0.02149,0.19001,0.14449,0.031126
0.021471,0.020581,0.016756,0.015376,0.019348,0.15524,0.14558,0.02919
0.021547,0.016768,0.01863,0.018087,0.02408,0.14336,0.090762,0.026897
0.033742,0.09598,0.068334,0.030049,0.02449,0.10506,0.32686,0.062138
0.022634,0.059758,0.042476,0.025738,0.017458,0.058362,0.27317,0.033826
0.023228,0.080409,0.038369,0.026501,0.017364,0.064186,0.25542,0.02935
0.022911,0.061855,0.044139,0.021185,0.016175,0.052852,0.26349,0.034227
0.021772,0.071018,0.041829,0.024746,0.016622,0.053392,0.28089,0.031901
0.029141,0.094425,0.046443,0.024557,0.018772,0.060259,0.25674,0.038177
0.025186,0.092992,0.038135,0.020212,0.016719,0.051103,0.29097,0.033109
0.026562,0.086849,0.045501,0.026254,0.018521,0.070451,0.29257,0.045371
0.024738,0.071577,0.046953,0.02149,0.017364,0.070728,0.25599,0.031862
0.033814,0.12315,0.045496,0.024181,0.016719,0.057463,0.26509,0.029106
0.022517,0.066975,0.049772,0.022216,0.01645,0.061615,0.28335,0.035801
0.030251,0.095385,0.042342,0.024105,0.016524,0.055836,0.27774,0.037293
0.02459,0.070889,0.04732,0.024507,0.015947,0.045151,0.25758,0.030936
0.02218,0.065971,0.044116,0.024324,0.017735,0.050329,0.23891,0.031632
0.027834,0.089956,0.035413,0.022499,0.016719,0.067577,0.26691,0.041315
0.021613,0.061204,0.040625,0.020709,0.015216,0.041561,0.2855,0.028641
0.02149,0.067048,0.051226,0.025587,0.017458,0.064329,0.29102,0.032015
0.023978,0.080316,0.040025,0.020581,0.018923,0.073617,0.27802,0.039775
0.02258,0.054643,0.041868,0.021791,0.016719,0.04614,0.27034,0.028449
0.022535,0.074113,0.048269,0.021528,0.019785,0.073418,0.29825,0.038172
0.024779,0.072357,0.047765,0.022005,0.017164,0.055942,0.30015,0.029619
0.023739,0.066677,0.047935,0.019094,0.017033,0.06277,0.26925,0.032856
0.022335,0.068069,0.041463,0.021866,0.01661,0.051716,0.28614,0.0352
0.020778,0.073984,0.050883,0.021866,0.015896,0.053923,0.25528,0.029467
0.019169,0.05944,0.044203,0.025041,0.016756,0.055771,0.30311,0.031341
0.022526,0.069172,0.045133,0.021707,0.016732,0.055084,0.26455,0.02806
0.024738,0.093748,0.0521,0.022526,0.01727,0.061024,0.26816,0.029127
0.029322,0.094062,0.05889,0.023671,0.019147,0.069874,0.2802,0.034705
0.020101,0.062578,0.048951,0.023696,0.016829,0.072008,0.27046,0.036304
0.022207,0.065606,0.044263,0.021414,0.016175,0.054947,0.2869,0.030764
0.022999,0.085086,0.044993,0.020621,0.016561,0.046184,0.29929,0.03262
0.018944,0.068153,0.045621,0.022308,0.016973,0.049878,0.2557,0.03524
0.022759,0.070601,0.048404,0.023061,0.017152,0.059669,0.30058,0.031296
0.018098,0.054265,0.045317,0.021613,0.01727,0.059207,0.24193,0.032545
0.016889,0.05443,0.0407,0.023149,0.018042,0.064908,0.23534,0.033694
0.018707,0.043433,0.053723,0.019989,0.016024,0.055224,0.29132,0.03247
0.018488,0.049919,0.046623,0.021471,0.018031,0.073057,0.32212,0.047594
0.02069,0.060431,0.03814,0.020915,0.017551,0.06309,0.24287,0.038076
0.022033,0.060478,0.043652,0.02248,0.019898,0.073407,0.29842,0.04064
0.017481,0.042361,0.043926,0.021338,0.018277,0.077116,0.28539,0.035234
0.02206,0.064839,0.048951,0.022216,0.016973,0.049448,0.26327,0.035453
0.021604,0.05908,0.040177,0.020242,0.020333,0.082773,0.26883,0.043094
0.021252,0.052065,0.042052,0.02206,0.016388,0.043741,0.26232,0.030585
0.018793,0.053091,0.045946,0.021041,0.014741,0.049596,0.26653,0.029626
0.021185,0.058571,0.044323,0.02206,0.023411,0.085598,0.27677,0.049591
0.032015,0.094496,0.0485,0.019918,0.01903,0.081315,0.29017,0.044529
0.02267,0.082037,0.047092,0.022893,0.016997,0.049063,0.28271,0.03641
0.034711,0.11535,0.059183,0.022088,0.016719,0.053434,0.26101,0.034084
0.023351,0.075008,0.045096,0.018042,0.01552,0.045532,0.26963,0.033335
0.023351,0.074573,0.057133,0.018728,0.017712,0.067604,0.25314,0.040364
0.024615,0.086063,0.04587,0.021243,0.017608,0.061862,0.30355,0.038596
0.02066,0.09404,0.051147,0.019463,0.016263,0.05872,0.28997,0.037047
0.021002,0.063028,0.049229,0.020581,0.017481,0.065554,0.28971,0.037337
0.027273,0.10368,0.04307,0.017929,0.015858,0.04472,0.28301,0.033041
0.021838,0.070604,0.05638,0.018923,0.017247,0.064183,0.26558,0.0372
0.022023,0.070688,0.050118,0.018804,0.015909,0.053609,0.25673,0.027768
0.021021,0.071537,0.039089,0.021424,0.017211,0.050462,0.28377,0.031348
0.020333,0.054661,0.047684,0.018042,0.016036,0.053757,0.26289,0.027907
0.021433,0.066771,0.047156,0.021405,0.017747,0.065115,0.2556,0.039984
0.020963,0.072901,0.036744,0.019979,0.015677,0.053411,0.26867,0.02361
0.032155,0.10896,0.087558,0.01919,0.029536,0.12838,0.31908,0.059076
0.021243,0.048404,0.066996,0.020432,0.02424,0.14182,0.35788,0.048109
0.022598,0.079874,0.046561,0.018869,0.02397,0.12546,0.31978,0.058449
0.033524,0.11575,0.065498,0.020101,0.022271,0.096858,0.33915,0.045821
0.041619,0.10426,0.070595,0.021176,0.025659,0.10839,0.35272,0.068367
0.033262,0.096484,0.066389,0.021002,0.021566,0.10125,0.34343,0.043484
0.029036,0.077616,0.063677,0.022042,0.02454,0.11008,0.36583,0.048576
0.038554,0.092443,0.084548,0.02627,0.031276,0.12899,0.37669,0.07389
0.039724,0.097447,0.066064,0.024664,0.031367,0.12043,0.38813,0.070854
0.0328,0.11012,0.061476,0.020333,0.023193,0.080262,0.37954,0.052326
0.032205,0.085615,0.073598,0.02206,0.023739,0.12123,0.35197,0.05051
0.028513,0.083158,0.080331,0.020934,0.022553,0.11947,0.33236,0.049755
0.030745,0.080972,0.059727,0.021519,0.026177,0.13746,0.34171,0.072865
0.034892,0.10292,0.072492,0.022444,0.025323,0.10714,0.37808,0.068248
0.028053,0.062714,0.068916,0.020432,0.022299,0.10764,0.36176,0.050442
0.029071,0.084397,0.077385,0.023176,0.027183,0.13288,0.37932,0.051932
0.026746,0.092344,0.071107,0.020611,0.025627,0.10812,0.3884,0.066481
0.025275,0.06965,0.076796,0.022115,0.024746,0.10337,0.37151,0.05446
0.020392,0.063568,0.064116,0.018901,0.019338,0.093878,0.32375,0.044037
0.032463,0.093088,0.085812,0.022937,0.026169,0.093652,0.34635,0.052299
0.025016,0.064704,0.063913,0.020192,0.026285,0.10786,0.37827,0.058748
0.026555,0.054224,0.066972,0.02106,0.026897,0.1159,0.39614,0.064417
0.023035,0.04729,0.072823,0.02361,0.021233,0.10535,0.39084,0.046268
0.022253,0.047905,0.085177,0.020522,0.023263,0.090571,0.36034,0.051657
0.034534,0.080969,0.063132,0.023464,0.027429,0.14062,0.39321,0.077248
0.033488,0.1012,0.065591,0.02408,0.024557,0.11045,0.34956,0.0503
0.032003,0.076515,0.091845,0.020343,0.026753,0.093861,0.38467,0.072604
0.046189,0.12019,0.065968,0.024307,0.026262,0.12725,0.35742,0.068898
0.035165,0.074302,0.07294,0.020192,0.027695,0.11446,0.36509,0.066288
0.026616,0.060293,0.058265,0.019754,0.020807,0.1058,0.38079,0.060408
0.030738,0.067178,0.077935,0.025227,0.027318,0.097928,0.36432,0.057995
0.02546,0.049043,0.051135,0.02106,0.030069,0.15472,0.40182,0.077602
0.029294,0.054658,0.060398,0.022911,0.026107,0.11454,0.42386,0.070598
0.025966,0.051598,0.064116,0.021782,0.028994,0.14788,0.40655,0.074954
0.034339,0.074305,0.054243,0.020768,0.035194,0.15129,0.44068,0.082739
0.023324,0.055478,0.055069,0.020343,0.022795,0.10787,0.42755,0.053953
0.030962,0.056373,0.074728,0.025283,0.029391,0.095857,0.39981,0.080775
0.028698,0.054348,0.063077,0.022937,0.028442,0.13366,0.40749,0.06326
0.030751,0.056322,0.090961,0.023927,0.023757,0.10792,0.36816,0.072526
0.037429,0.074897,0.064506,0.021214,0.029763,0.13251,0.33948,0.068883
0.02731,0.060998,0.070281,0.020719,0.026616,0.1082,0.35959,0.059866
0.032757,0.086454,0.08603,0.02977,0.025997,0.10387,0.3265,0.063415
0.027805,0.052567,0.07884,0.023052,0.025777,0.10687,0.3411,0.071381
0.029057,0.053461,0.076158,0.021651,0.027511,0.13138,0.32771,0.061793
0.026501,0.057675,0.073879,0.02239,0.023765,0.13095,0.36176,0.051317
0.036494,0.10595,0.079473,0.025299,0.028139,0.11421,0.39385,0.072817
0.036186,0.091783,0.06646,0.023679,0.025219,0.10662,0.37482,0.07022
0.027176,0.069451,0.06837,0.021828,0.025275,0.097374,0.33006,0.068156
0.034203,0.092329,0.083751,0.022822,0.025547,0.10297,0.36473,0.059193
0.031606,0.071776,0.073761,0.021519,0.027429,0.13512,0.40443,0.063276
0.057215,0.27735,0.16907,0.076158,0.028197,0.14568,0.43551,0.089386
0.043657,0.28362,0.19344,0.078673,0.029865,0.16804,0.39267,0.10731
0.049575,0.34443,0.19697,0.090748,0.032601,0.12879,0.36617,0.072895
0.074753,0.37547,0.21521,0.10922,0.031386,0.12592,0.32392,0.093696
0.052544,0.28287,0.2406,0.11146,0.039451,0.22733,0.40562,0.097265
0.056987,0.24917,0.26028,0.080788,0.032781,0.15429,0.38179,0.086396
0.045568,0.31345,0.23461,0.082852,0.02919,0.17149,0.32737,0.10203
0.054892,0.35747,0.24143,0.082386,0.03127,0.16942,0.39123,0.078213
0.061924,0.3031,0.24365,0.10275,0.039021,0.20509,0.33378,0.12406
0.065015,0.35637,0.26899,0.12177,0.042624,0.19057,0.32767,0.11068
0.061809,0.29721,0.25061,0.083772,0.043834,0.23982,0.35755,0.11868
0.0461,0.30586,0.22277,0.11527,0.038321,0.1891,0.3583,0.10495
0.062627,0.3054,0.33218,0.13651,0.04085,0.21408,0.34813,0.10287
0.058268,0.31724,0.25396,0.11781,0.04132,0.20166,0.32498,0.10581
0.053643,0.23199,0.21668,0.090042,0.029838,0.1497,0.38286,0.075573
0.057513,0.28672,0.24191,0.10047,0.032413,0.13383,0.39138,0.090945
0.065058,0.24052,0.21734,0.069755,0.02919,0.1499,0.37911,0.10678
0.055811,0.30101,0.2272,0.10949,0.037743,0.17033,0.36479,0.10309
0.077801,0.33626,0.22991,0.1087,0.038432,0.18621,0.36184,0.12241
0.052949,0.20116,0.23315,0.063565,0.029357,0.14068,0.3617,0.096437
0.054688,0.26208,0.19767,0.070396,0.02837,0.16888,0.39988,0.10906
0.048918,0.18864,0.20105,0.090048,0.025966,0.14033,0.34948,0.079232
0.061469,0.20735,0.25737,0.11027,0.038833,0.16539,0.38999,0.12606
0.041951,0.22632,0.18798,0.077432,0.034042,0.17479,0.37744,0.082842
0.053293,0.22768,0.18853,0.062552,0.025049,0.10758,0.32996,0.089364
0.046167,0.21743,0.2232,0.067562,0.030936,0.17101,0.37593,0.10177
0.053106,0.27289,0.21598,0.069547,0.02798,0.12731,0.35332,0.075309
0.042634,0.21505,0.2914,0.096031,0.031484,0.13852,0.39091,0.078172
0.051846,0.20654,0.22036,0.078167,0.031328,0.17135,0.41236,0.10509
0.043235,0.22988,0.23655,0.060603,0.029523,0.13046,0.36082,0.086278
0.052026,0.24442,0.22647,0.091792,0.031862,0.14949,0.37347,0.10543
0.044993,0.21731,0.20154,0.067115,0.028832,0.14727,0.3393,0.072369
0.043287,0.27675,0.18337,0.075249,0.023524,0.10974,0.338,0.077731
0.048353,0.2463,0.23395,0.067084,0.028442,0.13117,0.39622,0.081931
0.055555,0.19298,0.19237,0.066426,0.025412,0.12506,0.35337,0.061944
0.038017,0.18084,0.17078,0.048772,0.023876,0.082739,0.27605,0.058149
0.042313,0.18674,0.1975,0.064367,0.027768,0.1344,0.3687,0.077605
0.061559,0.25647,0.21298,0.072948,0.030896,0.15044,0.42259,0.10369
0.049886,0.22055,0.27075,0.11139,0.031159,0.13707,0.3912,0.09979
0.067187,0.2777,0.23497,0.10122,0.036124,0.13845,0.37047,0.095736
0.044291,0.19786,0.18992,0.083568,0.027108,0.1219,0.33639,0.086271
0.060804,0.20648,0.22983,0.084445,0.028513,0.14282,0.42409,0.11091
0.044088,0.21543,0.23034,0.087558,0.026547,0.11271,0.36408,0.066417
0.046762,0.21984,0.22458,0.085358,0.029681,0.14626,0.36305,0.081846
0.045706,0.20948,0.20234,0.071472,0.028334,0.12423,0.35459,0.086195
0.049283,0.24488,0.22505,0.093127,0.027798,0.15657,0.37075,0.082465
0.052497,0.2145,0.20996,0.066966,0.026555,0.1415,0.36684,0.087008
0.04744,0.23509,0.2006,0.077366,0.027841,0.13256,0.31208,0.078722
0.051198,0.23928,0.20207,0.078931,0.026036,0.091338,0.32028,0.073728
0.048847,0.24446,0.26045,0.067799,0.034018,0.1953,0.36424,0.099486
0.063115,0.24483,0.27491,0.085002,0.029906,0.19074,0.43596,0.12799
0.069547,0.18827,0.25016,0.073805,0.02879,0.14551,0.37026,0.11467
0.066893,0.22319,0.22662,0.078554,0.024248,0.10378,0.33923,0.072705
0.056639,0.19728,0.21106,0.055683,0.028305,0.13583,0.35458,0.075522
0.027827,0.046421,0.16816,0.047066,0.018998,0.033409,0.31879,0.26796
0.03444,0.05051,0.15462,0.048781,0.016263,0.028269,0.26768,0.27293
0.032438,0.043634,0.1503,0.042562,0.017223,0.028212,0.30732,0.27584
0.027048,0.044162,0.13871,0.037592,0.017388,0.027063,0.31837,0.24376
0.033445,0.055128,0.1404,0.041093,0.016792,0.026363,0.29297,0.27145
0.036129,0.061121,0.14871,0.041795,0.018053,0.028074,0.31018,0.27334
0.028783,0.049702,0.15213,0.043829,0.017329,0.029488,0.30329,0.27748
0.035332,0.059426,0.1682,0.038033,0.019401,0.029598,0.30793,0.33753
0.03127,0.050847,0.1341,0.04671,0.017895,0.031237,0.28667,0.26709
0.038432,0.04881,0.1523,0.040253,0.017493,0.041561,0.34902,0.3137
0.028818,0.04407,0.16257,0.041369,0.017963,0.038875,0.30066,0.25338
0.036281,0.048442,0.13718,0.077966,0.021866,0.044666,0.28492,0.24376
0.046321,0.051858,0.16546,0.080283,0.027768,0.048856,0.29698,0.32036
0.03571,0.059723,0.17832,0.051369,0.019989,0.038843,0.37671,0.29026
0.031664,0.060286,0.14021,0.042905,0.018739,0.07852,0.29409,0.26896
0.044597,0.064776,0.16588,0.066008,0.018166,0.030285,0.33236,0.26639
0.032376,0.063103,0.17697,0.047607,0.018098,0.02905,0.28208,0.27244
0.029481,0.046277,0.12698,0.042178,0.018244,0.029715,0.24542,0.26335
0.036304,0.059546,0.1688,0.047569,0.019264,0.039667,0.31834,0.2695
0.042202,0.071833,0.16877,0.041517,0.017974,0.029776,0.30925,0.26791
0.037239,0.05855,0.14688,0.046784,0.018143,0.026608,0.3414,0.33532
0.041507,0.048972,0.12073,0.046122,0.018912,0.038916,0.29539,0.27649
0.039544,0.06514,0.14519,0.072506,0.02292,0.034605,0.34762,0.23641
0.03927,0.051397,0.14052,0.04991,0.01615,0.030472,0.30275,0.22936
0.031805,0.052038,0.13252,0.035573,0.018652,0.027688,0.34081,0.26364
0.036588,0.05449,0.15846,0.045398,0.019867,0.065274,0.29537,0.22255
0.033164,0.066165,0.16518,0.048756,0.018466,0.030539,0.29694,0.25217
0.064028,0.081757,0.14217,0.040328,0.019857,0.034185,0.30817,0.28832
0.051214,0.059914,0.12657,0.049645,0.018761,0.034722,0.34153,0.31686
0.043601,0.064405,0.23165,0.052104,0.020232,0.028691,0.29082,0.31626
0.040505,0.05053,0.18429,0.073951,0.02068,0.032463,0.33672,0.2689
0.03692,0.054877,0.15079,0.044213,0.018255,0.025627,0.28997,0.28127
0.038321,0.048105,0.15173,0.07063,0.01939,0.031805,0.35527,0.26487
0.034927,0.063379,0.16275,0.047611,0.020492,0.027266,0.31263,0.24316
0.03158,0.06236,0.15817,0.044111,0.017434,0.02413,0.32894,0.25117
0.036443,0.051393,0.13613,0.042047,0.018761,0.028959,0.28508,0.24896
0.047027,0.049914,0.14509,0.040535,0.01794,0.027018,0.34959,0.29934
0.050779,0.069284,0.17951,0.045299,0.018166,0.036067,0.37579,0.28835
0.058484,0.092461,0.20937,0.058616,0.018543,0.02919,0.33404,0.37058
0.048387,0.075906,0.20499,0.052268,0.021243,0.038188,0.42183,0.34743
0.04307,0.077877,0.19704,0.047765,0.019169,0.034546,0.35595,0.27062
0.029626,0.045764,0.14843,0.042657,0.017352,0.02771,0.35082,0.26917
0.046347,0.07061,0.17031,0.047641,0.019158,0.026378,0.34818,0.28276
0.047731,0.068021,0.16593,0.048395,0.020452,0.035744,0.33556,0.25921
0.042819,0.055169,0.12507,0.034446,0.020121,0.027893,0.32124,0.29379
0.046827,0.092884,0.20596,0.051035,0.018987,0.031002,0.35459,0.30579
0.040904,0.064493,0.15598,0.044231,0.019158,0.030545,0.34593,0.27022
0.036292,0.069941,0.20134,0.047126,0.018244,0.035309,0.39225,0.27059
0.040172,0.066838,0.23566,0.048366,0.017655,0.028627,0.33455,0.24806
0.05888,0.11406,0.24649,0.06067,0.024349,0.03579,0.42716,0.32049
0.050839,0.10191,0.24876,0.094325,0.026036,0.030784,0.35581,0.31142
0.047462,0.061363,0.089325,0.036264,0.017423,0.021041,0.23465,0.37076
0.05404,0.077424,0.060837,0.037424,0.018619,0.022777,0.24677,0.38189
0.043127,0.063012,0.060347,0.037581,0.017199,0.026417,0.25406,0.33333
0.051555,0.079041,0.084114,0.035344,0.018565,0.026192,0.27019,0.36999
0.046671,0.079965,0.075949,0.041785,0.018739,0.023782,0.2443,0.32933
0.042346,0.07478,0.11645,0.042928,0.021195,0.023061,0.25593,0.38866
0.05521,0.083065,0.10607,0.066039,0.021224,0.025267,0.28525,0.39869
0.052887,0.092031,0.10273,0.058258,0.023825,0.023324,0.24844,0.3523
0.052837,0.079044,0.094977,0.06546,0.022014,0.02473,0.2807,0.35757
0.04134,0.071347,0.10449,0.048647,0.018211,0.020758,0.2013,0.32753
0.04684,0.081975,0.13507,0.068995,0.02131,0.026083,0.24687,0.35813
0.047018,0.063386,0.12133,0.064801,0.020729,0.022226,0.28205,0.3925
0.052006,0.079419,0.10768,0.051043,0.020282,0.03394,0.35279,0.34409
0.061068,0.083857,0.13304,0.070963,0.02249,0.028839,0.34739,0.43142
0.051448,0.075149,0.10567,0.048785,0.018826,0.024878,0.2693,0.36095
0.037587,0.062549,0.093481,0.054029,0.019484,0.022106,0.17594,0.33371
0.055055,0.07628,0.12564,0.055228,0.021414,0.027108,0.27424,0.38457
0.048079,0.083765,0.11867,0.065675,0.021566,0.024012,0.20516,0.32645
0.04896,0.068986,0.14349,0.067658,0.018912,0.021931,0.29416,0.38863
0.052431,0.07801,0.14778,0.083011,0.026882,0.029633,0.32381,0.40248
0.047406,0.062698,0.10654,0.06317,0.018987,0.022982,0.25978,0.3786
0.03901,0.059958,0.085229,0.046448,0.018477,0.022929,0.2135,0.31788
0.043769,0.070275,0.092223,0.044263,0.017918,0.022125,0.25639,0.35773
0.051566,0.068898,0.085876,0.04361,0.019826,0.022688,0.25064,0.33893
0.052388,0.074094,0.070333,0.047432,0.019222,0.023902,0.26984,0.3253
0.045724,0.063517,0.13292,0.056036,0.017176,0.02391,0.27617,0.3367
0.045563,0.064701,0.091332,0.052139,0.019463,0.022535,0.28847,0.32987
0.0475,0.061776,0.097277,0.048847,0.018804,0.024788,0.25817,0.38154
0.04741,0.058502,0.10753,0.049963,0.020212,0.03235,0.35437,0.36556
0.055493,0.066218,0.10322,0.053564,0.019505,0.031593,0.28672,0.40404
0.048324,0.075022,0.090695,0.042966,0.016949,0.020924,0.21148,0.35159
0.051321,0.062876,0.10493,0.054858,0.017481,0.021099,0.22762,0.31646
0.052439,0.065668,0.069348,0.041912,0.020611,0.023359,0.23448,0.36241
0.056409,0.073329,0.058076,0.03425,0.01802,0.023289,0.25799,0.37333
0.052124,0.088866,0.092579,0.049117,0.020817,0.019826,0.21105,0.37861
0.047225,0.070518,0.079567,0.055084,0.020729,0.023281,0.23743,0.34075
0.045002,0.066325,0.097131,0.053904,0.021224,0.022661,0.25269,0.31539
0.044111,0.069351,0.073093,0.049308,0.021329,0.0503,0.27288,0.32287
0.062546,0.077835,0.097505,0.058526,0.022372,0.042423,0.38229,0.37034
0.047765,0.0579,0.11915,0.065433,0.020061,0.021509,0.22216,0.35173
0.049612,0.065249,0.11149,0.05576,0.019547,0.023953,0.28808,0.34257
0.0537,0.064685,0.10338,0.063389,0.019422,0.022786,0.25512,0.36654
0.051724,0.058755,0.11319,0.063479,0.020472,0.027658,0.3031,0.38019
0.058184,0.054691,0.10024,0.063167,0.020212,0.02588,0.27047,0.349
0.066872,0.065467,0.1246,0.060666,0.019536,0.024902,0.25365,0.34584
0.052489,0.058023,0.10103,0.066573,0.02342,0.026844,0.27432,0.36119
0.045002,0.057872,0.11735,0.057083,0.021838,0.022795,0.24446,0.32544
0.049955,0.046228,0.10442,0.05458,0.018674,0.027266,0.32039,0.33853
0.050506,0.063709,0.12618,0.056869,0.019557,0.024105,0.29531,0.35473
0.039759,0.045559,0.1203,0.061094,0.020944,0.026852,0.29342,0.31869
0.050239,0.058139,0.11498,0.063357,0.02181,0.02879,0.3271,0.34867
0.017069,0.072011,0.063805,0.021281,0.018674,0.024788,0.024357,0.017597
0.015651,0.072087,0.058331,0.021357,0.018065,0.024457,0.018826,0.015507
0.023774,0.075392,0.090546,0.030625,0.031888,0.048176,0.058516,0.037652
0.023351,0.072747,0.06692,0.024755,0.024173,0.038332,0.11898,0.048328
0.021185,0.074927,0.078603,0.025659,0.025138,0.032231,0.032243,0.020363
0.027333,0.08138,0.094427,0.035338,0.026455,0.037867,0.053746,0.028684
0.03108,0.080788,0.074496,0.032369,0.028719,0.062808,0.18135,0.081998
0.022964,0.074802,0.070874,0.027798,0.024523,0.024349,0.018707,0.017655
0.032942,0.074897,0.093537,0.031185,0.027841,0.056261,0.16063,0.075791
0.031837,0.068883,0.071682,0.034274,0.030042,0.063846,0.1828,0.087904
0.054295,0.033718,0.15446,0.049001,0.035909,0.087797,0.23692,0.12489
0.04406,0.028176,0.1301,0.053343,0.028384,0.049874,0.17621,0.084406
0.04684,0.02754,0.14279,0.051893,0.029127,0.068898,0.26532,0.11331
0.045146,0.029681,0.093319,0.037948,0.023472,0.07205,0.26031,0.13158
0.050227,0.036056,0.14181,0.049554,0.026146,0.049939,0.18817,0.090213
0.035915,0.031606,0.088609,0.033366,0.021726,0.045299,0.18058,0.072968
0.039021,0.026332,0.11142,0.032992,0.021462,0.049167,0.16955,0.076701
0.031224,0.036107,0.10717,0.034534,0.020152,0.041921,0.13405,0.064129
0.039713,0.037522,0.083099,0.030392,0.021509,0.05123,0.18686,0.095099
0.032732,0.03325,0.07876,0.032495,0.019733,0.040369,0.1504,0.075081
0.022216,0.036959,0.056997,0.031837,0.019019,0.050085,0.16207,0.045737
0.020944,0.028563,0.041965,0.032899,0.021462,0.041128,0.11719,0.044566
0.01645,0.028212,0.044222,0.028477,0.017152,0.034173,0.09916,0.033103
0.019908,0.03464,0.054213,0.032874,0.017678,0.037797,0.13056,0.038017
0.018565,0.036203,0.057054,0.03167,0.018311,0.038193,0.12449,0.035442
0.020162,0.03301,0.050024,0.032905,0.018411,0.033585,0.11373,0.038963
0.02002,0.03447,0.054932,0.031786,0.017329,0.045074,0.14833,0.045164
0.019682,0.029495,0.05185,0.031535,0.017399,0.04055,0.13277,0.040855
0.023096,0.041261,0.055628,0.035528,0.018366,0.050458,0.16634,0.050377
0.021424,0.029639,0.050683,0.033378,0.018098,0.042265,0.13263,0.047761
0.030837,0.2938,0.11456,0.020402,0.02067,0.10777,0.27937,0.059114
0.024523,0.12244,0.051341,0.017997,0.01962,0.067459,0.23151,0.03391
0.023893,0.12636,0.058191,0.018641,0.019105,0.073496,0.26787,0.031799
0.02588,0.12386,0.039544,0.018411,0.017539,0.059365,0.2855,0.032407
0.023298,0.11364,0.066628,0.020532,0.017317,0.064779,0.24549,0.035767
0.02149,0.096346,0.061031,0.019588,0.016597,0.072047,0.26867,0.040273
0.019979,0.085831,0.057985,0.018277,0.016659,0.06249,0.21923,0.033127
0.01851,0.092075,0.032501,0.017597,0.016707,0.052505,0.24829,0.026905
0.022625,0.12098,0.03447,0.016792,0.017884,0.062718,0.20404,0.029906
0.019126,0.077665,0.061849,0.018532,0.017021,0.051924,0.23652,0.024382
0.018847,0.09584,0.038491,0.018244,0.016499,0.047208,0.22761,0.02429
0.018641,0.10095,0.030559,0.017918,0.016853,0.051893,0.24494,0.034617
0.020611,0.086982,0.10043,0.019083,0.01802,0.055518,0.24357,0.027863
0.021243,0.10742,0.082576,0.019327,0.018121,0.060847,0.24866,0.034108
0.019547,0.084853,0.064398,0.017009,0.015896,0.072621,0.25253,0.057988
0.020591,0.097221,0.063328,0.016375,0.014685,0.048622,0.21862,0.026608
0.020953,0.085921,0.03267,0.020182,0.016949,0.052729,0.23876,0.029322
0.019232,0.10428,0.030837,0.017493,0.016985,0.049262,0.25084,0.02966
0.022262,0.092163,0.035078,0.019019,0.016137,0.050574,0.22918,0.02686
0.025097,0.12125,0.061512,0.017792,0.019661,0.059313,0.22747,0.030877
0.040308,0.037315,0.081749,0.086129,0.026738,0.026593,0.088116,0.044625
0.040815,0.044884,0.14632,0.1124,0.030505,0.024918,0.06032,0.038743
0.031406,0.052752,0.16164,0.094425,0.026417,0.026285,0.086252,0.04782
0.029488,0.031126,0.059512,0.084575,0.02149,0.02408,0.085551,0.049093
0.028952,0.035733,0.098903,0.060847,0.025682,0.022216,0.078993,0.036011
0.04056,0.037824,0.12369,0.091205,0.025186,0.033305,0.10257,0.067874
0.032224,0.03169,0.10195,0.072346,0.022813,0.023385,0.067484,0.041448
0.028341,0.031126,0.071367,0.084211,0.022643,0.017562,0.061131,0.030995
0.033633,0.028818,0.11334,0.084937,0.020983,0.022253,0.071069,0.043489
0.024156,0.0311,0.05181,0.084037,0.038113,0.019908,0.064691,0.086685
0.022598,0.032306,0.051736,0.091805,0.048045,0.018211,0.043991,0.071982
0.025114,0.034422,0.079124,0.11378,0.044383,0.019733,0.053461,0.078107
0.019536,0.032781,0.055843,0.10343,0.042009,0.016768,0.055996,0.062588
0.022253,0.031471,0.040323,0.082342,0.036998,0.016937,0.041785,0.069333
0.019411,0.029008,0.043578,0.087702,0.039575,0.017235,0.045069,0.057062
0.021002,0.029598,0.029322,0.074069,0.035003,0.016263,0.039068,0.069157
0.021688,0.026122,0.038854,0.11284,0.040086,0.01727,0.050369,0.076576
0.035084,0.034458,0.049788,0.10347,0.040009,0.01962,0.041517,0.063312
0.021452,0.032224,0.04599,0.096999,0.039,0.016937,0.042274,0.047624
0.030559,0.08149,0.044607,0.05521,0.027161,0.04542,0.067257,0.023035
0.027798,0.040399,0.029913,0.045999,0.022946,0.046688,0.069626,0.021462
0.028377,0.039928,0.032707,0.047842,0.018543,0.04529,0.068623,0.022652
0.0218,0.032998,0.032638,0.050647,0.02069,0.046294,0.072138,0.018554
0.025428,0.030982,0.033047,0.044743,0.020081,0.041202,0.070849,0.031638
0.029797,0.043061,0.034599,0.051063,0.02926,0.050329,0.066193,0.024722
0.025627,0.035476,0.028705,0.044337,0.021185,0.048353,0.079529,0.035807
0.030325,0.063099,0.06064,0.05157,0.025,0.050875,0.0803,0.028154
0.031438,0.042919,0.036666,0.053655,0.026585,0.043442,0.073082,0.036766
0.031165,0.047863,0.04211,0.052516,0.024173,0.048227,0.078959,0.034991
0.03757,0.06504,0.1527,0.074237,0.036599,0.083153,0.27822,0.11681
0.027643,0.036287,0.10617,0.051752,0.032104,0.051035,0.20585,0.079914
0.024198,0.074986,0.11911,0.06335,0.036522,0.070095,0.20872,0.078719
0.031952,0.066445,0.16421,0.084276,0.03868,0.092247,0.22173,0.092597
0.024623,0.03267,0.10174,0.07015,0.034143,0.057629,0.18829,0.070765
0.025746,0.042495,0.1163,0.079501,0.031894,0.072234,0.19999,0.069688
0.021319,0.050851,0.11668,0.082776,0.03306,0.057615,0.18729,0.057033
0.027071,0.050349,0.14094,0.093622,0.03136,0.05437,0.17918,0.060495
0.022033,0.044208,0.12684,0.062507,0.032344,0.044019,0.17122,0.058205
0.026424,0.041756,0.14511,0.073363,0.031657,0.082456,0.24116,0.079016
0.029639,0.044005,0.12294,0.081605,0.037424,0.070751,0.25704,0.087158
0.031139,0.055397,0.14862,0.082571,0.032041,0.073199,0.19015,0.078944
0.030572,0.054751,0.19924,0.093934,0.036827,0.061931,0.21876,0.085881
0.02538,0.040625,0.14851,0.076862,0.030592,0.053263,0.17657,0.063504
0.034054,0.056112,0.155,0.081552,0.038332,0.062213,0.18731,0.076555
0.024992,0.04381,0.13087,0.080702,0.032788,0.053025,0.18312,0.068006
0.036471,0.0383,0.16658,0.079355,0.034804,0.095332,0.19149,0.094118
0.035113,0.050167,0.16239,0.069865,0.03978,0.071386,0.22021,0.087897
0.032613,0.044884,0.16162,0.081829,0.035602,0.046949,0.1744,0.065513
0.03336,0.03267,0.16338,0.075562,0.031747,0.050089,0.1665,0.077371
0.027666,0.13025,0.13598,0.042461,0.023052,0.090616,0.36554,0.092106
0.028363,0.1345,0.13664,0.032663,0.022822,0.087714,0.36726,0.099318
0.035482,0.15862,0.14033,0.038875,0.022732,0.10131,0.41503,0.081958
0.044834,0.21931,0.1692,0.047581,0.023061,0.08665,0.42454,0.10606
0.035767,0.15103,0.12499,0.039394,0.025444,0.088602,0.44908,0.10909
0.059176,0.2621,0.18235,0.050947,0.03293,0.11773,0.48038,0.14486
0.033718,0.13868,0.18179,0.045033,0.026996,0.08282,0.48061,0.11713
0.039528,0.21958,0.19969,0.056308,0.02757,0.088423,0.41778,0.13545
0.035648,0.1891,0.15112,0.037473,0.029336,0.10699,0.46655,0.114
0.034869,0.1594,0.11049,0.037495,0.025073,0.072588,0.48401,0.12231
0.033207,0.14275,0.13058,0.036443,0.02355,0.070469,0.42908,0.089049
0.024206,0.12401,0.10271,0.029735,0.019857,0.055913,0.42408,0.074532
0.025817,0.14747,0.11842,0.027914,0.023842,0.089763,0.44372,0.090465
0.06078,0.12572,0.087242,0.028513,0.026784,0.068063,0.45787,0.095088
0.036964,0.1427,0.16375,0.043745,0.022453,0.071255,0.47645,0.091378
0.029879,0.14148,0.13082,0.036124,0.022079,0.072183,0.52889,0.1062
0.027191,0.12409,0.20208,0.04732,0.023385,0.074143,0.44477,0.098827
0.026386,0.12411,0.085992,0.036005,0.02673,0.083746,0.40066,0.077692
0.027511,0.13015,0.11117,0.030988,0.021791,0.090339,0.44405,0.07428
0.025722,0.13155,0.085933,0.035049,0.023455,0.06175,0.46028,0.068111
0.041912,0.18891,0.12259,0.04198,0.028096,0.06523,0.44823,0.10262
0.033554,0.032726,0.074121,0.022697,0.01875,0.021079,0.1446,0.18845
0.037851,0.059635,0.094043,0.024465,0.01811,0.020866,0.14482,0.18501
0.033372,0.035688,0.11285,0.024282,0.018344,0.017176,0.14581,0.17614
0.027063,0.03596,0.085558,0.021012,0.01851,0.018728,0.1114,0.14498
0.030572,0.031542,0.086706,0.019979,0.01714,0.020272,0.14462,0.1896
0.040469,0.03925,0.09924,0.022508,0.017895,0.025033,0.17744,0.19777
0.026177,0.03218,0.10393,0.022946,0.017504,0.017884,0.11644,0.14652
0.037069,0.029557,0.075761,0.019908,0.019702,0.020924,0.12572,0.19593
0.030798,0.031958,0.080437,0.020452,0.017643,0.019857,0.1563,0.18897
0.041844,0.03814,0.056578,0.019179,0.017021,0.024357,0.15941,0.21287
0.045746,0.033603,0.095009,0.020817,0.017539,0.023533,0.16711,0.22733
0.031831,0.046268,0.088526,0.022444,0.017884,0.021156,0.18147,0.20653
0.033928,0.028002,0.095184,0.02218,0.0183,0.019795,0.16265,0.19997
0.030055,0.0328,0.11528,0.022911,0.016744,0.020412,0.17303,0.2055
0.030425,0.034869,0.091705,0.023507,0.017689,0.020402,0.13973,0.1631
0.041473,0.13326,0.091931,0.021376,0.020522,0.021433,0.15444,0.17591
0.034233,0.037587,0.074105,0.022732,0.018444,0.021547,0.14293,0.17072
0.03356,0.042971,0.11272,0.021949,0.017423,0.020532,0.1267,0.16667
0.032488,0.040939,0.091854,0.022005,0.022326,0.020111,0.11835,0.16225
0.036572,0.041541,0.10271,0.023472,0.017655,0.025235,0.1569,0.20671
0.03583,0.033856,0.10371,0.021996,0.018761,0.021214,0.14794,0.19095
0.033681,0.048066,0.094351,0.028241,0.021376,0.022115,0.13774,0.21327
0.029127,0.041571,0.11763,0.030705,0.019338,0.024935,0.14818,0.18468
0.028882,0.03019,0.092476,0.028463,0.019232,0.027871,0.12373,0.18035
0.027481,0.028769,0.073388,0.026029,0.016499,0.026169,0.144,0.17782
0.022616,0.022652,0.054471,0.025186,0.016829,0.018976,0.11277,0.14695
0.023944,0.024156,0.096696,0.025339,0.017895,0.020739,0.12773,0.16449
0.033213,0.033524,0.08142,0.023705,0.018333,0.025531,0.14624,0.18183
0.034634,0.034623,0.080361,0.029495,0.017033,0.019702,0.13192,0.21557
0.050288,0.066429,0.073288,0.032557,0.020532,0.023739,0.14702,0.18757
0.041118,0.030837,0.08131,0.027776,0.019661,0.027161,0.14709,0.21855
0.031542,0.030425,0.093193,0.026393,0.018761,0.021166,0.1464,0.20128
0.030552,0.039585,0.079363,0.032495,0.017411,0.021195,0.10993,0.18489
0.040263,0.032557,0.086157,0.029308,0.019536,0.026837,0.14411,0.18921
0.032794,0.026769,0.092981,0.02637,0.017033,0.023961,0.16062,0.19046
0.03015,0.024231,0.078471,0.025492,0.018199,0.022097,0.10968,0.16732
0.023774,0.034828,0.086478,0.026685,0.020313,0.021977,0.097265,0.16165
0.023403,0.029134,0.093265,0.024722,0.019463,0.035493,0.13576,0.16789
0.033293,0.038943,0.11986,0.027827,0.021604,0.023324,0.14495,0.21467
0.036588,0.032123,0.081597,0.034711,0.024012,0.027562,0.14858,0.20907
0.026386,0.033639,0.10952,0.032344,0.020091,0.020172,0.11757,0.21481
0.033427,0.035304,0.09372,0.029364,0.020846,0.02397,0.12062,0.18122
0.031799,0.040014,0.085016,0.029495,0.020817,0.021669,0.10435,0.1789
0.038549,0.036904,0.067444,0.025579,0.022535,0.033475,0.22951,0.20804
0.040248,0.044088,0.0498,0.017997,0.020895,0.036566,0.15325,0.216
0.031677,0.031799,0.048197,0.017021,0.018042,0.02573,0.16679,0.15682
0.055029,0.051901,0.048651,0.023645,0.02267,0.045447,0.21268,0.26975
0.0665,0.063738,0.048147,0.02106,0.021566,0.034979,0.2479,0.2783
0.046771,0.04989,0.050715,0.017632,0.020202,0.041004,0.25153,0.22984
0.065342,0.058876,0.042952,0.022033,0.021214,0.032843,0.21781,0.2617
0.044019,0.046294,0.040298,0.018663,0.020699,0.046879,0.19402,0.20189
0.04903,0.053263,0.044689,0.022688,0.020472,0.029085,0.19994,0.24538
0.043526,0.043348,0.054138,0.017211,0.019505,0.030109,0.14437,0.21604
0.049853,0.0484,0.069685,0.02874,0.021912,0.030579,0.19862,0.20538
0.050268,0.047384,0.064761,0.030877,0.021002,0.031747,0.21643,0.23865
0.038617,0.042241,0.048024,0.027414,0.021012,0.024689,0.15117,0.16945
0.062896,0.058696,0.043235,0.025746,0.023662,0.033542,0.18752,0.20987
0.050231,0.056869,0.062646,0.020719,0.020343,0.034787,0.20043,0.23604
0.051448,0.05565,0.063299,0.020272,0.020412,0.026177,0.196,0.22006
0.038859,0.047242,0.073769,0.024063,0.0184,0.027922,0.16156,0.23609
0.044295,0.067943,0.056926,0.027377,0.019169,0.02946,0.15996,0.16871
0.035148,0.029357,0.042519,0.019836,0.020091,0.030123,0.15771,0.21752
0.040979,0.039156,0.041369,0.019826,0.020333,0.029578,0.21212,0.24207
0.022544,0.04478,0.093335,0.055836,0.069042,0.032463,0.26775,0.15354
0.022732,0.025339,0.087444,0.050955,0.05694,0.028755,0.22559,0.14221
0.02107,0.043009,0.08386,0.052268,0.064861,0.029329,0.18111,0.10818
0.027973,0.03125,0.089316,0.052003,0.07152,0.029433,0.19311,0.12036
0.019702,0.02637,0.083444,0.055727,0.074003,0.032117,0.14241,0.11429
0.021613,0.036638,0.10367,0.056643,0.079718,0.034517,0.21841,0.14432
0.017597,0.035522,0.099265,0.059628,0.082795,0.027347,0.17766,0.10493
0.018233,0.021959,0.071833,0.050304,0.072929,0.036605,0.22959,0.10859
0.022849,0.029742,0.077216,0.054352,0.068821,0.042653,0.19962,0.13165
0.022562,0.043282,0.10883,0.056758,0.067652,0.027827,0.19792,0.10404
0.016768,0.022999,0.079744,0.054239,0.071801,0.024746,0.1409,0.077568
0.020422,0.028733,0.10621,0.04829,0.062056,0.038231,0.21277,0.12117
0.021679,0.024206,0.082977,0.056922,0.066945,0.029994,0.16916,0.12777
0.020817,0.023791,0.074807,0.050999,0.073185,0.027392,0.20947,0.10587
0.022571,0.024365,0.084493,0.049902,0.08108,0.03447,0.17581,0.12679
0.021669,0.028994,0.11347,0.056319,0.075325,0.025667,0.19881,0.11118
0.022929,0.029811,0.094601,0.061592,0.072834,0.03293,0.24386,0.12331
0.019744,0.030612,0.08661,0.053052,0.07076,0.028406,0.18506,0.11601
0.018804,0.028584,0.10231,0.051649,0.07031,0.034558,0.22228,0.10739
0.027318,0.027849,0.096122,0.054175,0.075344,0.044711,0.25213,0.14274
0.039441,0.047854,0.089834,0.050562,0.0255,0.02698,0.13225,0.16879
0.041897,0.054925,0.082918,0.043085,0.024746,0.024054,0.12429,0.13147
0.050158,0.067021,0.10902,0.052721,0.024902,0.025235,0.12406,0.15435
0.047225,0.073454,0.10247,0.050028,0.025856,0.028719,0.13717,0.16772
0.053923,0.067763,0.1156,0.059107,0.028541,0.029329,0.13186,0.1402
0.052864,0.073496,0.095276,0.046338,0.025643,0.02459,0.12803,0.17515
0.0492,0.084909,0.08047,0.041389,0.025339,0.02194,0.10134,0.12083
0.047035,0.069909,0.082122,0.043899,0.023645,0.023524,0.11328,0.14082
0.05252,0.081719,0.10551,0.048943,0.025777,0.024829,0.1181,0.13669
0.085406,0.079907,0.11513,0.048756,0.024206,0.027958,0.12865,0.17726
0.061217,0.070642,0.090067,0.049217,0.028463,0.026013,0.13544,0.1572
0.0597,0.075944,0.11672,0.05,0.029797,0.031335,0.14341,0.16876
0.056228,0.07833,0.10053,0.052663,0.028377,0.030432,0.15176,0.18515
0.053312,0.078902,0.10894,0.048248,0.026882,0.025186,0.13231,0.16394
0.05465,0.068584,0.08011,0.044272,0.025307,0.024474,0.11114,0.13763
0.050171,0.067601,0.090939,0.04583,0.02588,0.030311,0.14986,0.14803
0.050915,0.060155,0.082428,0.041965,0.023995,0.023541,0.08948,0.11332
0.057161,0.090191,0.10101,0.049246,0.029141,0.027592,0.13006,0.125
0.055876,0.08071,0.10042,0.049353,0.028712,0.026293,0.1143,0.13827
0.063904,0.077108,0.10557,0.048847,0.025348,0.025659,0.14035,0.16968
0.030712,0.058564,0.088866,0.054081,0.032769,0.029557,0.17233,0.16648
0.036079,0.060505,0.071804,0.045263,0.027827,0.025114,0.13445,0.12392
0.032218,0.063744,0.083612,0.039713,0.029947,0.022786,0.10681,0.1264
0.032117,0.063376,0.075246,0.047031,0.028248,0.025049,0.13486,0.10549
0.044956,0.082886,0.11646,0.081433,0.044666,0.029858,0.11572,0.13469
0.043666,0.092263,0.090748,0.066024,0.035078,0.027474,0.14628,0.1207
0.040625,0.10087,0.094504,0.047611,0.028067,0.028662,0.13994,0.12994
0.037239,0.077002,0.074894,0.039882,0.028896,0.025315,0.13379,0.10526
0.036816,0.074014,0.077124,0.048563,0.028677,0.021452,0.10975,0.10685
0.035841,0.067453,0.078667,0.046118,0.026555,0.025452,0.12985,0.10011
0.041619,0.09605,0.096226,0.048058,0.030082,0.031677,0.1275,0.1035
0.034699,0.068102,0.06981,0.047397,0.030791,0.032186,0.18288,0.11762
0.035142,0.074826,0.063302,0.042269,0.027511,0.023498,0.12553,0.11007
0.027347,0.064776,0.062062,0.035835,0.022553,0.020343,0.093053,0.075559
0.037282,0.081677,0.086143,0.054078,0.029633,0.024482,0.12032,0.11522
0.033862,0.061031,0.077206,0.044702,0.025809,0.026044,0.15212,0.12294
0.03013,0.054468,0.066002,0.048843,0.027116,0.020081,0.099619,0.097618
0.029204,0.073229,0.069468,0.042062,0.0262,0.019484,0.085779,0.077497
0.030718,0.077812,0.072876,0.043451,0.027496,0.024189,0.13881,0.10416
0.030244,0.062718,0.070031,0.039765,0.024581,0.021847,0.11427,0.10457
0.02955,0.061413,0.067829,0.03641,0.024021,0.023576,0.13572,0.096072
0.031612,0.056593,0.067051,0.041291,0.025404,0.02239,0.12787,0.098646
0.036354,0.063747,0.076714,0.04179,0.026882,0.024231,0.1309,0.11988
0.037222,0.067508,0.084724,0.051838,0.030705,0.028377,0.15288,0.10516
0.054382,0.052311,0.065733,0.04713,0.039482,0.033886,0.16936,0.24878
0.031296,0.04133,0.037706,0.038712,0.02979,0.021556,0.093322,0.12136
0.032034,0.040974,0.041785,0.043931,0.033004,0.021002,0.10245,0.14282
0.031683,0.036169,0.043409,0.039718,0.026208,0.021281,0.097845,0.15405
0.03703,0.043108,0.043769,0.049931,0.032769,0.022544,0.11133,0.17087
0.02768,0.03877,0.051313,0.044607,0.031907,0.021772,0.094457,0.11839
0.030685,0.042394,0.050643,0.05192,0.031612,0.019651,0.09587,0.12649
0.033609,0.056145,0.063552,0.059245,0.034921,0.022207,0.12094,0.14734
0.02852,0.045572,0.055331,0.052034,0.034381,0.020992,0.10358,0.11174
0.028312,0.048438,0.05669,0.046927,0.032003,0.022069,0.10475,0.12228
0.035653,0.050409,0.073426,0.057544,0.034956,0.023585,0.10353,0.12548
0.025738,0.049047,0.049518,0.049763,0.030804,0.017747,0.076838,0.086013
0.030665,0.047829,0.051075,0.04198,0.031805,0.022235,0.10184,0.12722
0.031824,0.061104,0.060814,0.06032,0.033274,0.019795,0.084616,0.10791
0.032526,0.050276,0.058575,0.045514,0.029204,0.019805,0.087867,0.11227
0.032136,0.049796,0.056167,0.037679,0.028161,0.020101,0.097181,0.11587
0.041732,0.077537,0.078281,0.049225,0.031625,0.02181,0.11015,0.13465
0.040106,0.058831,0.072512,0.046043,0.031862,0.025195,0.12639,0.17158
0.039167,0.057247,0.056488,0.048885,0.039811,0.026708,0.11768,0.16703
0.038475,0.058523,0.068141,0.054464,0.035949,0.024853,0.12425,0.13471
0.028832,0.050349,0.050923,0.044602,0.027929,0.02,0.086614,0.10489
0.035061,0.056246,0.05765,0.048257,0.02919,0.019599,0.08702,0.12401
0.034393,0.075885,0.072862,0.051278,0.035642,0.021566,0.096086,0.12311
0.034304,0.067589,0.068706,0.055949,0.036583,0.023774,0.11072,0.14774
0.035032,0.083933,0.079544,0.057165,0.03868,0.046957,0.1242,0.093452
0.043004,0.10094,0.098665,0.055811,0.040429,0.038586,0.096755,0.096717
0.048159,0.10715,0.10383,0.047298,0.035084,0.039141,0.10702,0.11042
0.048722,0.10765,0.11243,0.063588,0.046513,0.046888,0.1303,0.12062
0.035165,0.081535,0.086811,0.046312,0.037743,0.038586,0.11624,0.096486
0.037673,0.10361,0.1001,0.048458,0.039652,0.036672,0.11972,0.091385
0.037419,0.088586,0.09622,0.051598,0.036028,0.037646,0.10522,0.090098
0.037331,0.091672,0.094631,0.051325,0.038937,0.04771,0.092941,0.081004
0.031412,0.080874,0.09124,0.044884,0.03431,0.036627,0.10872,0.089775
0.037996,0.093228,0.07771,0.041212,0.035482,0.027695,0.1027,0.089795
0.034787,0.087623,0.087892,0.041629,0.032757,0.030672,0.090123,0.080419
0.041673,0.087237,0.08295,0.051979,0.037522,0.032582,0.1034,0.094575
0.030499,0.075057,0.077728,0.036158,0.034787,0.034991,0.088918,0.07604
0.026363,0.066279,0.061294,0.034769,0.031354,0.025911,0.081802,0.067363
0.034487,0.089786,0.085859,0.040865,0.03777,0.032806,0.10204,0.089067
0.029523,0.087635,0.086063,0.041897,0.033244,0.034167,0.10118,0.084426
0.036079,0.087052,0.081498,0.038754,0.035407,0.036931,0.12584,0.086235
0.033597,0.077161,0.099756,0.053681,0.037716,0.04077,0.08975,0.095295
0.037157,0.074897,0.086358,0.043437,0.037942,0.03488,0.10056,0.093554
0.039369,0.094233,0.085817,0.050763,0.034131,0.03579,0.11772,0.097851
0.042269,0.11555,0.10027,0.021443,0.019083,0.079203,0.39838,0.13298
0.097478,0.11387,0.08306,0.018641,0.01962,0.064139,0.31622,0.085629
0.094243,0.15036,0.076432,0.021471,0.022033,0.10771,0.36482,0.15625
0.069166,0.14292,0.11461,0.024606,0.022106,0.074881,0.31271,0.1241
0.088579,0.18995,0.1149,0.022911,0.024722,0.14855,0.32919,0.18572
0.094364,0.1775,0.097171,0.024315,0.023859,0.10826,0.32101,0.17076
0.092251,0.17744,0.088391,0.02355,0.021376,0.09054,0.35344,0.12268
0.11199,0.17413,0.066726,0.019682,0.021754,0.077282,0.28218,0.092106
0.11167,0.18767,0.075578,0.019692,0.021481,0.10741,0.3499,0.14515
0.079526,0.19638,0.10787,0.025259,0.023263,0.093147,0.30296,0.12263
0.07909,0.16851,0.089784,0.021195,0.022723,0.091512,0.2988,0.13044
0.096522,0.2331,0.11846,0.023808,0.023868,0.098425,0.35998,0.15307
0.093934,0.1865,0.11821,0.025267,0.023158,0.11673,0.30822,0.11464
0.076709,0.20992,0.13336,0.024779,0.022884,0.12585,0.30574,0.13989
0.066838,0.17547,0.12249,0.020252,0.022353,0.12272,0.35679,0.15091
0.05159,0.19684,0.078307,0.031054,0.019938,0.086673,0.34271,0.12475
0.10211,0.19461,0.096129,0.025203,0.023368,0.09045,0.33049,0.13499
0.090283,0.1782,0.092775,0.023524,0.024273,0.099733,0.25628,0.14585
0.09058,0.19214,0.083009,0.023158,0.019877,0.10037,0.25653,0.11662
0.086762,0.20849,0.11681,0.026769,0.024656,0.096471,0.31824,0.15234
0.083339,0.12335,0.18708,0.022991,0.020162,0.10447,0.34007,0.14353
0.091118,0.12962,0.18712,0.02798,0.021156,0.17198,0.36386,0.17228
0.078745,0.13087,0.1574,0.026417,0.021847,0.10546,0.35243,0.21082
0.074723,0.11936,0.18673,0.02449,0.021021,0.11307,0.31576,0.15696
0.086148,0.14836,0.20954,0.037282,0.025396,0.12224,0.35192,0.20313
0.087104,0.16265,0.24957,0.02798,0.017493,0.11384,0.31323,0.19826
0.079101,0.11961,0.1485,0.0215,0.0183,0.068848,0.30808,0.16368
0.051689,0.070719,0.16743,0.026578,0.01863,0.067559,0.36133,0.15798
0.059135,0.13357,0.24255,0.03547,0.025888,0.12744,0.38967,0.17075
0.083009,0.16235,0.18908,0.032874,0.019651,0.08785,0.35569,0.20061
0.086802,0.11258,0.1735,0.024796,0.019959,0.1149,0.35396,0.15723
0.083804,0.14984,0.17613,0.027827,0.021367,0.095291,0.3403,0.15214
0.086668,0.12943,0.21903,0.026746,0.019306,0.088246,0.35879,0.16767
0.073324,0.11495,0.13138,0.025033,0.018477,0.085255,0.342,0.15208
0.055202,0.10171,0.15571,0.027429,0.017804,0.075141,0.3066,0.14017
0.083337,0.1443,0.15978,0.023158,0.020061,0.1104,0.35056,0.19329
0.086056,0.14406,0.16422,0.028577,0.02066,0.081517,0.35311,0.18354
0.082357,0.12784,0.16976,0.025935,0.020452,0.078835,0.33689,0.1605
0.084447,0.14772,0.26424,0.03356,0.023739,0.12675,0.33701,0.19243
0.094172,0.1587,0.1916,0.033109,0.024755,0.10625,0.34158,0.16984
0.083028,0.11269,0.07252,0.025016,0.03267,0.26131,0.41886,0.11711
0.07616,0.10174,0.089584,0.023919,0.030432,0.23421,0.41161,0.11647
0.088831,0.13299,0.11279,0.02349,0.028118,0.23097,0.33766,0.079828
0.092707,0.14723,0.10689,0.026799,0.044483,0.25605,0.34827,0.10167
0.086079,0.14184,0.054754,0.022999,0.049146,0.21901,0.37911,0.12824
0.067901,0.074837,0.07321,0.019158,0.02919,0.2061,0.35805,0.061469
0.078094,0.062562,0.048818,0.019274,0.032237,0.23435,0.36125,0.10781
0.058069,0.1002,0.090039,0.024482,0.031335,0.22335,0.42012,0.10105
0.075619,0.094661,0.076238,0.022235,0.032918,0.24058,0.38974,0.09547
0.068895,0.0935,0.071475,0.023472,0.032275,0.24864,0.36567,0.099592
0.067269,0.07024,0.054561,0.018143,0.030525,0.15826,0.38524,0.08305
0.078377,0.084467,0.063408,0.019795,0.030559,0.24301,0.35814,0.092628
0.095312,0.1057,0.10071,0.02355,0.043108,0.31317,0.44056,0.12686
0.075624,0.10036,0.0862,0.022462,0.029336,0.22414,0.41291,0.095942
0.07442,0.10199,0.078786,0.022198,0.037206,0.27182,0.36036,0.10613
0.078902,0.11894,0.087374,0.022723,0.039369,0.28136,0.423,0.13432
0.077353,0.11276,0.1038,0.023953,0.039616,0.34178,0.40787,0.10232
0.086814,0.16525,0.091015,0.028212,0.040765,0.27312,0.37932,0.10801
0.073143,0.11833,0.095101,0.021118,0.029043,0.20073,0.44398,0.095045
0.08498,0.12412,0.10534,0.025372,0.030035,0.22075,0.37654,0.086945
0.049825,0.13768,0.2363,0.041522,0.026036,0.1574,0.37613,0.17983
0.041917,0.12713,0.22864,0.037727,0.028002,0.14845,0.38178,0.17214
0.042667,0.10785,0.17306,0.033627,0.021002,0.10453,0.40284,0.20996
0.035101,0.095345,0.1189,0.028089,0.021127,0.099183,0.36891,0.11161
0.057257,0.16368,0.14751,0.030559,0.021367,0.10162,0.33788,0.085788
0.050631,0.11498,0.1373,0.030705,0.023885,0.12617,0.36727,0.1764
0.039979,0.15037,0.15058,0.035465,0.022426,0.094519,0.43028,0.14831
0.029364,0.13059,0.15741,0.034131,0.02106,0.13464,0.33002,0.11195
0.039851,0.10161,0.12778,0.032338,0.019857,0.091142,0.34212,0.12303
0.042476,0.1468,0.162,0.040308,0.022697,0.084039,0.36159,0.13635
0.028776,0.10438,0.14509,0.029585,0.019062,0.075632,0.33431,0.11176
0.034215,0.10994,0.132,0.034499,0.021108,0.060418,0.35746,0.1115
0.028584,0.12715,0.13932,0.036876,0.02105,0.071401,0.34225,0.11055
0.04238,0.17985,0.17091,0.037695,0.022991,0.10821,0.37371,0.13953
0.036315,0.14813,0.142,0.070445,0.030432,0.099739,0.34473,0.088526
0.048248,0.13336,0.14356,0.037162,0.021828,0.095823,0.3715,0.19935
0.043226,0.13747,0.14489,0.034944,0.02249,0.089958,0.36571,0.13787
0.036483,0.13038,0.15323,0.039974,0.020611,0.084228,0.35123,0.13859
0.034892,0.12929,0.13472,0.035482,0.022235,0.082739,0.416,0.11869
0.037211,0.12044,0.17361,0.035676,0.019453,0.069539,0.36219,0.12153
