0.036992,0.15131,0.082849,0.030129,0.022432,0.099404,0.28788,0.058357
0.030536,0.072888,0.052756,0.025517,0.020443,0.1131,0.29468,0.062827
0.034817,0.10515,0.049793,0.028586,0.016391,0.06081,0.27417,0.034982
0.030064,0.054842,0.056868,0.027584,0.015604,0.078123,0.25716,0.033273
0.038365,0.13097,0.048147,0.023226,0.01739,0.084651,0.23555,0.025483
0.042204,0.1375,0.063193,0.034584,0.021053,0.088268,0.26315,0.041398
0.016471,0.034707,0.039808,0.026891,0.016305,0.079749,0.25672,0.036546
0.029873,0.093142,0.037597,0.026994,0.017347,0.078153,0.29838,0.049999
0.041829,0.13588,0.051197,0.030391,0.017596,0.059211,0.26233,0.032811
0.023096,0.061766,0.055472,0.03641,0.015986,0.08006,0.23944,0.036183
0.046312,0.14334,0.067505,0.027996,0.020709,0.072575,0.27766,0.033784
0.046957,0.15732,0.077398,0.027767,0.01931,0.06826,0.26768,0.056121
0.049152,0.15467,0.064681,0.029191,0.022762,0.099243,0.20888,0.044847
0.037916,0.093868,0.056434,0.025316,0.020427,0.10112,0.24677,0.041871
0.023381,0.084972,0.075331,0.036667,0.015785,0.070288,0.20569,0.029639
0.025123,0.11294,0.043915,0.027145,0.017754,0.08674,0.31049,0.050612
0.025584,0.086056,0.050459,0.023391,0.013415,0.050652,0.24482,0.024248
0.025468,0.067373,0.047412,0.025984,0.016124,0.063675,0.25815,0.031575
0.026755,0.081995,0.051665,0.029734,0.013528,0.060037,0.25863,0.024551
0.019541,0.060856,0.048188,0.027766,0.015316,0.087947,0.23348,0.034014
0.016641,0.042955,0.044755,0.030722,0.012672,0.053884,0.23798,0.020706
0.030574,0.10549,0.046529,0.029262,0.013907,0.055971,0.25958,0.028618
0.0137,0.040182,0.041106,0.026585,0.017647,0.088235,0.24179,0.037851
0.017648,0.039176,0.036979,0.025635,0.015052,0.070897,0.18186,0.021954
0.025138,0.068545,0.04239,0.035835,0.014921,0.053396,0.23311,0.02244
0.030409,0.11127,0.046059,0.030481,0.01574,0.057638,0.24084,0.031495
0.030045,0.10863,0.042965,0.029846,0.017809,0.086761,0.24024,0.022834
0.05254,0.17858,0.05427,0.034861,0.020095,0.068351,0.19802,0.030307
0.046322,0.12106,0.057903,0.032483,0.017613,0.064262,0.2712,0.03736
0.034041,0.12192,0.044894,0.026642,0.014635,0.063571,0.27174,0.033281
0.052834,0.12492,0.05116,0.030247,0.020793,0.070759,0.27454,0.036365
0.021336,0.081334,0.045748,0.027874,0.015451,0.054697,0.21724,0.024028
0.031561,0.12115,0.053293,0.029745,0.015251,0.072835,0.22814,0.027366
0.059246,0.15053,0.058416,0.029712,0.015338,0.054631,0.2364,0.033799
0.028849,0.10638,0.047405,0.027888,0.013306,0.062975,0.23494,0.026933
0.027098,0.085648,0.065966,0.028956,0.013903,0.056737,0.24762,0.028819
0.054232,0.18274,0.068721,0.034869,0.019258,0.064074,0.25595,0.041382
0.03951,0.12017,0.05511,0.030819,0.017224,0.067972,0.2408,0.031916
0.035651,0.098333,0.055743,0.026714,0.013476,0.051237,0.25221,0.031515
0.029233,0.12048,0.04909,0.028799,0.015166,0.058254,0.2477,0.02556
0.026251,0.06771,0.043424,0.03072,0.016328,0.063968,0.26926,0.032907
0.044934,0.15271,0.058539,0.030385,0.017976,0.078889,0.22106,0.037586
0.049854,0.14495,0.053818,0.029677,0.016347,0.062063,0.24357,0.037805
0.050946,0.14193,0.055376,0.032776,0.01735,0.062434,0.25439,0.043548
0.02529,0.09392,0.051971,0.026515,0.015021,0.065956,0.2411,0.02716
0.020915,0.075543,0.051625,0.030378,0.01594,0.058613,0.25824,0.030168
0.039189,0.12871,0.042669,0.029248,0.016494,0.056255,0.25234,0.026933
0.03269,0.10763,0.052131,0.025258,0.015037,0.04771,0.23931,0.031728
0.047218,0.15279,0.055413,0.029657,0.016405,0.061671,0.24509,0.030249
0.037996,0.12542,0.046703,0.032973,0.015198,0.051905,0.2234,0.027789
0.047775,0.14921,0.060511,0.031968,0.015122,0.043337,0.27447,0.026155
0.036187,0.14393,0.058843,0.035889,0.016798,0.046777,0.2599,0.029479
0.026745,0.10008,0.05368,0.032226,0.015387,0.054632,0.24454,0.030449
0.038501,0.13259,0.058959,0.032731,0.015501,0.047924,0.24111,0.034814
0.047877,0.16461,0.060552,0.035455,0.015815,0.05442,0.2503,0.029014
0.021617,0.074789,0.048774,0.029083,0.014013,0.051301,0.25912,0.026114
0.022123,0.072901,0.056001,0.030229,0.015103,0.064164,0.28063,0.031417
0.036447,0.10464,0.047434,0.02255,0.015564,0.06842,0.27985,0.036637
0.033095,0.099751,0.05209,0.022581,0.01664,0.056697,0.27636,0.037488
0.029039,0.1015,0.055181,0.021983,0.016068,0.08352,0.26186,0.04125
0.03688,0.11712,0.072426,0.0319,0.017347,0.050194,0.22417,0.028398
0.027805,0.078152,0.046375,0.028114,0.014647,0.046495,0.22877,0.027886
0.044662,0.11486,0.051638,0.032211,0.016722,0.049056,0.21272,0.029788
0.038998,0.10955,0.050949,0.022353,0.016616,0.062596,0.24745,0.025924
0.02305,0.078549,0.048939,0.029262,0.014093,0.047113,0.25408,0.032283
0.021636,0.086596,0.05071,0.032147,0.0201,0.058167,0.25534,0.027583
0.030392,0.10489,0.048912,0.027034,0.013893,0.0631,0.25498,0.031936
0.033053,0.10562,0.069933,0.027971,0.013772,0.044061,0.23781,0.025344
0.020199,0.066172,0.048918,0.027935,0.015095,0.047102,0.24174,0.028508
0.02747,0.099304,0.046246,0.026689,0.01667,0.073169,0.28587,0.041083
0.020995,0.06176,0.035448,0.028928,0.015883,0.063748,0.25995,0.033842
0.076756,0.21571,0.078697,0.038217,0.019153,0.06252,0.27449,0.047723
0.045535,0.13792,0.048931,0.030528,0.016663,0.044957,0.26484,0.040571
0.017242,0.068979,0.051719,0.027997,0.014434,0.052868,0.27149,0.034767
0.018255,0.073726,0.053546,0.02981,0.012941,0.042225,0.231,0.031086
0.023805,0.11594,0.04094,0.027002,0.013051,0.040643,0.26304,0.031213
0.030677,0.094381,0.050335,0.024804,0.013587,0.046607,0.27415,0.038874
0.024961,0.083091,0.049154,0.024942,0.01045,0.040134,0.23459,0.032392
0.025167,0.074851,0.042681,0.026899,0.014599,0.044706,0.25619,0.034613
0.025259,0.13096,0.052984,0.025807,0.014774,0.038522,0.21718,0.039072
0.021862,0.075838,0.051658,0.026998,0.013646,0.06297,0.27496,0.05036
0.027583,0.11866,0.045651,0.024929,0.012856,0.037239,0.2966,0.033504
0.017715,0.064421,0.044887,0.026513,0.014266,0.046573,0.26352,0.029546
0.02401,0.082886,0.054827,0.029208,0.013276,0.050251,0.30045,0.033025
0.025057,0.097098,0.044677,0.022804,0.013075,0.043339,0.27709,0.032295
0.021629,0.082059,0.040209,0.027636,0.014576,0.051088,0.25877,0.033497
0.020115,0.09615,0.041589,0.023106,0.012625,0.036419,0.21363,0.029477
0.016564,0.061626,0.043923,0.025035,0.014537,0.044683,0.22099,0.026394
0.01847,0.061926,0.040382,0.021182,0.011816,0.047313,0.21805,0.029181
0.021699,0.079751,0.036651,0.020695,0.012369,0.03874,0.19939,0.027996
0.021318,0.082645,0.033154,0.024198,0.01514,0.045958,0.26542,0.04359
0.016951,0.054738,0.034529,0.01784,0.011765,0.049358,0.24377,0.034001
0.0243,0.099174,0.030807,0.031872,0.013625,0.03527,0.23459,0.029325
0.018631,0.059432,0.040379,0.0219,0.011968,0.037314,0.23595,0.029421
0.029031,0.12387,0.037066,0.022744,0.01337,0.04008,0.23966,0.032256
0.049783,0.17587,0.053464,0.029395,0.014462,0.051119,0.28536,0.0432
0.016119,0.031002,0.032506,0.021498,0.014826,0.048931,0.24583,0.038318
0.020034,0.093507,0.034195,0.020288,0.014959,0.047644,0.315,0.037368
0.023206,0.1038,0.0403,0.020544,0.014114,0.04273,0.29441,0.032416
0.022941,0.093873,0.045075,0.023028,0.013099,0.039182,0.24036,0.027108
0.029952,0.13529,0.054396,0.028278,0.014223,0.051414,0.28242,0.044815
0.034729,0.11836,0.044227,0.028055,0.014266,0.050754,0.27392,0.03759
0.029208,0.1297,0.065717,0.028421,0.016802,0.049699,0.25164,0.033307
0.034313,0.12425,0.051715,0.030678,0.015412,0.046702,0.26726,0.028455
0.031438,0.13319,0.048035,0.025142,0.014954,0.040308,0.26589,0.036486
0.038495,0.11497,0.071517,0.024742,0.022495,0.10697,0.3269,0.081611
0.020297,0.061571,0.037423,0.020443,0.017477,0.068971,0.29089,0.037985
0.028529,0.11462,0.038068,0.02436,0.017559,0.076076,0.2834,0.040827
0.031842,0.11497,0.042618,0.02465,0.01652,0.065572,0.26378,0.032935
0.024909,0.087612,0.049343,0.023783,0.014627,0.056143,0.29425,0.030102
0.027542,0.091987,0.048038,0.024618,0.015386,0.072321,0.32402,0.03451
0.029623,0.10346,0.076718,0.040287,0.017166,0.07253,0.31118,0.034366
0.028751,0.11115,0.059215,0.024065,0.016746,0.075386,0.3257,0.038533
0.03022,0.09948,0.053168,0.026155,0.015493,0.061983,0.25054,0.032538
0.021326,0.093758,0.050961,0.02278,0.016489,0.07063,0.28023,0.034168
0.027071,0.11707,0.042329,0.023609,0.015222,0.064353,0.26469,0.034752
0.034558,0.13881,0.066863,0.024357,0.017852,0.071968,0.25542,0.037415
0.030717,0.12672,0.06569,0.026122,0.021036,0.10542,0.23841,0.04907
0.031321,0.13745,0.05763,0.026454,0.024534,0.11202,0.29942,0.063594
0.028998,0.091878,0.057538,0.024558,0.01475,0.064685,0.27392,0.031857
0.029627,0.12165,0.064155,0.026519,0.015406,0.088704,0.28816,0.040191
0.03621,0.13234,0.050067,0.022459,0.013177,0.055526,0.25988,0.030753
0.028403,0.10446,0.052591,0.023137,0.017717,0.090137,0.2688,0.041175
0.026773,0.083142,0.053354,0.020844,0.014473,0.062658,0.26617,0.030143
0.023769,0.089689,0.057033,0.023754,0.013969,0.052859,0.26759,0.022959
0.024383,0.092315,0.053724,0.022758,0.016811,0.061225,0.26444,0.032948
0.022179,0.097251,0.051875,0.023625,0.015101,0.082184,0.26639,0.03303
0.020891,0.060919,0.045058,0.02483,0.015921,0.072077,0.28313,0.032262
0.025795,0.10007,0.054399,0.02608,0.01597,0.054351,0.25115,0.025177
0.025036,0.099338,0.060708,0.026622,0.015378,0.067935,0.29527,0.036787
0.025307,0.10441,0.045465,0.024964,0.015676,0.062732,0.25525,0.032985
0.023569,0.088916,0.064395,0.023857,0.015455,0.066034,0.26721,0.03903
0.020136,0.071896,0.04594,0.023829,0.011702,0.040216,0.26198,0.02255
0.029358,0.10757,0.060853,0.026693,0.014237,0.049209,0.25351,0.029584
0.022959,0.092339,0.048854,0.024421,0.016434,0.080245,0.24756,0.034205
0.026469,0.098759,0.061552,0.025638,0.014119,0.054557,0.29378,0.027129
0.027723,0.076062,0.04484,0.024195,0.015711,0.058331,0.24126,0.029964
0.01749,0.073032,0.053486,0.022448,0.016335,0.061229,0.28296,0.037182
0.024876,0.10522,0.049581,0.026275,0.0142,0.048536,0.23031,0.023073
0.025705,0.096556,0.058001,0.024283,0.015208,0.060226,0.2584,0.028857
0.025296,0.082181,0.062404,0.021402,0.017711,0.072893,0.27634,0.038728
0.024922,0.10294,0.057792,0.02288,0.015223,0.054466,0.29507,0.028819
0.025968,0.11297,0.043036,0.023313,0.011859,0.05768,0.21689,0.023942
0.028945,0.11156,0.052595,0.023488,0.017365,0.07085,0.28419,0.034826
0.025083,0.10072,0.048733,0.024019,0.016391,0.055355,0.25134,0.034908
0.028387,0.11539,0.041956,0.026228,0.013769,0.051677,0.26644,0.032636
0.019371,0.060956,0.042729,0.022632,0.013636,0.055196,0.27288,0.030282
0.024137,0.10638,0.048172,0.022002,0.014555,0.049596,0.28166,0.027365
0.022985,0.094459,0.046843,0.02394,0.012448,0.05935,0.25908,0.026266
0.037851,0.1291,0.05546,0.022949,0.013956,0.048271,0.2248,0.026781
0.029021,0.097514,0.06091,0.021515,0.014548,0.047332,0.22494,0.026749
0.030485,0.11647,0.044311,0.023346,0.013938,0.048076,0.26962,0.024654
0.041667,0.13939,0.049024,0.024579,0.016636,0.065868,0.25925,0.033852
0.021402,0.087625,0.04903,0.021787,0.014205,0.047542,0.27222,0.023409
0.017623,0.064851,0.048739,0.022161,0.014621,0.056496,0.25197,0.030107
0.021731,0.081589,0.0602,0.021331,0.016214,0.061875,0.30358,0.037378
0.018632,0.10339,0.048108,0.025057,0.014055,0.052926,0.24805,0.026304
0.022117,0.082311,0.055772,0.026527,0.016174,0.059072,0.26193,0.03103
0.01954,0.082909,0.056147,0.018562,0.013316,0.040194,0.24312,0.02688
0.017505,0.058319,0.052667,0.022551,0.013499,0.049969,0.23561,0.026176
0.021331,0.08885,0.044194,0.023367,0.012955,0.048768,0.28402,0.029088
0.01852,0.068886,0.050865,0.0226,0.014607,0.049044,0.23993,0.028451
0.025798,0.11634,0.052572,0.023283,0.015934,0.065393,0.25373,0.033002
0.021045,0.08801,0.046566,0.023483,0.01439,0.056053,0.26783,0.028167
0.016703,0.071305,0.059268,0.023264,0.011289,0.052965,0.23494,0.025506
0.02069,0.085904,0.056103,0.017418,0.014538,0.05449,0.30814,0.03364
0.022148,0.093188,0.051121,0.023714,0.012364,0.052446,0.24642,0.027009
0.040088,0.16533,0.048955,0.022399,0.014222,0.053406,0.2717,0.024841
0.025517,0.10077,0.059978,0.02527,0.013395,0.048557,0.29566,0.028619
0.026224,0.12485,0.058342,0.024992,0.015209,0.048773,0.26653,0.02724
0.021699,0.10596,0.054581,0.023295,0.013343,0.04433,0.25032,0.027594
0.022003,0.095778,0.051808,0.024703,0.015365,0.057607,0.26777,0.028234
0.024441,0.11465,0.040322,0.023112,0.013351,0.047395,0.25064,0.022695
0.022912,0.10324,0.042715,0.025458,0.015175,0.051606,0.23035,0.031662
0.033877,0.1047,0.058625,0.024061,0.014327,0.054135,0.23915,0.028325
0.022962,0.11369,0.055541,0.023584,0.019655,0.052577,0.26755,0.028098
0.024011,0.086687,0.037946,0.024192,0.012089,0.050439,0.25502,0.021341
0.044983,0.15982,0.04535,0.020024,0.013662,0.049799,0.23036,0.029089
0.025219,0.10376,0.043861,0.024097,0.013959,0.059549,0.28668,0.031567
0.039308,0.13632,0.049609,0.030407,0.018828,0.06652,0.27167,0.034025
0.035582,0.13455,0.041299,0.022728,0.014302,0.04729,0.26136,0.032154
0.029423,0.098052,0.052002,0.022017,0.016767,0.073162,0.27137,0.034364
0.027249,0.10774,0.052709,0.022749,0.01391,0.047512,0.27376,0.027044
0.031047,0.13159,0.056167,0.022317,0.013654,0.044173,0.24634,0.024146
0.0321,0.11407,0.044279,0.023269,0.01575,0.047029,0.26221,0.028053
0.028708,0.10254,0.047354,0.022312,0.01343,0.054348,0.27764,0.031856
0.033166,0.12833,0.039917,0.021216,0.012862,0.055793,0.22102,0.029244
0.035241,0.14908,0.033438,0.022198,0.013542,0.067793,0.22727,0.021322
0.023511,0.08959,0.043455,0.021387,0.013228,0.046726,0.24908,0.027764
0.023231,0.09962,0.034985,0.021084,0.014542,0.058089,0.27141,0.032332
0.023164,0.098027,0.036451,0.02072,0.014238,0.053894,0.29304,0.029345
0.02354,0.098535,0.036357,0.023265,0.014813,0.057206,0.27989,0.027243
0.044836,0.15908,0.045807,0.023684,0.017115,0.060574,0.27637,0.029553
0.025625,0.10965,0.037415,0.021119,0.013739,0.056218,0.24895,0.023976
0.028743,0.11958,0.035627,0.021211,0.015386,0.060091,0.24507,0.035597
0.026336,0.097689,0.048468,0.022724,0.014394,0.053057,0.29934,0.025106
0.01965,0.077948,0.028617,0.01805,0.014416,0.077768,0.285,0.034116
0.026291,0.11333,0.041024,0.018458,0.013604,0.052876,0.23388,0.028868
0.024197,0.10194,0.036322,0.022035,0.014212,0.042807,0.2561,0.024794
0.021801,0.06932,0.037636,0.021387,0.013556,0.057004,0.2788,0.034821
0.023929,0.10403,0.048584,0.0246,0.013313,0.047361,0.31278,0.027735
0.024577,0.11596,0.037533,0.020568,0.015874,0.06915,0.26479,0.03078
0.022431,0.12175,0.03032,0.019434,0.012657,0.049999,0.25814,0.028604
0.025665,0.087455,0.030177,0.020529,0.014825,0.069083,0.24188,0.033605
0.029838,0.13539,0.064646,0.018478,0.015933,0.059874,0.28786,0.031337
0.025332,0.10768,0.041537,0.023283,0.013844,0.058418,0.2651,0.034217
0.019668,0.072,0.034717,0.020207,0.011488,0.042114,0.24463,0.028447
0.018794,0.079529,0.047842,0.024524,0.014463,0.055266,0.27796,0.029875
0.034818,0.10635,0.04738,0.019171,0.014055,0.075909,0.26385,0.038154
0.026701,0.086085,0.033787,0.017183,0.015934,0.05563,0.26411,0.032297
0.028351,0.097255,0.039545,0.017318,0.014416,0.075699,0.25087,0.046041
0.032054,0.13797,0.047747,0.01745,0.014524,0.049248,0.23533,0.026109
0.030071,0.10726,0.03461,0.018912,0.014744,0.049229,0.24727,0.032177
0.022314,0.11065,0.030161,0.016773,0.014981,0.05235,0.26983,0.027661
0.029741,0.075938,0.042822,0.019525,0.014459,0.055406,0.22796,0.030052
0.021388,0.11002,0.032792,0.016581,0.012441,0.052501,0.26236,0.03008
0.029705,0.10776,0.035404,0.016879,0.014983,0.068134,0.28571,0.031403
0.034112,0.15702,0.075731,0.017869,0.013803,0.06541,0.25663,0.036497
0.024695,0.11145,0.03304,0.016321,0.013405,0.048518,0.25657,0.029598
0.037158,0.10725,0.044686,0.017859,0.014963,0.0833,0.30208,0.057959
0.033215,0.13619,0.037992,0.018971,0.015241,0.05883,0.24675,0.03223
0.020288,0.086932,0.037524,0.015334,0.012963,0.063118,0.29894,0.027816
0.026087,0.1067,0.03499,0.018564,0.01209,0.063255,0.30047,0.03082
0.027145,0.12177,0.041995,0.017015,0.011023,0.056528,0.26791,0.028362
0.026662,0.10338,0.044747,0.02037,0.015176,0.061091,0.29163,0.030523
0.030659,0.13949,0.036911,0.017925,0.013385,0.058275,0.27977,0.02641
0.026933,0.11895,0.044463,0.017896,0.014655,0.055109,0.23947,0.026625
0.024757,0.1102,0.04132,0.018635,0.014193,0.05952,0.22702,0.030709
0.025649,0.11813,0.041386,0.016162,0.015008,0.058643,0.26607,0.030771
0.032558,0.12795,0.045508,0.015157,0.011317,0.050884,0.2958,0.028851
0.022061,0.097346,0.039915,0.015348,0.015378,0.063925,0.26281,0.029824
0.031372,0.10708,0.038128,0.016791,0.013035,0.065855,0.29693,0.032495
0.020713,0.092571,0.04333,0.018708,0.013771,0.052681,0.26303,0.026212
0.033861,0.17712,0.032272,0.017221,0.015559,0.064021,0.25036,0.031259
0.020434,0.1031,0.0526,0.01855,0.012958,0.05527,0.32133,0.032531
0.023703,0.1166,0.048069,0.01737,0.016388,0.08096,0.29853,0.037993
0.041208,0.12552,0.044354,0.019479,0.016688,0.082469,0.24804,0.03184
0.028935,0.12606,0.033822,0.01456,0.013051,0.060596,0.26849,0.02748
0.034247,0.13666,0.040445,0.017271,0.016418,0.061762,0.27702,0.033806
0.027696,0.1272,0.041848,0.014993,0.01194,0.052804,0.25083,0.02224
0.024254,0.10899,0.056442,0.014761,0.013179,0.057538,0.2761,0.030467
0.021906,0.10414,0.045736,0.024097,0.014085,0.054054,0.31532,0.029824
0.025483,0.092233,0.035415,0.018504,0.014894,0.064845,0.34636,0.031432
0.019495,0.082866,0.05008,0.021197,0.015327,0.066136,0.28493,0.031312
0.018601,0.085604,0.039375,0.019067,0.013567,0.055792,0.292,0.026453
0.031411,0.13195,0.046046,0.02091,0.014642,0.058372,0.31732,0.033725
0.02519,0.10171,0.049206,0.017096,0.015186,0.051538,0.25769,0.026886
0.021344,0.079595,0.039641,0.020875,0.01409,0.047763,0.26747,0.033293
0.02797,0.1321,0.042792,0.018779,0.013645,0.051984,0.24007,0.030341
0.026678,0.092845,0.04361,0.018116,0.016453,0.05765,0.27683,0.028638
0.034128,0.1481,0.042955,0.024412,0.014501,0.050296,0.2635,0.031273
0.025494,0.086267,0.054542,0.025684,0.01549,0.055462,0.29588,0.034128
0.027889,0.11797,0.069367,0.016765,0.012722,0.063686,0.28512,0.029164
0.023136,0.1,0.043537,0.019601,0.013036,0.053694,0.26066,0.026703
0.022043,0.092163,0.051563,0.021947,0.015469,0.050402,0.29575,0.030463
0.033799,0.14307,0.052666,0.023084,0.014541,0.055412,0.28354,0.030395
0.027405,0.11605,0.047775,0.029139,0.017153,0.076193,0.27722,0.034492
0.026244,0.11328,0.046362,0.025829,0.01509,0.062113,0.30693,0.031555
0.085382,0.17134,0.047893,0.023615,0.01435,0.063326,0.28728,0.05859
0.023,0.094098,0.039817,0.022889,0.015359,0.075854,0.2692,0.034648
0.015947,0.044684,0.035949,0.023243,0.015877,0.068051,0.2761,0.034572
0.025597,0.11604,0.04544,0.024554,0.014788,0.053144,0.2416,0.023982
0.032584,0.091893,0.048608,0.026411,0.014452,0.05735,0.29943,0.02697
0.030024,0.11192,0.04442,0.021902,0.01457,0.047203,0.31346,0.03035
0.03066,0.11333,0.049023,0.022614,0.012927,0.051187,0.2795,0.027259
0.033221,0.13995,0.045365,0.022221,0.013416,0.062344,0.22546,0.031188
0.021857,0.10012,0.044475,0.023688,0.014443,0.057817,0.30216,0.031923
0.024012,0.11527,0.040977,0.020039,0.015151,0.058129,0.22023,0.02609
0.024712,0.1071,0.03921,0.021485,0.013866,0.050887,0.24915,0.02509
0.030033,0.11394,0.049061,0.020065,0.013496,0.051609,0.2824,0.034324
0.020281,0.094995,0.043951,0.028757,0.015624,0.060642,0.24357,0.030392
0.028487,0.12832,0.04434,0.021733,0.014359,0.047871,0.24956,0.02392
0.029359,0.12236,0.045181,0.023368,0.015439,0.062241,0.26957,0.042409
0.029791,0.12978,0.038168,0.022995,0.017009,0.061274,0.3142,0.032025
0.023463,0.1003,0.037954,0.027646,0.016547,0.076049,0.27306,0.032909
0.027722,0.1194,0.042634,0.022635,0.015992,0.060613,0.30779,0.030089
0.025013,0.12272,0.064969,0.028159,0.014789,0.044778,0.25779,0.021999
0.022971,0.074467,0.037745,0.019741,0.013329,0.060711,0.33028,0.026798
0.024487,0.099729,0.034288,0.021147,0.015224,0.060171,0.26808,0.023937
0.024979,0.11949,0.047394,0.021616,0.01352,0.052133,0.25609,0.0292
0.030689,0.12649,0.041534,0.023917,0.016509,0.058535,0.30509,0.028695
0.021947,0.089002,0.038746,0.0202,0.014113,0.056001,0.29631,0.03171
0.027896,0.12014,0.050061,0.019771,0.014348,0.062255,0.32072,0.034029
0.033759,0.14922,0.049771,0.020568,0.016558,0.063805,0.30195,0.034188
0.033481,0.14273,0.054635,0.022845,0.013307,0.069425,0.30312,0.033762
0.029213,0.13668,0.049543,0.020568,0.014777,0.056513,0.27762,0.035351
0.03139,0.10628,0.052345,0.022898,0.013264,0.051916,0.2873,0.02539
0.025259,0.099804,0.0464,0.023623,0.01561,0.067768,0.27199,0.038425
0.023066,0.086018,0.046609,0.021145,0.01395,0.049979,0.26113,0.026083
0.018239,0.088871,0.04536,0.022246,0.012736,0.061222,0.27549,0.032039
0.027056,0.10189,0.050205,0.02221,0.015399,0.049167,0.31256,0.030034
0.030686,0.10845,0.04676,0.019428,0.014509,0.0568,0.27671,0.028108
0.025142,0.12168,0.042809,0.021447,0.0134,0.052758,0.29518,0.026996
0.025193,0.10769,0.060431,0.017181,0.014229,0.066106,0.26656,0.034382
0.027977,0.11178,0.04805,0.020263,0.014519,0.070826,0.30603,0.041464
0.019049,0.080451,0.058229,0.022372,0.014183,0.052235,0.27766,0.029612
0.024624,0.11415,0.044404,0.020139,0.013671,0.061285,0.31977,0.028592
0.01902,0.086817,0.044416,0.020086,0.012629,0.055501,0.29471,0.033403
0.025395,0.1154,0.056071,0.022285,0.015095,0.067847,0.31238,0.032988
0.022387,0.11427,0.047603,0.018487,0.012599,0.058052,0.2695,0.028938
0.021661,0.087545,0.047593,0.021109,0.014167,0.053782,0.24362,0.028528
0.023413,0.093913,0.033197,0.0181,0.01498,0.065806,0.32936,0.036849
0.027618,0.11523,0.045668,0.01965,0.013862,0.062686,0.33638,0.035714
0.025753,0.12977,0.039486,0.017294,0.012981,0.05244,0.31705,0.028883
0.022409,0.085699,0.040648,0.020937,0.014959,0.052097,0.27253,0.024766
0.025095,0.12604,0.037158,0.019679,0.014195,0.062421,0.3007,0.034152
0.024238,0.098053,0.049723,0.019364,0.01313,0.061947,0.31505,0.036176
0.02477,0.11675,0.052348,0.017091,0.015045,0.061964,0.33307,0.035529
0.030462,0.12248,0.047534,0.029177,0.02518,0.20765,0.19501,0.039675
0.02983,0.090588,0.020357,0.015597,0.027005,0.23061,0.19271,0.036603
0.025724,0.036774,0.017683,0.012958,0.016112,0.21823,0.18377,0.028698
0.025957,0.029083,0.015613,0.012312,0.023753,0.20329,0.14512,0.036168
0.019705,0.022897,0.024552,0.012504,0.014388,0.17792,0.15044,0.029603
0.021493,0.037666,0.021979,0.016414,0.020062,0.20161,0.17598,0.028478
0.019844,0.028656,0.018046,0.011979,0.018283,0.16862,0.17161,0.031898
0.021909,0.042948,0.016541,0.013649,0.019137,0.18706,0.19133,0.026916
0.023329,0.088309,0.022454,0.013964,0.01834,0.1806,0.13288,0.024989
0.024536,0.02243,0.019092,0.015288,0.023984,0.19393,0.1449,0.039921
0.02509,0.029927,0.017988,0.014295,0.022153,0.20266,0.17386,0.044148
0.02046,0.017923,0.018282,0.015003,0.020637,0.16062,0.16615,0.031779
0.025072,0.033635,0.017747,0.015844,0.024819,0.20915,0.17291,0.043558
0.032125,0.03264,0.020006,0.02135,0.035445,0.19578,0.18249,0.05846
0.022896,0.022623,0.016772,0.014122,0.022193,0.2175,0.17659,0.031945
0.025838,0.031515,0.018584,0.019059,0.040053,0.18502,0.21268,0.035475
0.021434,0.021018,0.015993,0.012764,0.015844,0.18014,0.1909,0.037038
0.021704,0.024755,0.017955,0.014828,0.018433,0.19105,0.16867,0.03809
0.030793,0.061985,0.032654,0.017992,0.018417,0.17469,0.16923,0.033662
0.028123,0.046194,0.021445,0.014404,0.021201,0.23202,0.20175,0.039596
0.030572,0.051789,0.015636,0.013461,0.018946,0.18628,0.18663,0.028564
0.02743,0.02838,0.018575,0.015745,0.022417,0.20048,0.17886,0.04561
0.021437,0.034212,0.017796,0.017296,0.028235,0.21255,0.19232,0.039486
0.034857,0.093506,0.024052,0.014077,0.025665,0.17841,0.18917,0.040871
0.027089,0.087042,0.020291,0.013295,0.019167,0.20865,0.2053,0.03373
0.023372,0.060344,0.017833,0.01242,0.020196,0.20218,0.14043,0.032057
0.024052,0.060601,0.017494,0.012373,0.015922,0.19572,0.13236,0.037531
0.029014,0.070978,0.022787,0.015688,0.027076,0.18366,0.12667,0.041863
0.025485,0.061733,0.0193,0.015063,0.018201,0.16343,0.14149,0.032573
0.033635,0.060621,0.017476,0.016064,0.020911,0.1957,0.19655,0.046578
0.023955,0.067349,0.04414,0.016682,0.018356,0.17108,0.14499,0.030368
0.025371,0.04988,0.016484,0.016478,0.022906,0.15722,0.17493,0.027873
0.024023,0.081306,0.017062,0.014823,0.023066,0.19709,0.10547,0.031275
0.019714,0.01801,0.018019,0.013192,0.019595,0.19009,0.16042,0.032124
0.020253,0.023869,0.013983,0.012823,0.015052,0.2059,0.18635,0.026207
0.022035,0.025658,0.015191,0.013191,0.022793,0.18522,0.14566,0.032134
0.023025,0.020493,0.015225,0.012474,0.017813,0.17858,0.14637,0.03078
0.017295,0.015841,0.014742,0.012254,0.019634,0.14079,0.13598,0.020708
0.015883,0.015268,0.014167,0.011217,0.015042,0.13869,0.10201,0.021787
0.015322,0.013731,0.013111,0.010093,0.013498,0.18373,0.083148,0.016555
0.017495,0.013259,0.013925,0.01371,0.024246,0.1589,0.08615,0.020212
0.013484,0.01085,0.013801,0.012067,0.012805,0.13933,0.10663,0.014794
0.014102,0.012002,0.012415,0.010623,0.013326,0.17203,0.10225,0.018318
0.015878,0.012331,0.012222,0.0098029,0.012325,0.17457,0.087092,0.017205
0.014953,0.011274,0.012722,0.0106,0.014236,0.13105,0.10214,0.014264
0.014302,0.0099291,0.01297,0.011319,0.012822,0.14156,0.067812,0.015365
0.016075,0.01224,0.012535,0.011007,0.014723,0.1281,0.11544,0.01574
0.013986,0.012358,0.012292,0.010846,0.013211,0.12722,0.10284,0.01727
0.01586,0.012653,0.012837,0.011605,0.013719,0.1332,0.08279,0.015432
0.013791,0.012114,0.013456,0.010814,0.013568,0.1414,0.13238,0.018344
0.016913,0.039115,0.014679,0.010425,0.012573,0.12449,0.092545,0.015749
0.015175,0.010807,0.013052,0.010781,0.013085,0.15267,0.11916,0.016043
0.014452,0.012456,0.013969,0.012021,0.01428,0.18769,0.14106,0.01797
0.014494,0.012267,0.012551,0.011347,0.013374,0.13857,0.11622,0.01872
0.014784,0.011978,0.012818,0.010759,0.013834,0.17695,0.10931,0.02081
0.015278,0.011884,0.013618,0.011815,0.013641,0.17201,0.11802,0.018379
0.013791,0.016286,0.012949,0.01117,0.011807,0.20781,0.086165,0.015928
0.015609,0.012369,0.013033,0.010242,0.012505,0.19938,0.10656,0.018284
0.015617,0.012086,0.012309,0.011355,0.016138,0.14474,0.09061,0.015494
0.013956,0.013766,0.01322,0.012191,0.017309,0.14059,0.14664,0.019329
0.016169,0.013809,0.013431,0.011248,0.01586,0.14653,0.15901,0.024579
0.013397,0.011356,0.012637,0.010846,0.013134,0.11173,0.073423,0.013012
0.016343,0.015469,0.013976,0.013625,0.020096,0.18158,0.1361,0.024231
0.014225,0.012004,0.013374,0.011752,0.015841,0.16641,0.1313,0.018342
0.015298,0.014057,0.01569,0.011807,0.01511,0.17132,0.12365,0.016659
0.016425,0.01457,0.013282,0.010972,0.014218,0.16229,0.11843,0.022402
0.017838,0.013897,0.014506,0.012792,0.015525,0.15643,0.10526,0.034795
0.01838,0.020327,0.012065,0.011742,0.014431,0.18371,0.13187,0.033171
0.018314,0.017245,0.014976,0.01346,0.018483,0.14818,0.13599,0.019561
0.016858,0.015149,0.012292,0.01132,0.015014,0.17664,0.13419,0.020463
0.018871,0.01455,0.012523,0.011903,0.014854,0.1396,0.16067,0.025052
0.016317,0.014662,0.013664,0.012057,0.01518,0.17293,0.14053,0.023035
0.014811,0.011353,0.013082,0.012408,0.013095,0.1981,0.12065,0.024521
0.014513,0.016912,0.013326,0.012166,0.012637,0.18225,0.17312,0.021639
0.021493,0.02385,0.020464,0.013665,0.020986,0.23308,0.19113,0.03054
0.018448,0.023785,0.016767,0.012167,0.016464,0.1819,0.16827,0.027063
0.013731,0.013729,0.013446,0.010483,0.014666,0.16627,0.14839,0.022326
0.018163,0.021465,0.0152,0.012678,0.01657,0.15124,0.15494,0.024767
0.018581,0.016326,0.015263,0.011703,0.019424,0.19976,0.16974,0.033472
0.020924,0.025587,0.014557,0.013884,0.01863,0.17507,0.16344,0.02491
0.023567,0.024841,0.014548,0.01228,0.014377,0.15618,0.13136,0.028547
0.01693,0.025626,0.015967,0.011931,0.016581,0.17898,0.15333,0.025602
0.01793,0.027073,0.015435,0.01371,0.016416,0.16192,0.13885,0.024406
0.020394,0.019231,0.016225,0.01178,0.015181,0.21649,0.10599,0.029479
0.014051,0.013245,0.013717,0.014078,0.015049,0.15657,0.14686,0.01814
0.016208,0.016524,0.013617,0.012864,0.027178,0.14559,0.12142,0.020401
0.01973,0.02092,0.013502,0.011341,0.013785,0.18899,0.146,0.019721
0.017744,0.016602,0.012973,0.010985,0.016239,0.17604,0.13966,0.02793
0.016044,0.013288,0.013646,0.012842,0.017361,0.1678,0.12756,0.019941
0.014465,0.013192,0.013633,0.012309,0.015564,0.18561,0.14167,0.024894
0.024717,0.025318,0.01902,0.014959,0.021435,0.18316,0.12599,0.029006
0.018971,0.018732,0.01418,0.01198,0.013647,0.16788,0.1562,0.022843
0.016724,0.020004,0.013671,0.010887,0.012726,0.15325,0.15248,0.019393
0.015334,0.018842,0.013731,0.010208,0.010705,0.11416,0.10744,0.018129
0.015146,0.017332,0.013393,0.011992,0.012148,0.15775,0.13459,0.018118
0.017343,0.020654,0.014604,0.012269,0.014003,0.14269,0.075023,0.018409
0.015939,0.019014,0.014728,0.010797,0.013239,0.16668,0.1243,0.02446
0.019454,0.021472,0.015349,0.013055,0.019478,0.1905,0.1447,0.029764
0.018924,0.01784,0.013169,0.012187,0.016555,0.15551,0.14576,0.027591
0.019067,0.013466,0.015671,0.015052,0.022276,0.14359,0.090573,0.025295
0.032301,0.095744,0.067662,0.028827,0.022336,0.10503,0.32768,0.061624
0.020878,0.059264,0.040857,0.023521,0.014743,0.057719,0.27403,0.032518
0.021134,0.080065,0.037331,0.024494,0.014055,0.063764,0.25613,0.028026
0.021113,0.061385,0.042958,0.019138,0.013113,0.052141,0.26434,0.03289
0.019981,0.070625,0.040778,0.022547,0.012869,0.052701,0.28175,0.030735
0.027405,0.09445,0.045326,0.022816,0.015669,0.059514,0.2574,0.036881
0.023517,0.092704,0.036747,0.01823,0.013405,0.050344,0.29193,0.032067
0.024561,0.086517,0.044099,0.024135,0.014802,0.069941,0.29352,0.044343
0.023295,0.071285,0.046162,0.019623,0.013978,0.070445,0.25679,0.030695
0.032686,0.12315,0.044399,0.022342,0.013635,0.056909,0.26585,0.027718
0.020635,0.066493,0.048694,0.019983,0.0129,0.061069,0.28402,0.034492
0.029039,0.095121,0.041652,0.022147,0.013238,0.055192,0.27853,0.036077
0.023017,0.070515,0.046052,0.022719,0.012249,0.044247,0.25844,0.029264
0.020427,0.065475,0.04305,0.022731,0.014802,0.049501,0.23969,0.030544
0.02622,0.089607,0.033861,0.019954,0.012909,0.067049,0.2678,0.04026
0.019687,0.060513,0.03948,0.018474,0.011642,0.040436,0.28644,0.027043
0.019671,0.066551,0.050269,0.023653,0.013858,0.063776,0.29197,0.030793
0.022253,0.079924,0.038703,0.01802,0.015919,0.073186,0.2789,0.038653
0.020773,0.054101,0.040344,0.019811,0.013783,0.045263,0.27125,0.026857
0.020792,0.073717,0.047358,0.019316,0.016679,0.073027,0.29917,0.037166
0.023241,0.071851,0.046982,0.020166,0.013607,0.055344,0.30112,0.028047
0.021815,0.066159,0.046911,0.016256,0.013481,0.06215,0.27004,0.031611
0.020528,0.067624,0.040281,0.020083,0.013146,0.05102,0.28708,0.034056
0.018835,0.073303,0.049849,0.019483,0.01244,0.053224,0.25604,0.028065
0.017139,0.058798,0.043128,0.02319,0.01349,0.055179,0.30412,0.030165
0.020892,0.068812,0.044061,0.019221,0.013137,0.054489,0.26543,0.02648
0.023217,0.09352,0.051353,0.020478,0.01445,0.060502,0.26901,0.027652
0.027786,0.093808,0.058009,0.021875,0.016017,0.069439,0.28114,0.033497
0.017813,0.06211,0.047933,0.021791,0.013807,0.071585,0.27124,0.035204
0.020247,0.06518,0.043323,0.019393,0.012878,0.054249,0.28786,0.029433
0.021025,0.084896,0.044096,0.018292,0.013551,0.04524,0.30029,0.031301
0.016859,0.067752,0.04432,0.020187,0.01376,0.048986,0.25652,0.034055
0.020784,0.070138,0.047236,0.02143,0.013944,0.059057,0.30158,0.029807
0.015867,0.053563,0.044312,0.019875,0.013782,0.05845,0.24249,0.031316
0.014266,0.053824,0.039406,0.020973,0.014998,0.064443,0.23603,0.032502
0.016589,0.042306,0.05289,0.017714,0.012261,0.054405,0.2923,0.031269
0.016049,0.049195,0.045422,0.019252,0.015292,0.072515,0.32312,0.046721
0.018452,0.060047,0.036943,0.018784,0.014211,0.062566,0.24362,0.037119
0.019931,0.059906,0.04252,0.020453,0.01729,0.072959,0.29923,0.039639
0.014565,0.041171,0.042916,0.019309,0.015452,0.076728,0.28635,0.034092
0.019729,0.064373,0.047909,0.01949,0.013446,0.048599,0.26411,0.034262
0.019652,0.05851,0.038804,0.017918,0.017992,0.082467,0.26963,0.042083
0.019137,0.051307,0.041202,0.019936,0.012945,0.042821,0.2632,0.029261
0.016158,0.052364,0.044749,0.01874,0.010962,0.048772,0.26742,0.028145
0.019138,0.058001,0.043175,0.019886,0.021062,0.085315,0.27745,0.048799
0.030824,0.094438,0.047606,0.017715,0.01577,0.081043,0.29111,0.043643
0.020826,0.081797,0.046055,0.020611,0.014085,0.048173,0.28366,0.035244
0.033458,0.11519,0.058338,0.019734,0.01356,0.052616,0.26188,0.032803
0.021411,0.074537,0.043897,0.015592,0.012167,0.044581,0.27053,0.032051
0.021269,0.074006,0.056243,0.016386,0.014632,0.0671,0.25388,0.039391
0.022857,0.085772,0.045042,0.01935,0.014684,0.061227,0.30456,0.037526
0.018704,0.093775,0.050253,0.016968,0.012702,0.058074,0.29093,0.03592
0.018751,0.062396,0.048207,0.018247,0.014565,0.065149,0.29065,0.036093
0.025735,0.10346,0.041919,0.015334,0.012176,0.04377,0.28396,0.031954
0.019887,0.070134,0.055575,0.016371,0.014136,0.063628,0.26632,0.036051
0.019844,0.070284,0.049085,0.016325,0.012329,0.052951,0.25755,0.026281
0.018981,0.070989,0.037728,0.019379,0.013826,0.049689,0.28472,0.030062
0.018103,0.053809,0.046493,0.015137,0.012143,0.053111,0.26364,0.026181
0.019464,0.066199,0.046157,0.019256,0.014416,0.064541,0.25638,0.039086
0.018653,0.072387,0.035505,0.017561,0.012027,0.052692,0.26955,0.021787
0.030747,0.10894,0.087209,0.016465,0.027611,0.12852,0.31937,0.058531
0.019302,0.047605,0.066362,0.017637,0.021911,0.14198,0.35828,0.047345
0.020747,0.079593,0.045824,0.016634,0.022307,0.1256,0.31989,0.057952
0.032384,0.11578,0.06475,0.017757,0.019667,0.096652,0.33926,0.045169
0.040722,0.10423,0.070025,0.019153,0.023239,0.10831,0.35321,0.068012
0.032036,0.09623,0.065899,0.018416,0.019659,0.10121,0.34423,0.042683
0.027779,0.077324,0.062857,0.019865,0.022343,0.10995,0.36599,0.04777
0.037456,0.092209,0.084172,0.024416,0.029871,0.12914,0.37676,0.073578
0.038924,0.097354,0.065489,0.022995,0.030098,0.12054,0.38865,0.070561
0.031688,0.11004,0.060698,0.018262,0.020946,0.07998,0.38015,0.051699
0.030961,0.085289,0.07304,0.020133,0.021722,0.1213,0.35222,0.049633
0.026869,0.082922,0.079798,0.017941,0.020177,0.11944,0.33139,0.048903
0.029224,0.080614,0.058962,0.019226,0.024562,0.13757,0.34275,0.072431
0.033863,0.10288,0.072003,0.020738,0.023388,0.1071,0.3789,0.067891
0.026565,0.062169,0.06827,0.018374,0.02005,0.10749,0.36196,0.049574
0.027628,0.083999,0.076986,0.021266,0.025403,0.13294,0.37929,0.051026
0.025013,0.092137,0.070722,0.017783,0.023539,0.10803,0.38922,0.066067
0.023714,0.069159,0.076253,0.019998,0.022498,0.1033,0.37229,0.053836
0.018224,0.063044,0.063502,0.016407,0.016941,0.093673,0.32441,0.042981
0.031055,0.092859,0.08539,0.021119,0.024064,0.093489,0.34635,0.051506
0.023185,0.064048,0.063117,0.017163,0.024214,0.10784,0.37907,0.058189
0.024908,0.053492,0.066286,0.018762,0.025053,0.11588,0.39648,0.063882
0.020969,0.046235,0.072246,0.02165,0.018505,0.10517,0.39185,0.045449
0.020595,0.046962,0.084807,0.0185,0.020764,0.090418,0.3605,0.05093
0.03356,0.080552,0.062568,0.021693,0.025606,0.14076,0.39384,0.076901
0.032256,0.10108,0.064933,0.02232,0.022361,0.11036,0.34966,0.049643
0.03078,0.076205,0.091587,0.017976,0.024918,0.09375,0.38467,0.072285
0.045453,0.12035,0.06535,0.022322,0.024386,0.12731,0.35719,0.068412
0.033962,0.073887,0.072486,0.017944,0.02581,0.11449,0.36613,0.065725
0.024894,0.059759,0.057528,0.017184,0.018308,0.10565,0.38162,0.059908
0.029234,0.066676,0.077444,0.023499,0.025667,0.097763,0.36512,0.057491
0.023771,0.048227,0.050164,0.018973,0.028452,0.15494,0.40175,0.077266
0.027864,0.053991,0.059737,0.020831,0.024386,0.11453,0.42408,0.070158
0.024395,0.050737,0.063433,0.019626,0.027344,0.14809,0.40683,0.074581
0.033055,0.07384,0.053296,0.018432,0.034093,0.15147,0.44048,0.08255
0.021452,0.054845,0.054205,0.017919,0.020629,0.10783,0.4274,0.053347
0.029641,0.05572,0.07414,0.02341,0.027749,0.095654,0.4003,0.080467
0.027423,0.053589,0.062348,0.021027,0.027014,0.13375,0.40779,0.062884
0.029318,0.055757,0.090689,0.022324,0.021646,0.10782,0.36923,0.072138
0.036289,0.074489,0.063748,0.018989,0.028032,0.1326,0.34015,0.068492
0.025831,0.060408,0.069681,0.018458,0.024685,0.10808,0.36038,0.059406
0.031658,0.086283,0.085677,0.02835,0.024056,0.10386,0.32623,0.062981
0.026264,0.052033,0.078439,0.020789,0.023726,0.10688,0.34117,0.071027
0.027578,0.052693,0.075709,0.019729,0.025795,0.13149,0.32841,0.061298
0.024949,0.057055,0.073473,0.020253,0.021774,0.13115,0.36215,0.050717
0.035428,0.10583,0.079051,0.023514,0.026584,0.11421,0.39431,0.072432
0.035067,0.091559,0.065747,0.021126,0.022825,0.10646,0.37513,0.069852
0.025456,0.069002,0.067937,0.019804,0.023509,0.097236,0.3309,0.067644
0.032834,0.092127,0.083311,0.02097,0.023761,0.10279,0.365,0.058599
0.030396,0.071392,0.073166,0.019583,0.025688,0.13522,0.40517,0.062707
0.05669,0.27804,0.16925,0.075765,0.02657,0.1459,0.43669,0.089275
0.042936,0.2844,0.1939,0.078429,0.028005,0.1683,0.39339,0.10723
0.048608,0.34541,0.19747,0.090633,0.031233,0.12879,0.36739,0.072565
0.074431,0.3766,0.21577,0.10921,0.029971,0.12597,0.3245,0.0935
0.051902,0.28377,0.24125,0.11143,0.038277,0.22776,0.40692,0.097116
0.056407,0.24968,0.26099,0.080511,0.03134,0.15446,0.38298,0.086102
0.044839,0.31438,0.23495,0.082374,0.027515,0.17181,0.32846,0.10191
0.054239,0.35825,0.24192,0.082058,0.029814,0.16977,0.39232,0.077884
0.061383,0.30383,0.24434,0.10267,0.03776,0.20551,0.33463,0.12406
0.064423,0.3574,0.26976,0.1217,0.04166,0.19084,0.32875,0.11069
0.061399,0.29773,0.25121,0.083381,0.042771,0.24043,0.35865,0.11872
0.045363,0.30637,0.2232,0.11523,0.03732,0.18943,0.35948,0.10488
0.062257,0.30628,0.33306,0.13657,0.039905,0.21444,0.34895,0.10287
0.057503,0.31813,0.25457,0.11773,0.040353,0.20213,0.32592,0.1057
0.053153,0.23245,0.21718,0.089718,0.027895,0.14989,0.3841,0.075253
0.056976,0.28749,0.24252,0.1004,0.030935,0.13388,0.39269,0.090725
0.064625,0.24108,0.21787,0.069339,0.027591,0.15011,0.38035,0.10678
0.055193,0.3018,0.2277,0.10948,0.03667,0.17066,0.36554,0.10295
0.077345,0.33733,0.23047,0.10873,0.037396,0.18661,0.36249,0.12246
0.052395,0.20172,0.23379,0.062933,0.027376,0.14082,0.36292,0.096302
0.053984,0.26268,0.19812,0.070024,0.026754,0.16918,0.40079,0.10901
0.048374,0.18897,0.20145,0.089826,0.024151,0.14043,0.35059,0.078914
0.061032,0.20747,0.25813,0.11028,0.037535,0.16569,0.3912,0.12612
0.040732,0.22696,0.18838,0.07702,0.032518,0.17502,0.37844,0.082537
0.052746,0.22826,0.18894,0.062174,0.023177,0.10749,0.3308,0.089168
0.045461,0.21785,0.22371,0.06719,0.029337,0.17133,0.37634,0.10166
0.0523,0.27361,0.21649,0.069048,0.02575,0.12726,0.35449,0.074906
0.04167,0.21543,0.29232,0.096034,0.029918,0.1386,0.39207,0.077917
0.051181,0.20696,0.22075,0.077701,0.029645,0.17162,0.41365,0.10504
0.042525,0.23032,0.23715,0.060184,0.02787,0.1306,0.36203,0.085959
0.05156,0.24508,0.22709,0.091633,0.030231,0.14964,0.37426,0.10542
0.044207,0.21787,0.20186,0.066572,0.027152,0.14743,0.34016,0.072046
0.042525,0.27661,0.18354,0.074913,0.021602,0.10958,0.33904,0.077591
0.047695,0.24679,0.23455,0.066678,0.026513,0.1312,0.3975,0.081659
0.054859,0.19319,0.19269,0.065739,0.023462,0.12504,0.35411,0.06142
0.037169,0.18117,0.17102,0.048103,0.021581,0.082493,0.27691,0.057598
0.041705,0.18703,0.19789,0.064011,0.025931,0.13451,0.3698,0.077338
0.061189,0.2572,0.21354,0.072612,0.029505,0.15065,0.42388,0.10361
0.049016,0.22107,0.27151,0.11146,0.029814,0.13709,0.39249,0.099647
0.066866,0.2786,0.23565,0.10107,0.034689,0.13861,0.37097,0.095611
0.043574,0.19816,0.19029,0.083393,0.025443,0.12189,0.3368,0.085982
0.060278,0.20681,0.23043,0.08421,0.026672,0.14303,0.42541,0.11094
0.043428,0.21586,0.2309,0.087271,0.024799,0.11264,0.36496,0.065994
0.045901,0.22038,0.22516,0.085078,0.028058,0.14643,0.36396,0.081598
0.044884,0.20987,0.20279,0.071078,0.026658,0.12424,0.35499,0.08601
0.048614,0.24553,0.22552,0.092921,0.026123,0.15671,0.37181,0.082137
0.051778,0.21492,0.2104,0.066491,0.024255,0.1416,0.36753,0.086774
0.046629,0.23565,0.20103,0.076904,0.026322,0.13264,0.31312,0.078423
0.0508,0.23969,0.20238,0.078333,0.023942,0.091122,0.32134,0.073284
0.048328,0.24517,0.26112,0.06729,0.032869,0.19574,0.36526,0.099423
0.062493,0.24545,0.2757,0.084806,0.028528,0.19108,0.43712,0.12805
0.069078,0.18888,0.25066,0.073195,0.027294,0.14565,0.37052,0.11463
0.066355,0.22368,0.22724,0.078308,0.022828,0.10374,0.34006,0.072263
0.05601,0.1976,0.21137,0.055036,0.026742,0.13596,0.3555,0.075128
0.026154,0.045483,0.16834,0.04638,0.016175,0.031967,0.3198,0.26886
0.033294,0.049876,0.15487,0.04815,0.013107,0.026722,0.26825,0.27381
0.031189,0.042699,0.15042,0.041432,0.014032,0.026661,0.30831,0.27677
0.025533,0.043021,0.13874,0.036566,0.014591,0.02519,0.31929,0.24451
0.032134,0.054443,0.14049,0.040216,0.013574,0.024722,0.29382,0.27236
0.035037,0.060624,0.1489,0.040995,0.014976,0.026419,0.31078,0.27424
0.02734,0.048859,0.1523,0.042852,0.013973,0.027738,0.30428,0.2784
0.03432,0.058904,0.16848,0.036916,0.016835,0.028254,0.30865,0.33866
0.02998,0.049957,0.13412,0.045757,0.015063,0.02983,0.28736,0.26798
0.037343,0.04801,0.15246,0.039302,0.014327,0.040513,0.35009,0.31467
0.027395,0.043217,0.16278,0.040428,0.014494,0.037854,0.30137,0.25422
0.035235,0.047432,0.13724,0.077588,0.019537,0.043851,0.28582,0.24456
0.045414,0.051085,0.16567,0.08018,0.02613,0.048067,0.29761,0.32143
0.034545,0.059023,0.17865,0.050586,0.017823,0.037847,0.37765,0.29112
0.030213,0.059702,0.1403,0.041863,0.015801,0.078219,0.29484,0.26979
0.043898,0.064214,0.16616,0.065433,0.015386,0.028682,0.33319,0.26724
0.030996,0.06248,0.17734,0.046953,0.01503,0.027328,0.28288,0.27335
0.027974,0.045276,0.12703,0.041061,0.015378,0.028149,0.24611,0.26421
0.035312,0.058843,0.16901,0.04676,0.016326,0.038555,0.31831,0.27039
0.041434,0.071319,0.16902,0.040531,0.014771,0.028374,0.31015,0.26871
0.036187,0.057946,0.14705,0.046122,0.015425,0.024698,0.34224,0.33642
0.04047,0.047919,0.1207,0.045289,0.015872,0.037871,0.29561,0.27739
0.038657,0.064583,0.14527,0.072025,0.020866,0.033378,0.3485,0.23719
0.038263,0.050742,0.14052,0.049264,0.012683,0.028953,0.30349,0.2301
0.03062,0.051166,0.13248,0.034253,0.015896,0.026063,0.3418,0.26448
0.035313,0.053633,0.15867,0.044706,0.017224,0.06479,0.29584,0.22326
0.031994,0.065679,0.16549,0.047922,0.015837,0.029228,0.29764,0.25299
0.063557,0.081496,0.14242,0.039534,0.017182,0.032831,0.30909,0.28923
0.050556,0.059407,0.12656,0.048964,0.016024,0.033218,0.3425,0.31787
0.042792,0.063803,0.23233,0.051266,0.017587,0.027152,0.29154,0.3173
0.039749,0.049728,0.18456,0.073444,0.018248,0.031216,0.33782,0.2698
0.035989,0.054129,0.1508,0.043211,0.015005,0.023889,0.29076,0.28214
0.037346,0.047244,0.15184,0.070226,0.016668,0.030258,0.35627,0.26573
0.033729,0.062761,0.1629,0.046825,0.017321,0.025928,0.31337,0.24396
0.030241,0.061681,0.15851,0.043107,0.014218,0.022243,0.32994,0.25198
0.035363,0.050856,0.13634,0.041254,0.016275,0.027437,0.28577,0.24974
0.046289,0.049098,0.14511,0.039492,0.01491,0.025385,0.35073,0.30024
0.050044,0.068669,0.17985,0.044584,0.015516,0.034958,0.37701,0.28913
0.057971,0.092313,0.20987,0.057858,0.015497,0.027477,0.33507,0.37139
0.047608,0.075551,0.20546,0.051573,0.018777,0.037117,0.42257,0.34846
0.042095,0.077457,0.19745,0.046961,0.01644,0.033434,0.35671,0.27151
0.028447,0.044888,0.14869,0.041912,0.014154,0.026144,0.35194,0.27007
0.045464,0.070094,0.17056,0.04678,0.016704,0.024738,0.34918,0.28362
0.046861,0.06721,0.16627,0.047699,0.017721,0.034462,0.33668,0.26007
0.04199,0.054512,0.12514,0.033286,0.017241,0.026503,0.32211,0.29473
0.046065,0.092735,0.20643,0.050244,0.016385,0.029478,0.35559,0.30681
0.040045,0.063926,0.15625,0.043181,0.016879,0.029185,0.34707,0.27113
0.035164,0.069499,0.20178,0.046274,0.015378,0.034156,0.39301,0.27148
0.039407,0.066492,0.23626,0.047576,0.014877,0.026794,0.3356,0.24889
0.058421,0.11398,0.24715,0.06019,0.022525,0.034355,0.42832,0.32154
0.050354,0.10185,0.24939,0.094194,0.024206,0.029194,0.357,0.31241
0.046703,0.060729,0.089031,0.035337,0.014388,0.018574,0.23524,0.37197
0.05339,0.077073,0.060193,0.036379,0.015692,0.020508,0.24732,0.38313
0.042339,0.062625,0.059659,0.036333,0.014295,0.0248,0.25489,0.33443
0.050903,0.078721,0.083846,0.034437,0.016108,0.024458,0.27085,0.37122
0.045966,0.079746,0.075409,0.040844,0.016063,0.021698,0.24483,0.33029
0.041446,0.074277,0.11638,0.041997,0.018637,0.021022,0.25646,0.38988
0.054669,0.08251,0.10606,0.065662,0.019027,0.023645,0.28606,0.40002
0.052166,0.091763,0.1026,0.0577,0.021816,0.021542,0.24912,0.35344
0.052273,0.07878,0.094885,0.064851,0.019757,0.022762,0.28154,0.35875
0.040323,0.070834,0.10418,0.048052,0.015236,0.018448,0.20185,0.32861
0.046339,0.081947,0.13505,0.068577,0.018768,0.024214,0.24752,0.35924
0.046361,0.062818,0.1212,0.064156,0.018101,0.020315,0.28287,0.39381
0.051354,0.079194,0.10734,0.050232,0.017554,0.032427,0.35353,0.34514
0.060488,0.083634,0.13311,0.070645,0.020185,0.027102,0.34832,0.43242
0.050804,0.074831,0.10555,0.047984,0.016227,0.023184,0.27001,0.36206
0.036798,0.062206,0.093321,0.053511,0.016619,0.019479,0.17627,0.33481
0.054386,0.075699,0.12547,0.054572,0.019188,0.025443,0.27501,0.38571
0.047325,0.083393,0.11856,0.06525,0.019144,0.021831,0.20565,0.32754
0.048163,0.068455,0.14364,0.06717,0.016138,0.01999,0.2951,0.38976
0.051681,0.077277,0.14788,0.082774,0.02524,0.028025,0.32465,0.40381
0.046657,0.062128,0.10652,0.062703,0.016446,0.020958,0.26051,0.37976
0.038045,0.059394,0.084936,0.045749,0.015622,0.021307,0.21404,0.31885
0.042778,0.069319,0.092009,0.043607,0.01509,0.019828,0.2571,0.3586
0.050998,0.068366,0.085515,0.042823,0.017356,0.020609,0.25116,0.33991
0.051903,0.073809,0.069888,0.046744,0.016275,0.021635,0.27053,0.32628
0.045049,0.062713,0.13297,0.055622,0.014405,0.022002,0.2769,0.33752
0.044844,0.064104,0.090978,0.051527,0.016968,0.020608,0.28937,0.33096
0.046557,0.060937,0.097053,0.048256,0.016444,0.022519,0.2588,0.38238
0.046791,0.05775,0.10728,0.04919,0.017564,0.031159,0.3553,0.36587
0.054965,0.065843,0.10304,0.052904,0.017016,0.030222,0.28757,0.4051
0.047636,0.074795,0.090328,0.041939,0.014027,0.018821,0.21197,0.35275
0.050454,0.062069,0.10482,0.054232,0.01477,0.019016,0.22819,0.31719
0.051841,0.065395,0.068799,0.040901,0.017905,0.021206,0.23507,0.36329
0.05588,0.072937,0.057258,0.032947,0.014826,0.021504,0.25862,0.37451
0.051746,0.088896,0.092201,0.048366,0.017992,0.017583,0.21158,0.37986
0.046493,0.070046,0.079181,0.054417,0.018442,0.021094,0.23806,0.34189
0.044151,0.065826,0.096871,0.053195,0.018698,0.020747,0.25339,0.31633
0.043482,0.069175,0.072772,0.04864,0.018902,0.049544,0.27367,0.32376
0.061998,0.077158,0.097353,0.057964,0.019865,0.041327,0.38327,0.37126
0.047065,0.057194,0.11902,0.064959,0.017538,0.019499,0.22273,0.35287
0.048851,0.064702,0.11144,0.055176,0.017064,0.022116,0.28899,0.34356
0.053098,0.064224,0.10327,0.06271,0.016736,0.020644,0.25571,0.3676
0.051047,0.058055,0.11312,0.062937,0.018151,0.025914,0.30402,0.38115
0.05765,0.053997,0.1001,0.062825,0.017442,0.023861,0.27117,0.34981
0.066293,0.064807,0.12459,0.060226,0.016962,0.022928,0.25446,0.34688
0.051954,0.05731,0.10058,0.065923,0.021046,0.024802,0.27506,0.36235
0.04428,0.057308,0.11738,0.056479,0.019585,0.020871,0.24516,0.32652
0.049429,0.045441,0.1042,0.053921,0.015723,0.02567,0.32108,0.33964
0.049619,0.06287,0.12618,0.056279,0.017221,0.022454,0.2962,0.35586
0.039018,0.044829,0.12016,0.06041,0.018791,0.025004,0.29424,0.31976
0.049492,0.057004,0.11501,0.06283,0.019527,0.026826,0.32777,0.3498
0.014172,0.071891,0.063168,0.019194,0.01579,0.023347,0.022422,0.014842
0.012251,0.071721,0.057468,0.019017,0.015299,0.022664,0.01641,0.012663
0.022116,0.075176,0.090099,0.029202,0.030532,0.047475,0.057945,0.036667
0.021722,0.072534,0.066526,0.022988,0.021936,0.037225,0.1191,0.04765
0.019335,0.074784,0.078252,0.023923,0.023208,0.030892,0.03084,0.018054
0.025909,0.081191,0.094311,0.034567,0.024899,0.036674,0.053162,0.027474
0.029732,0.080637,0.074222,0.031194,0.027108,0.062273,0.18181,0.081857
0.021126,0.074625,0.070316,0.026003,0.022176,0.022298,0.015993,0.014877
0.031702,0.07477,0.093487,0.029907,0.026091,0.055651,0.16107,0.075359
0.030167,0.068662,0.07108,0.033122,0.028272,0.063426,0.1834,0.087717
0.053613,0.031965,0.15441,0.048226,0.034464,0.087553,0.23766,0.12501
0.043295,0.026162,0.13008,0.052438,0.026236,0.049077,0.17658,0.084061
0.045673,0.025405,0.14284,0.05107,0.027351,0.068528,0.26618,0.11323
0.044299,0.0288,0.093337,0.037292,0.021591,0.071718,0.26109,0.13165
0.049449,0.034249,0.14191,0.048665,0.024061,0.049059,0.18861,0.089986
0.034549,0.02941,0.088512,0.032067,0.018835,0.044365,0.18095,0.072485
0.037642,0.023737,0.11135,0.031627,0.018769,0.048354,0.16989,0.076341
0.030104,0.034459,0.10722,0.033364,0.017554,0.040936,0.13412,0.063598
0.038914,0.033191,0.082753,0.02904,0.019242,0.050514,0.18733,0.09505
0.031602,0.031375,0.078469,0.031554,0.016976,0.039359,0.15059,0.074769
0.020135,0.0358,0.056264,0.030511,0.016068,0.049314,0.16234,0.045012
0.018894,0.02723,0.040943,0.031546,0.018769,0.039987,0.11725,0.043748
0.014009,0.026428,0.043121,0.027174,0.014093,0.03306,0.099127,0.032018
0.017508,0.033532,0.053412,0.031736,0.014254,0.036615,0.13064,0.037045
0.015921,0.035126,0.056322,0.030336,0.01559,0.037162,0.12453,0.034392
0.0183,0.031663,0.049001,0.031536,0.015476,0.032418,0.11372,0.038009
0.017186,0.033066,0.053992,0.030521,0.013973,0.044247,0.1485,0.044317
0.01707,0.028059,0.050841,0.029865,0.014212,0.039596,0.13285,0.039873
0.020762,0.040058,0.054797,0.034205,0.015213,0.049775,0.16662,0.049653
0.019328,0.0279,0.049712,0.032402,0.014738,0.04142,0.13288,0.046925
0.029715,0.29422,0.11447,0.018709,0.01843,0.10774,0.28017,0.058659
0.022737,0.12244,0.050547,0.015013,0.016874,0.066953,0.23203,0.032698
0.021891,0.12639,0.057405,0.016043,0.016103,0.073034,0.26868,0.030372
0.024243,0.12383,0.0384,0.016109,0.014234,0.058874,0.28644,0.031203
0.021491,0.11358,0.066094,0.018328,0.014575,0.064379,0.2461,0.034797
0.019478,0.096205,0.060337,0.017228,0.013633,0.071596,0.26956,0.039371
0.017674,0.085631,0.057223,0.015774,0.013044,0.061849,0.21991,0.032014
0.016366,0.091887,0.031128,0.015039,0.013658,0.051844,0.24912,0.025361
0.020564,0.12101,0.032867,0.014083,0.015216,0.062213,0.20472,0.028494
0.016637,0.077356,0.061161,0.01616,0.014042,0.051183,0.23715,0.022773
0.016722,0.095557,0.037222,0.015445,0.013438,0.046433,0.22836,0.022257
0.016515,0.1009,0.02869,0.015478,0.013909,0.051151,0.24576,0.033591
0.01847,0.086862,0.10029,0.016765,0.01511,0.054895,0.24427,0.026437
0.019302,0.10741,0.082243,0.017446,0.015265,0.060362,0.24942,0.033035
0.017064,0.084752,0.063763,0.014135,0.012523,0.072206,0.25337,0.057516
0.0185,0.097174,0.062639,0.013787,0.010981,0.047869,0.21935,0.025213
0.01893,0.085604,0.031155,0.017905,0.013731,0.052072,0.23947,0.027963
0.01721,0.10425,0.02914,0.015012,0.013581,0.04842,0.25168,0.028435
0.020211,0.091976,0.033672,0.016692,0.012454,0.049784,0.22993,0.025461
0.023401,0.12146,0.060989,0.015363,0.016859,0.058747,0.22814,0.029695
0.03942,0.036041,0.081445,0.085898,0.02486,0.024724,0.087816,0.043797
0.03973,0.043842,0.14659,0.11247,0.028862,0.022664,0.059912,0.037857
0.030323,0.052096,0.16179,0.094324,0.02472,0.024639,0.086151,0.047007
0.028271,0.029485,0.058675,0.084231,0.019377,0.022363,0.085371,0.048401
0.027411,0.034451,0.098916,0.060281,0.023844,0.020035,0.078703,0.034843
0.039606,0.036572,0.12371,0.091113,0.023391,0.03194,0.10252,0.067374
0.03077,0.030171,0.10185,0.071884,0.020337,0.021308,0.067082,0.040435
0.026723,0.029335,0.070784,0.083944,0.019776,0.014486,0.060689,0.029626
0.032468,0.027213,0.11319,0.084678,0.018835,0.019813,0.070784,0.042609
0.022202,0.0296,0.050954,0.083838,0.037362,0.017731,0.064231,0.086471
0.020793,0.031275,0.050867,0.091547,0.046953,0.015166,0.043031,0.071448
0.02358,0.033142,0.078641,0.11365,0.043223,0.017394,0.052864,0.077845
0.017473,0.031654,0.055086,0.10335,0.040846,0.014053,0.055443,0.061982
0.020507,0.030076,0.039274,0.081961,0.035854,0.013903,0.040892,0.068927
0.017054,0.027614,0.042494,0.087562,0.038377,0.014836,0.044339,0.056526
0.019009,0.028354,0.02756,0.073713,0.033763,0.013183,0.037961,0.06869
0.019417,0.024639,0.037586,0.11286,0.038988,0.014718,0.04976,0.076248
0.034021,0.033573,0.048958,0.10346,0.038815,0.017349,0.040651,0.062877
0.019534,0.030632,0.04526,0.096995,0.037983,0.013976,0.041519,0.046849
0.029062,0.081183,0.043493,0.054686,0.025358,0.044569,0.066929,0.021292
0.02649,0.039415,0.028305,0.045002,0.021014,0.045769,0.069237,0.019471
0.026781,0.038942,0.031125,0.047143,0.016202,0.04449,0.068228,0.020713
0.020169,0.031775,0.031105,0.049938,0.018115,0.045476,0.071772,0.016185
0.023736,0.029104,0.031603,0.043851,0.017561,0.04028,0.070488,0.030445
0.028413,0.042293,0.033234,0.050363,0.02781,0.0497,0.065789,0.023119
0.024242,0.034227,0.026938,0.043491,0.018767,0.047444,0.079299,0.034716
0.029225,0.062777,0.060036,0.050919,0.022944,0.050181,0.08,0.026745
0.030282,0.042314,0.035538,0.052901,0.024941,0.04249,0.072774,0.035904
0.02987,0.047155,0.041215,0.051808,0.022266,0.047642,0.078712,0.034059
0.036379,0.064498,0.15289,0.073966,0.035172,0.08282,0.27906,0.1168
0.026167,0.035058,0.10607,0.050987,0.030266,0.050305,0.20639,0.079622
0.022774,0.074627,0.11886,0.062886,0.035183,0.069648,0.20924,0.078439
0.030566,0.066,0.1645,0.084039,0.03742,0.092124,0.22235,0.092386
0.023012,0.031155,0.10161,0.069696,0.032574,0.056791,0.18874,0.070464
0.024119,0.041283,0.11588,0.079204,0.030246,0.071935,0.20043,0.069374
0.019237,0.049929,0.11652,0.082464,0.031481,0.057121,0.18777,0.056428
0.025721,0.049614,0.14107,0.093469,0.030139,0.053651,0.17957,0.059997
0.020173,0.043194,0.12688,0.061991,0.03067,0.043036,0.17153,0.057721
0.025125,0.041021,0.14535,0.073077,0.03012,0.082236,0.24189,0.078804
0.028264,0.043302,0.12318,0.081336,0.036213,0.07029,0.25778,0.086992
0.029969,0.054689,0.14852,0.082159,0.030311,0.072866,0.19069,0.078732
0.029213,0.053921,0.19937,0.093804,0.035363,0.061485,0.21933,0.085687
0.023766,0.039559,0.14869,0.076624,0.02908,0.052588,0.1769,0.063057
0.032936,0.05538,0.15513,0.081215,0.036998,0.06161,0.18781,0.076302
0.023731,0.04276,0.13079,0.080349,0.031396,0.05242,0.1835,0.06768
0.035459,0.037246,0.1669,0.0791,0.033337,0.095203,0.19205,0.093995
0.034119,0.049497,0.16246,0.069466,0.038506,0.071005,0.22087,0.087716
0.031342,0.043984,0.16192,0.081513,0.034417,0.04621,0.17475,0.065071
0.032227,0.031385,0.16358,0.075203,0.029961,0.049288,0.16684,0.077059
0.026208,0.13036,0.13603,0.041588,0.020939,0.09041,0.36503,0.091907
0.027018,0.13459,0.1367,0.031394,0.02083,0.087547,0.36764,0.099245
0.034307,0.15885,0.1405,0.037827,0.020634,0.10087,0.41631,0.081644
0.044012,0.21985,0.1695,0.046805,0.021117,0.086297,0.42491,0.10598
0.034575,0.15126,0.12498,0.038339,0.023407,0.088405,0.44985,0.10903
0.058624,0.26282,0.18275,0.050255,0.031594,0.11766,0.48116,0.14506
0.032781,0.13889,0.1823,0.044384,0.025262,0.082483,0.48141,0.11718
0.038604,0.22015,0.20012,0.055672,0.025819,0.088191,0.41854,0.13562
0.034686,0.18954,0.15135,0.036389,0.027652,0.10684,0.46713,0.114
0.033866,0.15965,0.11023,0.036465,0.023137,0.072267,0.48405,0.12232
0.031932,0.14297,0.13066,0.035192,0.021466,0.069943,0.42957,0.088817
0.022257,0.12406,0.10275,0.028655,0.016994,0.055026,0.42406,0.074227
0.023837,0.14764,0.11837,0.026437,0.021835,0.089503,0.44405,0.090285
0.060511,0.12579,0.087033,0.02716,0.025074,0.067495,0.45866,0.094967
0.035903,0.14272,0.16414,0.042591,0.019704,0.070913,0.47728,0.091227
0.028323,0.14166,0.13121,0.034843,0.019643,0.071734,0.52825,0.10614
0.02574,0.12406,0.20249,0.046589,0.02116,0.073683,0.44315,0.098655
0.024727,0.12411,0.085664,0.034823,0.024914,0.083374,0.40141,0.07742
0.025874,0.13016,0.11112,0.029635,0.019118,0.090031,0.44406,0.073972
0.024074,0.13155,0.08574,0.033928,0.021432,0.061165,0.46079,0.067738
0.040975,0.18929,0.12251,0.040996,0.026344,0.064807,0.44918,0.10251
0.032341,0.030947,0.073825,0.020643,0.015642,0.018674,0.14479,0.1889
0.03686,0.059171,0.093622,0.022518,0.015352,0.018651,0.1452,0.18558
0.032211,0.034492,0.11269,0.022408,0.015597,0.014671,0.14604,0.17663
0.02519,0.034565,0.085085,0.018735,0.015207,0.015754,0.1114,0.14512
0.029111,0.030067,0.086379,0.017996,0.014115,0.018089,0.14484,0.19006
0.039656,0.038241,0.099107,0.020694,0.014925,0.023246,0.17796,0.19841
0.024601,0.031144,0.10358,0.021283,0.014304,0.015216,0.11643,0.14675
0.035829,0.028107,0.075364,0.017731,0.017154,0.018554,0.1258,0.19642
0.029384,0.030749,0.080233,0.018498,0.014326,0.0177,0.1566,0.18945
0.040905,0.03721,0.055974,0.01707,0.01382,0.022422,0.15975,0.21352
0.044979,0.032268,0.095004,0.018976,0.014457,0.021769,0.1676,0.22809
0.030795,0.045449,0.088398,0.020363,0.014805,0.019279,0.18196,0.20709
0.032513,0.026182,0.094858,0.020095,0.015343,0.017408,0.16296,0.20047
0.028685,0.03131,0.11539,0.020831,0.012854,0.018139,0.17339,0.20607
0.029025,0.03342,0.091035,0.021674,0.015148,0.017814,0.13994,0.16344
0.040397,0.13328,0.091559,0.01945,0.01801,0.019313,0.15468,0.17635
0.033234,0.036494,0.073288,0.020379,0.015549,0.019733,0.14322,0.17124
0.032363,0.042005,0.11264,0.019913,0.013934,0.018163,0.12683,0.16705
0.031242,0.040161,0.091737,0.019925,0.020054,0.017683,0.11852,0.16265
0.035127,0.040544,0.10274,0.021768,0.014809,0.023314,0.15722,0.20734
0.03474,0.032686,0.10349,0.01994,0.015478,0.018989,0.14829,0.19157
0.032366,0.047127,0.093954,0.026539,0.018929,0.019844,0.13788,0.21382
0.027687,0.040549,0.11761,0.02932,0.016446,0.02314,0.14835,0.18518
0.027445,0.028654,0.092077,0.026872,0.016451,0.026426,0.12386,0.18087
0.026138,0.027325,0.072827,0.024501,0.013285,0.0248,0.14428,0.1782
0.021032,0.020569,0.053645,0.023754,0.013581,0.016464,0.11279,0.14718
0.022129,0.022062,0.096404,0.023493,0.014637,0.018371,0.12782,0.16488
0.031891,0.032201,0.081022,0.022042,0.015869,0.02348,0.1465,0.18239
0.033596,0.033096,0.079829,0.027687,0.013641,0.01733,0.13208,0.21626
0.049459,0.065819,0.072645,0.031267,0.01805,0.02195,0.14731,0.18811
0.040253,0.02959,0.081142,0.026344,0.017046,0.025558,0.14749,0.21928
0.030134,0.028921,0.093062,0.024592,0.016088,0.019014,0.14666,0.20192
0.029037,0.038416,0.079,0.03117,0.014687,0.019072,0.10993,0.18528
0.039237,0.03107,0.085726,0.027948,0.017022,0.025111,0.1444,0.18984
0.031667,0.024763,0.092853,0.024789,0.013481,0.021872,0.16087,0.19092
0.028819,0.022025,0.077866,0.023722,0.015458,0.019771,0.10976,0.16777
0.022031,0.03361,0.086306,0.025106,0.017856,0.019869,0.097214,0.16206
0.021649,0.027494,0.093077,0.023036,0.016847,0.034376,0.13596,0.16821
0.031959,0.037635,0.11985,0.026154,0.019075,0.021017,0.14515,0.21534
0.035401,0.030525,0.081139,0.033366,0.021975,0.025987,0.14884,0.20972
0.024687,0.032274,0.10962,0.031343,0.017773,0.018029,0.11767,0.2155
0.032162,0.034017,0.093136,0.027972,0.018237,0.022089,0.1207,0.1816
0.030471,0.038693,0.084703,0.027878,0.017739,0.019396,0.10435,0.1794
0.037594,0.035598,0.066713,0.023622,0.020104,0.032054,0.23016,0.20844
0.039381,0.042971,0.048782,0.015414,0.01871,0.035434,0.15349,0.21649
0.030485,0.030304,0.047296,0.014042,0.014781,0.024181,0.16704,0.15721
0.054544,0.051311,0.047847,0.021688,0.020439,0.044596,0.2131,0.27064
0.066128,0.06324,0.047352,0.019172,0.019358,0.033768,0.24871,0.27923
0.046059,0.049052,0.050113,0.015112,0.017701,0.039899,0.2522,0.23045
0.06468,0.057805,0.041592,0.019981,0.018423,0.031503,0.21831,0.26256
0.04313,0.045122,0.038959,0.01637,0.018155,0.046076,0.19446,0.20244
0.048287,0.05255,0.043701,0.021152,0.017621,0.027781,0.20041,0.24614
0.04278,0.042532,0.052913,0.014745,0.016378,0.028532,0.1446,0.21669
0.049087,0.047342,0.069084,0.027501,0.019051,0.028958,0.19908,0.20588
0.049756,0.046561,0.063999,0.029726,0.01853,0.030215,0.21705,0.23939
0.037677,0.041164,0.046894,0.025829,0.018339,0.022916,0.15142,0.16989
0.062354,0.057967,0.041996,0.024038,0.021565,0.032205,0.18784,0.21045
0.04938,0.056014,0.061937,0.018292,0.017745,0.033583,0.20088,0.23671
0.050859,0.055082,0.062705,0.017752,0.017855,0.024482,0.19642,0.22073
0.037951,0.046382,0.073304,0.022344,0.015823,0.026236,0.16186,0.23677
0.043568,0.067497,0.05621,0.025883,0.016503,0.028109,0.16023,0.16911
0.034045,0.027417,0.041576,0.017455,0.017237,0.028688,0.158,0.21817
0.040086,0.038145,0.040171,0.017583,0.017763,0.028181,0.21262,0.24271
0.020824,0.043771,0.093091,0.055331,0.068596,0.031337,0.26863,0.1538
0.020826,0.023536,0.087074,0.050224,0.056351,0.027089,0.22615,0.1424
0.019009,0.041995,0.083456,0.051593,0.064292,0.027812,0.18154,0.10815
0.026606,0.029706,0.088985,0.051303,0.070971,0.028046,0.19367,0.12041
0.01766,0.024418,0.083029,0.05508,0.073504,0.030773,0.14261,0.11429
0.019829,0.035578,0.10348,0.05604,0.07938,0.033301,0.21909,0.14457
0.015288,0.03442,0.099246,0.059033,0.082556,0.025852,0.17816,0.10486
0.015844,0.019367,0.070964,0.049433,0.07243,0.035489,0.23026,0.1085
0.021407,0.028178,0.076716,0.053679,0.06824,0.041784,0.20011,0.1318
0.020708,0.042228,0.10888,0.056157,0.067149,0.025994,0.19838,0.1039
0.014053,0.02093,0.079456,0.053602,0.07134,0.022735,0.14107,0.077337
0.017777,0.027234,0.10615,0.047621,0.061344,0.036995,0.21326,0.12121
0.019831,0.022303,0.082405,0.056215,0.066214,0.028705,0.16961,0.12794
0.018569,0.021871,0.074446,0.050047,0.072533,0.025747,0.21007,0.10586
0.020741,0.022755,0.08407,0.049137,0.080535,0.033368,0.17632,0.12693
0.019448,0.027456,0.1134,0.055619,0.074866,0.023559,0.19942,0.1113
0.020947,0.028102,0.094232,0.061194,0.072449,0.031779,0.24461,0.1234
0.017377,0.029188,0.086406,0.052457,0.07035,0.026657,0.18561,0.11604
0.016385,0.026906,0.10206,0.050882,0.06995,0.033359,0.22283,0.10737
0.025588,0.025871,0.0958,0.053509,0.074892,0.043688,0.25291,0.14296
0.038452,0.047126,0.089496,0.049881,0.023306,0.025442,0.13229,0.16913
0.040744,0.054169,0.082376,0.042048,0.023,0.022314,0.12436,0.13165
0.049327,0.066635,0.10909,0.052258,0.023272,0.023132,0.12402,0.15455
0.046228,0.073188,0.10232,0.049394,0.024116,0.027326,0.13726,0.16797
0.053204,0.067314,0.11569,0.058604,0.026899,0.027776,0.13194,0.1403
0.052292,0.072897,0.094969,0.045386,0.023692,0.022765,0.12811,0.17543
0.048569,0.084718,0.080074,0.040543,0.023662,0.019402,0.10121,0.12094
0.046278,0.069337,0.081771,0.043119,0.021594,0.021461,0.11331,0.14097
0.051702,0.081324,0.1053,0.048104,0.024072,0.023172,0.11811,0.13675
0.085462,0.079504,0.11496,0.047965,0.021973,0.02659,0.12875,0.1776
0.060807,0.070149,0.089725,0.048274,0.026556,0.023847,0.13559,0.15739
0.059181,0.075678,0.11681,0.049298,0.027971,0.029442,0.14353,0.16899
0.055794,0.078059,0.10036,0.05207,0.026892,0.029049,0.15195,0.18549
0.052551,0.078581,0.10879,0.047325,0.024909,0.022936,0.13236,0.16423
0.053927,0.068124,0.07964,0.043576,0.023627,0.022683,0.1111,0.13777
0.049472,0.066959,0.090643,0.044922,0.023993,0.029022,0.15008,0.14819
0.050261,0.05956,0.081826,0.040968,0.022003,0.021712,0.089291,0.11339
0.056785,0.089893,0.1008,0.048487,0.027594,0.025863,0.13005,0.12499
0.055242,0.080107,0.099913,0.048491,0.026965,0.024587,0.11425,0.13833
0.06357,0.076766,0.10533,0.048199,0.023771,0.023965,0.14052,0.17003
0.029537,0.057888,0.088277,0.053459,0.031048,0.028,0.17274,0.16689
0.035329,0.060015,0.07118,0.044463,0.026306,0.023376,0.13474,0.12404
0.030879,0.063199,0.083192,0.038643,0.028247,0.020543,0.10661,0.1264
0.031078,0.06311,0.074793,0.046325,0.026717,0.022402,0.13501,0.10546
0.044501,0.082763,0.11651,0.081215,0.043872,0.028528,0.11553,0.13482
0.042836,0.091992,0.090235,0.065489,0.033509,0.02531,0.14625,0.12076
0.039894,0.10073,0.094389,0.046967,0.026392,0.027122,0.14027,0.13006
0.036486,0.076578,0.07473,0.039052,0.027315,0.023445,0.13392,0.10523
0.03604,0.073588,0.076743,0.047704,0.026908,0.01907,0.10958,0.10672
0.034886,0.066916,0.078324,0.045317,0.025025,0.023615,0.12992,0.09997
0.040523,0.095865,0.095958,0.047272,0.02843,0.03026,0.12756,0.10343
0.033783,0.067842,0.069344,0.046648,0.029183,0.030797,0.18327,0.11765
0.034025,0.074445,0.0627,0.041343,0.025755,0.02116,0.12551,0.10998
0.025889,0.064246,0.061439,0.034527,0.020177,0.017919,0.092921,0.075153
0.036037,0.081261,0.085947,0.0535,0.027674,0.022881,0.12047,0.11519
0.032736,0.060425,0.07672,0.043866,0.024065,0.024518,0.1523,0.12295
0.028713,0.053347,0.065308,0.047868,0.025351,0.017899,0.099598,0.097546
0.027715,0.07289,0.069078,0.04128,0.024527,0.017051,0.085473,0.077037
0.029465,0.077577,0.072591,0.042547,0.025699,0.022329,0.13901,0.10412
0.028918,0.062197,0.069412,0.038989,0.022778,0.019621,0.11414,0.10439
0.028446,0.060952,0.067411,0.035355,0.021816,0.02147,0.13586,0.096016
0.030324,0.056024,0.066593,0.040395,0.023475,0.020352,0.12805,0.098645
0.035128,0.06311,0.076387,0.040932,0.025078,0.022732,0.13113,0.12004
0.036411,0.067078,0.084234,0.051135,0.028807,0.026781,0.15315,0.10514
0.053728,0.051445,0.065162,0.046311,0.038225,0.032453,0.16962,0.24931
0.029628,0.040262,0.036329,0.037117,0.027864,0.01972,0.093176,0.12135
0.030637,0.039733,0.040421,0.043163,0.031575,0.018908,0.10231,0.14297
0.030446,0.03492,0.042163,0.038687,0.024433,0.019295,0.097825,0.15429
0.035944,0.041984,0.042549,0.049177,0.031294,0.020594,0.11142,0.17114
0.026224,0.037555,0.050508,0.043688,0.030569,0.019741,0.094154,0.11846
0.029282,0.041138,0.049458,0.051088,0.029983,0.017356,0.09579,0.12665
0.03229,0.055551,0.062832,0.058677,0.033555,0.0201,0.12096,0.14753
0.026857,0.044725,0.054544,0.05141,0.033021,0.018603,0.10365,0.11177
0.026537,0.047781,0.055969,0.046156,0.030685,0.019819,0.10459,0.12231
0.034542,0.049431,0.07272,0.056821,0.033623,0.021456,0.10356,0.12556
0.023882,0.048283,0.048681,0.049076,0.029269,0.015309,0.076494,0.085875
0.029595,0.046906,0.050223,0.041354,0.030494,0.020106,0.10187,0.12735
0.030745,0.060429,0.06007,0.059927,0.031759,0.017631,0.084497,0.10804
0.031186,0.049328,0.057834,0.044539,0.027643,0.01739,0.087848,0.11233
0.030643,0.048766,0.055224,0.036463,0.026188,0.017643,0.097062,0.11585
0.040652,0.077026,0.077886,0.048455,0.030172,0.019631,0.10992,0.13458
0.039113,0.058077,0.071938,0.045208,0.030505,0.023379,0.12639,0.1719
0.037995,0.056297,0.055686,0.048044,0.038594,0.024741,0.11771,0.16729
0.037277,0.057828,0.067541,0.053737,0.034458,0.022688,0.12417,0.1348
0.027266,0.049673,0.04998,0.043695,0.02634,0.017408,0.08628,0.10489
0.033853,0.055388,0.056603,0.047356,0.027591,0.016786,0.086858,0.12412
0.032803,0.075313,0.072085,0.050377,0.033933,0.019032,0.095896,0.1231
0.033361,0.066964,0.068048,0.055316,0.035352,0.02176,0.11074,0.14792
0.033867,0.083556,0.079096,0.056606,0.037666,0.046134,0.12418,0.093266
0.042401,0.10093,0.098596,0.055346,0.03952,0.037488,0.096597,0.096527
0.047663,0.10695,0.10364,0.046494,0.033818,0.038141,0.10693,0.11043
0.047931,0.10732,0.11218,0.06308,0.045589,0.046084,0.13038,0.12071
0.034077,0.081253,0.086441,0.045537,0.036502,0.037406,0.11623,0.096304
0.036556,0.10323,0.099777,0.047563,0.038024,0.035502,0.11978,0.091229
0.03636,0.088254,0.095784,0.0508,0.034541,0.036674,0.1052,0.089769
0.036131,0.09129,0.094287,0.050447,0.037615,0.046715,0.092813,0.080628
0.029998,0.080522,0.091012,0.04389,0.032914,0.035339,0.10863,0.089532
0.036891,0.092882,0.077046,0.040216,0.034364,0.026013,0.10264,0.089677
0.033913,0.087348,0.087546,0.040559,0.031281,0.0294,0.08975,0.080023
0.040458,0.086832,0.082501,0.051179,0.036314,0.031097,0.10313,0.094193
0.029051,0.074527,0.077183,0.034849,0.033399,0.033597,0.088668,0.075699
0.024517,0.065891,0.060906,0.033694,0.029886,0.024196,0.081492,0.066974
0.033285,0.089491,0.085341,0.039647,0.036457,0.031432,0.10196,0.088869
0.028053,0.087435,0.085697,0.040995,0.031744,0.033097,0.10116,0.084131
0.034914,0.086652,0.081093,0.037663,0.033839,0.035841,0.12585,0.085798
0.032489,0.076739,0.09952,0.052938,0.03643,0.039722,0.08943,0.095181
0.036319,0.074608,0.086169,0.042635,0.036636,0.03362,0.10041,0.093416
0.038594,0.094053,0.085524,0.050067,0.032822,0.034569,0.1177,0.09767
0.041436,0.11581,0.10005,0.0194,0.016276,0.078929,0.39968,0.13305
0.097381,0.11416,0.0827,0.016043,0.016682,0.063567,0.31728,0.085434
0.093883,0.15077,0.076036,0.019603,0.019829,0.10771,0.36603,0.15654
0.068614,0.1434,0.11457,0.023153,0.019755,0.074553,0.31373,0.12415
0.08829,0.19013,0.11477,0.020631,0.022446,0.14876,0.33019,0.18616
0.094282,0.17807,0.09694,0.022742,0.022123,0.10815,0.32187,0.17109
0.092065,0.17801,0.088111,0.021831,0.018984,0.090333,0.35459,0.12274
0.11221,0.17465,0.066095,0.01789,0.019671,0.077042,0.28308,0.092031
0.11148,0.18828,0.075033,0.017568,0.018907,0.10733,0.35102,0.14532
0.079166,0.19701,0.10775,0.023575,0.020974,0.093021,0.30393,0.12269
0.078712,0.16902,0.089575,0.019174,0.020499,0.091351,0.29973,0.13056
0.096519,0.23386,0.11841,0.022024,0.021978,0.098316,0.36118,0.15334
0.093873,0.18701,0.1181,0.023349,0.020536,0.11677,0.30916,0.1148
0.076549,0.21059,0.13339,0.022993,0.020576,0.12588,0.30667,0.14004
0.066506,0.17603,0.12243,0.018012,0.020213,0.12275,0.35783,0.15114
0.051022,0.19732,0.077953,0.029671,0.017277,0.086453,0.34385,0.1248
0.10205,0.19517,0.095905,0.023451,0.021141,0.090242,0.3316,0.13511
0.090255,0.17873,0.092571,0.021825,0.022285,0.099536,0.25714,0.14607
0.090438,0.19268,0.082533,0.0212,0.017206,0.10027,0.25738,0.1167
0.086473,0.20895,0.11668,0.024893,0.022837,0.096366,0.31925,0.15257
0.083093,0.12354,0.18747,0.021266,0.017414,0.10434,0.3412,0.14364
0.091185,0.1297,0.18739,0.026596,0.018535,0.17231,0.36496,0.17263
0.078603,0.13102,0.15761,0.024511,0.019569,0.10537,0.3536,0.21147
0.074573,0.1195,0.18711,0.022786,0.018608,0.11306,0.31678,0.15722
0.085962,0.14854,0.21005,0.036285,0.023532,0.12233,0.35306,0.20362
0.08673,0.16296,0.25029,0.026376,0.014683,0.11387,0.31402,0.19875
0.079052,0.11967,0.14862,0.01961,0.015674,0.068428,0.30904,0.1641
0.051002,0.07019,0.16763,0.024832,0.01587,0.067092,0.36251,0.15825
0.058548,0.13378,0.24323,0.034295,0.024427,0.12758,0.39097,0.1712
0.082856,0.16255,0.18949,0.031795,0.017064,0.087541,0.35686,0.20109
0.0866,0.11262,0.17375,0.023137,0.017177,0.11488,0.35515,0.15747
0.083379,0.15009,0.17651,0.026193,0.018479,0.095126,0.34135,0.15242
0.086493,0.12973,0.21962,0.025172,0.016694,0.087947,0.35999,0.16811
0.072641,0.11493,0.13147,0.023453,0.015754,0.085039,0.34314,0.15231
0.054807,0.10162,0.15581,0.025767,0.014599,0.074736,0.30763,0.14033
0.083322,0.14446,0.16005,0.021383,0.017596,0.11037,0.35173,0.1938
0.085301,0.14412,0.16437,0.026956,0.018551,0.081278,0.35429,0.1839
0.082113,0.12789,0.17012,0.024439,0.017959,0.078587,0.33798,0.16079
0.084337,0.14813,0.26503,0.032508,0.021993,0.12688,0.33803,0.19293
0.093866,0.15914,0.19201,0.031951,0.022721,0.10616,0.34271,0.17017
0.082495,0.11255,0.072061,0.022868,0.031051,0.262,0.4201,0.11703
0.076069,0.10172,0.089328,0.022166,0.028802,0.23486,0.41257,0.11645
0.088797,0.13313,0.1128,0.021423,0.026504,0.23145,0.33879,0.079618
0.092678,0.14758,0.10685,0.025091,0.043404,0.25648,0.34943,0.10153
0.086162,0.14225,0.053975,0.021209,0.048002,0.2196,0.38035,0.12833
0.067752,0.074609,0.072809,0.016522,0.027196,0.20598,0.35914,0.061047
0.077669,0.061739,0.047954,0.016809,0.030645,0.23452,0.36225,0.10777
0.057289,0.099998,0.089697,0.022713,0.030016,0.22361,0.42151,0.1009
0.075199,0.094436,0.075702,0.020156,0.03145,0.24123,0.39092,0.095477
0.068307,0.09327,0.070861,0.021545,0.03072,0.24941,0.36562,0.09953
0.066721,0.069688,0.053797,0.016033,0.029044,0.15852,0.38653,0.082814
0.077863,0.08409,0.06273,0.017576,0.028729,0.24338,0.35929,0.092523
0.095137,0.10573,0.10057,0.021743,0.04201,0.31363,0.44147,0.1269
0.075311,0.10027,0.085899,0.020233,0.027765,0.2245,0.41407,0.095761
0.073999,0.1019,0.078349,0.020308,0.035986,0.27238,0.36156,0.10601
0.078847,0.11895,0.087054,0.020931,0.038049,0.28152,0.42409,0.1344
0.077231,0.11273,0.10364,0.022071,0.038392,0.34185,0.40919,0.10209
0.085988,0.16526,0.090539,0.026623,0.039488,0.27335,0.3805,0.10789
0.073033,0.11816,0.094828,0.019038,0.02749,0.2012,0.44535,0.094883
0.084226,0.12409,0.10511,0.023817,0.028507,0.22122,0.3778,0.086739
0.048964,0.13789,0.23674,0.040691,0.023987,0.15764,0.37732,0.18016
0.040967,0.1271,0.2291,0.036639,0.026058,0.14858,0.38304,0.17255
0.041833,0.10781,0.17328,0.032535,0.018473,0.10446,0.40419,0.21049
0.034107,0.095195,0.11884,0.026831,0.018588,0.099029,0.37001,0.11158
0.056717,0.16403,0.14768,0.029298,0.01889,0.10151,0.3389,0.085611
0.049922,0.11506,0.1375,0.029386,0.021304,0.12628,0.36846,0.17675
0.038891,0.15066,0.15079,0.034574,0.019981,0.094358,0.43169,0.1485
0.027902,0.13072,0.15754,0.032973,0.018652,0.13477,0.3311,0.11193
0.038719,0.10142,0.12779,0.031146,0.017243,0.090901,0.34327,0.1231
0.041769,0.14708,0.16208,0.039444,0.020339,0.083765,0.36278,0.1365
0.027713,0.10437,0.14521,0.028273,0.016965,0.075339,0.33539,0.11177
0.033174,0.10987,0.13196,0.033524,0.018566,0.059827,0.3586,0.11149
0.02737,0.12726,0.13928,0.035757,0.018884,0.071054,0.34339,0.11052
0.041561,0.18029,0.1712,0.036712,0.020846,0.10812,0.37493,0.1397
0.035476,0.14837,0.14207,0.070081,0.028689,0.09962,0.34581,0.088278
0.047578,0.13343,0.14367,0.036213,0.019218,0.095641,0.37271,0.19992
0.042494,0.13754,0.14494,0.033848,0.020237,0.089757,0.36688,0.13801
0.035744,0.13043,0.15331,0.038819,0.01814,0.083955,0.3524,0.13877
0.033835,0.12943,0.13481,0.034307,0.019846,0.082493,0.41731,0.11875
0.03609,0.12045,0.17389,0.034622,0.016742,0.06912,0.36339,0.12162
