5.7578,22.305,12.969,4.9375,3.9219,11.742,36.086,6.5
4.6406,10.297,9.2891,4.5703,2.8516,13.742,38.656,7.5547
5.5781,16.266,8.1172,4.8594,2.8828,9.0938,42.773,4.6797
4.1563,7.0781,8.4766,4.5547,2.3359,9.4922,35.602,4.6797
6.0938,18.859,7.7031,4.3125,2.7422,9.8594,31.297,3.4063
6.2734,20.523,10.852,5.75,3.2656,12.773,41.492,6
2.6094,5.0938,6.8984,4.8516,2.75,10.688,37.844,4.9766
4.6797,11.633,6.5313,4.6484,2.7891,9.0391,42.734,6.5781
5.3984,17.008,8.6563,5.3203,2.9375,8.8125,42.516,5.2031
3.4297,6.7266,9.5078,6.0859,2.2813,8.8594,30.711,4.8125
5.9844,18.758,11.25,4.8906,3.3828,9.0781,35.922,4.3125
7.3516,23.008,12.344,4.7969,3.0391,9.1406,33.695,6.5781
7.7344,21.695,11.117,5.3359,3.4141,12.148,26.086,6.2031
4.4844,11.727,9.1797,4.3828,3.1641,13.359,33.766,5.4531
3.9297,11.781,12.188,5.6172,2.6484,8.375,24.297,3.9453
3.9219,14.023,7.1563,4.9297,2.8984,11.344,44.477,7.2969
3.9609,13.164,8.875,4.2422,2.1875,7.8203,37.57,3.8672
3.6484,8.5547,9.0156,4.7344,2.8359,8.5391,36.984,4.8594
3.7969,9.1719,9.1094,5.5703,2.4297,9.1641,37.57,3.9922
3.4063,8.8125,8.4219,4.9375,2.6797,12.555,33.945,5.375
2.5938,4.6953,8.5938,5.6484,2.3047,8.3281,35.664,3.375
4.0156,12.797,8.1875,5.0547,2.3438,8.5313,39.031,4.125
2.6172,5.3594,7.3672,4.8047,2.8281,11.898,36.898,5.2109
2.7969,4.5547,6.25,4.3594,2.7969,9.9609,28.516,3.6484
3.6016,9.6875,7.5625,5.9141,2.4844,8.0781,34.875,3.5078
4.5625,14.133,8.2578,5.2578,2.6406,7.2734,29.852,4.5391
4.3828,12.906,8.2109,5.3438,2.8906,11.742,34.023,3.5391
7.2813,20.578,9.7734,5.7813,3.1563,10.016,25.477,4.0313
7.125,17.242,10.867,5.5781,2.7969,9.8281,39.805,5.6953
5.2422,17.516,8.2969,4.6094,2.4219,9.1797,37.727,4.9297
6.6797,17.383,9.6797,5.375,3.5313,9.5234,40.781,5.0391
3.5938,11.422,7.9141,4.8594,2.5234,7.8906,33.477,3.7813
4.7188,14.656,10.094,5.2734,2.5547,9.2656,30.773,3.6875
7.4453,20.547,9.8125,5.3125,2.6328,8.4063,34.406,4.9922
4.6797,14.984,8.0938,4.9766,2.2344,9.1719,34.477,3.9375
3.6016,10.07,11.109,5.1953,2.25,8.5625,38.781,4.3594
7.5078,25.125,11.852,5.7891,3.125,8.5859,35.383,5.2188
5.6406,16.602,9.6016,5.1953,2.8438,8.5078,31.141,4.4766
5.0469,12.516,9.5391,4.5781,2.4063,7.9141,38.195,4.9688
4.875,17.594,9.4141,5.125,2.5703,7.5859,35.984,3.9688
4.0156,9.8672,7.2266,5.5313,2.7734,9.5156,38.813,4.9531
5.4844,17.711,10.203,5.4297,2.9375,9.5,29.203,5.2188
6.6797,19.102,8.7656,4.9063,2.6406,8.7734,37.188,5.5625
6.3672,18.516,10.367,6.0156,2.9141,9.2031,36.125,5.6328
3.6328,12.852,8.5625,5.0703,2.5469,9.6406,38.195,4.0703
3.6094,9.2813,9.4375,5.1953,2.6563,8.4688,39.195,4.3984
5.6953,18.266,7.9453,5.2422,2.9609,8.5,37.898,4.5156
5.0391,17.297,9.3672,4.2578,2.6406,7.2734,36.641,5.2188
6.875,24.555,10.641,5.5547,2.8281,8.6406,35.477,4.8594
5.2813,18.25,8.5469,5.8359,2.6094,6.7422,33.672,4.25
7.4688,23.156,10.82,6.0703,2.6719,6.6641,44.57,3.9531
6.1406,23.711,11.234,5.7344,2.9141,7.9609,43.438,5.125
4.3672,14.953,8.9063,5.375,2.3984,7.9375,36.641,4.4688
6.6328,21.359,11.391,6.2188,2.6563,7.1016,36.484,5.3359
6.9688,23.094,10.852,5.9688,2.6328,8.4922,39.242,4.7344
3.5859,11.445,8.5938,5.5469,2.5391,7.9922,46.156,4.4453
3.6563,11.914,9.0469,5.1797,2.5,9.0469,45.563,4.8516
4.7188,14,7.4609,3.8906,2.4531,9.7969,39.195,5.1641
5.3672,14.977,7.4688,3.8828,2.8828,7.9844,39.703,5.7969
4.0938,13.164,9.6016,3.8281,2.5781,10.875,38.648,5.5547
5.9375,17.086,12.391,6.2031,3.1172,7.8906,36.57,4.7031
4.4141,11.625,8.4688,5.0781,2.6016,6.8281,36.055,4.6328
5.6094,15.273,8.6719,5.4531,2.7813,7.1563,33.039,4.3516
4.9141,13.164,8.9063,4.0313,2.625,8.5156,33.508,3.6719
3.4375,9.0938,8.5,5.0938,2.3984,7.2578,38.828,4.5547
3.8125,14.055,9.1172,5.5078,2.8125,7.7109,38.141,4.1875
4.6953,16.188,8.8906,4.7422,2.5469,8.6172,37.938,4.625
4.875,17.781,12.5,5.1016,2.4766,6.8281,34.383,4.0625
3.6016,10.945,8.9219,5.1328,2.5547,7.25,34.063,4.2031
4.6797,16.391,7.8984,4.5859,2.7266,9.4688,39.797,6.3672
3.3438,8.8125,6.3906,4.9453,2.9219,9.4922,41.836,5.1641
9.9141,34.422,12.688,6.8516,3.125,8.7031,40.469,7.0781
5.8516,18.523,8.6172,5.1719,2.8594,6.2656,39.375,6.2109
3.0156,10.602,8.2031,4.5234,2.3828,7.375,40.117,4.9609
2.8438,11.352,9.0078,5.3203,2.1797,6.5,33.281,5.1563
4.2031,16.688,7.5078,4.7969,2.2656,5.9531,39.391,4.5313
4.1484,13.633,8.5156,4.1094,2.1563,7.3359,43.992,5.2578
3.9453,12.883,8.75,4.1094,1.7344,6.0547,33.422,4.8281
4.2031,11.758,8.2422,4.4453,2.6094,6.9141,38.188,5.2891
4.3047,21.75,10.023,4.6484,2.4453,5.5313,34.352,5.3516
3.6484,11.867,8.5234,4.8359,2.3672,9.4297,42.953,6.6172
4.7266,21.266,8.1484,4.7969,2.2109,6.8047,48.75,5.1875
3.0313,9.6875,8.125,5.0469,2.3594,7.75,45.031,5.2422
3.8984,12.734,9.6406,5.1875,2.4453,7.6094,48.906,4.9766
4.4609,16.016,8.3516,3.9844,2.2578,7.1953,47.281,5.7109
4.0234,13.664,7.8281,4.9453,2.5,7.4063,42.609,5.5234
3.3281,15.906,7.6875,4.1641,2.2344,5.8594,33.703,4.5703
2.9531,10.117,8.5391,4.3203,2.5469,7.4063,34.367,4.3125
3.2422,10.086,6.7891,3.6875,1.9766,7.6016,33.93,4.6172
3.9297,14.008,6.5781,3.5078,2.0391,5.9063,28.016,4.3203
3.6484,14.641,5.6797,3.8359,2.8047,7.6328,42.93,6.1563
2.7578,8.1875,5.8594,2.9844,1.9453,7.0234,36.242,4.7344
4.3906,15.047,5.3984,4.1172,2.2266,5.7422,34.164,4.8828
3.4453,9.8828,7,3.5938,2.0234,6.2734,39.555,4.9453
4.7891,18.867,6.2188,3.8672,2.3828,6.0469,35.672,5.4844
6.2188,22.656,9.3438,5.125,2.3672,8.2188,48.031,7.4453
2.7578,4.7266,5.4453,3.6484,2.4141,6.9922,36.844,5.7344
3.6172,16.094,5.8828,3.2891,2.5391,7.3828,53.195,6.0703
3.8359,15.891,6.9531,3.6094,2.5156,7.5469,52.758,5.6172
4.1094,16.344,8.0156,3.9375,2.3203,6.7891,40.516,4.4219
5.2188,21.906,9.4844,5.0469,2.3438,7.8516,40.367,7.2109
5.2813,19.18,7.7734,4.8594,2.4219,7.0313,46.336,5.8984
4.6953,18.438,10.398,4.8594,2.7422,7.6641,32.227,4.7813
5.1563,17.641,9.3438,5.5938,2.7344,6.7422,39.602,4.4922
5.5078,22.742,8.75,4.3906,2.6719,6.4219,44.734,6.0078
5.6016,17.055,11.617,4.2422,3.6484,14.617,47.891,10.086
3.1641,9.1953,6.5391,3.6016,2.6406,9.7578,47.375,5.7656
4.3203,16.484,6.8281,4.3594,3.0234,11.938,47.094,6.3828
5.1875,18.039,7.625,4.3828,2.5859,10.336,42.625,5.2734
4.2969,12.945,8.9453,4.4141,2.3359,9.1641,48.203,5.0781
4.5313,13.75,8.5234,4.5547,2.8594,11.211,53.977,5.6016
5.2656,16.281,13.117,7.1875,3.1016,11.125,50.781,5.7188
4.7422,19.164,11.109,4.3281,3.1719,12.039,53.602,6.1797
4.6719,14.359,9.4922,4.7422,2.6875,9.0703,39.094,4.5547
3.6094,12.555,8.3906,3.8203,2.6641,9.5156,38.391,5.0391
4.75,17.625,7.7656,4.1797,2.5547,8.7266,39.367,5.0469
5.5234,18.703,11.406,4.3828,2.9297,9.625,32.992,4.9531
5.4609,20.711,11.063,4.7266,3.25,13,35.063,7.2969
5.1641,21.773,10.289,4.7266,3.4844,13.719,34.508,7.4219
4.1641,13.023,10.375,4.4063,2.5078,8.7422,38.656,4.4531
4.6172,17.523,11.656,4.9609,2.4609,10.797,44.055,5.1172
5.5938,19.477,9.2891,3.8438,2.4063,9.1563,40.164,5.0938
4.7578,15,8.8516,4.0625,3.0078,12.766,38.695,5.9766
4.2969,13.375,9.7266,3.7266,2.5547,9.3594,40.938,5.0469
3.6641,14.156,10.328,4.4688,2.2891,8.1797,42.07,3.7031
3.8047,14.031,9.5156,4.1719,2.6406,8.6797,38.883,5.0078
3.5547,14.5,7.6563,4.2031,2.4531,10.727,38.359,4.7188
3.5,9.1094,7.9219,4.1719,2.7969,11.492,43.781,5.0078
4.2031,15.227,10.352,4.8984,2.7266,8.4375,39.445,4.1953
4.4063,15,10.297,4.6406,2.6875,10.508,46.563,5.7266
4.0625,16.086,8.9063,4.5078,2.875,8.625,38.117,4.7031
3.8125,13.156,11.344,4.4219,2.6328,8.4609,37.641,5.1172
3.3594,10.047,8.2734,3.9531,2.0156,6.4297,41.781,3.3047
5.0469,17.992,11.016,4.4922,2.3906,7.8594,38.969,4.5391
3.6328,13.055,8.7188,4.4297,2.5859,10.141,32.641,4.2578
4.4609,13.391,11.352,4.8516,2.4609,7.5938,46.102,4.3125
4.4688,11.5,8.0156,4.3125,2.6641,8.2891,38.828,4.5156
2.9844,10.953,9.6797,3.6484,2.5234,9.2109,47.445,5.4063
3.4531,13.625,9.2188,4.6328,2.5078,7.75,35.641,3.8281
4.2031,12.766,9.7813,4.5547,2.4922,9.1563,36.695,4.1875
3.8516,12.422,10.258,3.7656,3.0391,10.859,41.07,5.1875
4.0703,16.406,11.094,4.3359,2.8047,7.7422,46.773,4.4844
3.7969,16.734,7.4609,4.2109,2.0703,8.6797,30.734,3.8281
4.7891,17.25,9.0469,4.1094,2.8516,9.9297,38.844,4.9531
4.1641,15.055,8.4297,4.4375,2.7734,7.875,39.648,5.0781
4.1797,17.242,6.9766,4.8438,2.4453,7.7813,39.703,4.4766
3.4922,10.484,7.4609,3.9297,2.0234,7.4453,41.438,4.375
3.7266,15.219,7.8984,3.9375,2.4844,8.3359,45.43,4.4375
3.6797,14.914,8.1484,4.3203,2.125,9.8516,40.828,4.0313
5.3594,19.867,8.8984,3.9609,2.4063,7.2813,33.742,4.1094
4.4922,14.617,10.328,3.8594,2.5391,6.6641,34.453,4.2969
4.6328,17.266,7.3906,4.0313,2.2969,6.9531,41.93,4.0078
5.3438,21.109,7.9297,3.9141,2.625,8.7969,40.445,5.0469
3.8672,15.398,8.6484,3.7891,2.5625,8.1328,46.758,4.0156
3.0781,11.414,8.7969,3.7813,2.3047,7.6875,35.344,4.3359
3.8984,14.047,9.9844,3.8359,2.6172,8.75,44.477,5.6328
3.1641,14.867,7.9453,4.4531,2.5078,7.7266,39.594,4.3672
4.0234,12.664,9.6172,4.3828,2.8828,8.875,40.258,5.0391
3.2813,12.063,9.6641,3.3281,2.2656,6.7969,39.836,4.1797
2.8438,9.8828,8.9141,4.0547,2.3984,7.4141,40.328,4.0859
3.6797,14.102,8.1016,4.2734,2.1875,8.0234,48.789,4.5
3.2891,12.359,8.8281,3.8047,2.3672,7.3984,38.711,4.2109
3.9141,18.273,9.2891,4.2266,2.6406,10.055,42.008,4.9219
3.9844,15.781,7.7969,3.9219,2.5781,9.9375,42.68,4.6016
2.8984,10.914,10.828,4.1016,1.9922,8.8125,40.758,4.5234
3.9141,14.156,9.8359,3,2.3438,8.3125,47.883,5.1875
3.7813,13.984,9.2109,3.9219,2.1641,8.3672,40.234,4.4453
6.0234,23.289,8.4063,4.1641,2.3984,7.7188,42.484,3.7969
4.0156,16.508,10.695,4.4922,2.1484,7.8359,49.398,4.3594
4.3672,17.797,10.961,4.6016,2.6016,7.4453,42.672,4.2969
3.7734,15.664,9.375,4.1328,2.1797,7.2031,38.945,4.4219
3.6016,15.031,8.2578,4.4688,2.7109,8.9063,42.844,4.2422
3.9922,16.992,7.2969,4.1641,2.2969,7.9844,36.992,3.5938
4.2891,16.984,7.3359,4.4844,2.6094,8.3594,37.938,5.0469
4.5859,15.734,10.883,4.1484,2.4063,8.3672,38.68,4.1563
3.8672,17.195,9.1797,4.3359,3.0391,7.8828,44.273,4.6016
3.9453,14.609,6.625,4.1719,1.9766,7.6172,36.883,3.7109
6.4609,23.75,8.0469,3.5625,2.4297,8.3047,32.539,4.875
4.3828,15.688,7.6016,4.5078,2.6563,9.4688,46.219,5.1797
5.6797,20.016,8.4609,5.3438,3.1875,9.4453,40.813,5.3359
4.875,17.25,6.5625,3.7891,2.375,6.7344,36.461,4.4609
4.2578,14.977,8.7266,3.8281,2.9063,10.555,47.32,5.2344
4.5234,16.828,8.8828,3.9219,2.4219,7.0156,42.563,4.3125
4.8984,19.586,9.4141,3.8047,2.2813,7.1641,33.188,3.6953
4.8594,16.742,7.3594,4.0078,2.5938,7.8594,39.219,4.6016
4.5156,17.117,8.1875,3.5859,2.2344,8.5625,44.867,4.8984
5.1953,19.57,6.1406,3.6016,2.2734,7.8125,30.219,4.375
5.3984,20.875,5.7188,4.0234,2.0859,9.0859,33.625,3.3438
4.2031,14.813,6.9844,4.0469,2.3125,7.6328,38.063,4.2422
3.9609,15.773,6.0156,3.8516,2.6172,9.0469,42.109,4.9063
3.8438,16.883,6.25,3.9219,2.4453,7.7969,45.164,4.7188
3.9766,14.992,6.3906,4.0859,2.5156,8.8594,46.148,4.3359
5.7891,23.25,7.6094,4.0156,2.7813,9.3906,46.68,4.9922
3.7891,17.781,5.7734,3.7969,2.4141,8.3828,37.586,3.8594
4.2031,18.547,6.2422,3.5703,2.3594,7.8906,33.75,4.9141
3.9141,14.609,8.6484,3.9688,2.4531,7.9141,45.148,3.7266
3.2734,12.148,4.8672,3.3906,2.2578,10.516,45.094,4.8672
4.0078,17.484,6.5469,3.2031,2.1797,8.3984,35.906,3.8125
4,15.383,5.6953,3.7031,2.1016,6.1953,35.211,3.8672
3.4531,9.8906,5.9531,3.6094,2.5547,8.8125,43.219,5.2109
3.7422,12.688,7.7578,4.2578,2.1563,7.9219,48.484,4.4922
4.4063,17,6.4609,3.5391,2.7422,9.4766,38.531,4.5625
3.8359,18.695,5.4844,3.6563,2.2422,7.8906,40.563,4.6016
3.9609,14.375,4.9922,3.8516,2.6641,10.32,37.805,5.1563
4.8203,19.164,10.047,3.1484,2.6484,8.8047,45.539,4.3984
4.5156,18.125,7.1172,4.125,2.4063,9.375,42.742,5.2969
3.3672,12.813,6.4453,3.5469,2.0078,6.6406,38.984,4.3672
3.2656,12.047,7.4297,4.4375,2.5547,8.0938,41.047,4.3594
5.5156,16.82,7.875,3.4297,2.4531,11.477,39.859,5.7891
3.625,11.984,5.3828,3.1797,2.4453,9.0781,40.195,4.8125
4.3438,13.594,5.6016,3.0078,2.5391,10.477,37.766,6.0234
4.8906,22.727,8.1328,3.2109,2.4922,7.4375,35.188,3.9844
4.4453,14.492,5.2813,3.0469,2.4531,7.4141,38.273,4.6797
3.6406,15,4.5938,2.7734,2.5234,7.7969,38.711,4.2109
4.8828,12.25,7.0625,3.4453,2.4688,7.8359,29.672,4.5625
3.5078,15.313,5.3906,2.9297,2.0469,7.3672,36.414,4.6328
4.5859,15.055,6.2109,3.1016,2.4922,9.6797,39.781,4.5547
5.0625,23.195,10.586,3.1406,2.6484,9.6406,38.656,5.3516
3.9219,16.625,5.4375,3.0547,2.4453,7.9375,36.906,4.25
4.7656,16.133,6.6094,3.0234,2.375,10.891,38.617,6.4922
5.0703,19.5,6.1953,3.4141,2.5078,8.9609,40.117,5.2734
3.5469,13.617,5.8516,2.8672,2.2656,10.047,52.383,4.7266
3.9922,14.203,5.5781,3.3047,2.1641,9.2266,44.688,4.6563
4.2031,16.109,6.7266,3.2344,1.7891,8.3984,41.008,4.2969
4.0703,13.445,7.1953,3.3281,2.4609,9.6563,45.68,4.9766
4.625,19.047,5.875,3.0469,2.2891,8.5313,43.813,4.125
4.0469,16.516,7.5391,3.0938,2.4453,8.2422,36.969,4.375
3.9688,16.484,6.9219,3.3672,2.5,9.5703,33.297,4.7266
4.1016,16.578,6.7969,2.8984,2.3984,7.9141,37.523,4.3672
4.7891,16.836,7.4922,2.7188,1.7188,7.1406,46.359,4.5781
3.8516,15.172,6.5547,2.7813,2.5547,9.5469,39.016,4.2656
5.0859,15.297,6.0391,2.8672,2.3359,9.1016,41.305,4.9922
3.625,13.797,7.3125,3.2188,2.3984,8.1719,36.656,4.1328
5.0703,23.016,5.4063,2.9766,2.5781,9.9297,43.359,4.6094
3.5078,15.188,8.8984,3.4219,2.3203,9.1016,58.695,5.4766
4.0469,16.555,7.8672,2.7891,2.7656,12.234,55.156,5.9844
5.8047,19.391,7.0781,3.2969,3.0156,12.234,39.477,4.9766
4.5313,17.688,5.7891,2.4063,2.2422,8.6641,46.82,4.5859
4.8359,20.867,6.5859,2.8984,2.75,9.7969,41.305,4.9141
4.6484,18.391,7.3281,2.5781,2.0156,8.3047,38.703,3.4375
4.1016,17.789,8.9688,2.5625,2.3672,9.1328,44.875,4.5938
3.8125,15.039,7.4688,4.2109,2.5313,8.0313,48.617,4.5078
4.4063,16.125,6.0313,3.1328,2.4766,10.969,65.156,5.5391
3.2422,13.539,8.9766,3.9531,2.6953,10.82,47.539,5.4531
3.1172,11.648,6.4297,3.4375,2.2188,8.6641,43.945,4.2734
4.6172,20.18,7.7813,3.7813,2.3984,9.0625,48.664,5.1563
4.2422,13.867,7.8438,2.9766,2.625,8.4063,42.867,4.7578
3.4766,12.078,6.7031,3.7266,2.2266,8.2031,44.797,5.0781
4.7891,21.922,7.4844,3.3125,2.4688,8.7734,37.961,4.9531
4.4922,13.875,7.7656,3.2031,2.7813,9.6563,49.844,4.9141
5.0859,20.398,7.5,4.5859,2.6094,7.0703,42.086,5.0313
4.4297,13.547,8.1953,4.7422,2.5391,8.3984,46.508,5.1328
4.5234,16.758,10.047,2.9688,2.0313,9.7656,42.398,4.8203
3.8828,15.281,8.0625,3.4766,2.2969,8.8047,43.68,4.0313
3.6484,15.836,8.9141,3.9063,2.6328,7.3594,44.984,5
5.2734,21.188,9.1094,4.1875,2.625,8.9766,48.578,5.0859
4.2813,18.016,8.4531,5.0469,2.8594,11.297,46.367,5.1875
4.3359,17.609,7.8672,4.7109,2.5391,9.8672,49.297,5.1172
9.1719,27.227,8.3906,4.2031,2.7734,11.883,50.078,8.2578
4.0234,14.297,7.3672,4.4375,2.6719,11.383,45.695,5.1719
2.7734,7.3438,6.5469,4.4375,2.5156,10.336,47,5.4688
4.2891,17.023,8.2891,4.4141,2.4531,8.2813,38.609,3.9375
4.6094,13.188,8.25,4.7656,2.2188,9.7266,48.336,4.5469
5.0781,19.031,8.1094,4.1172,2.5859,8.0859,54.398,5.0313
4.4453,14.906,9.1172,4.0469,2.25,7.8125,43.664,4.6719
4.4453,18.805,7.9766,4.1094,2.2813,9.4063,36.289,4.8359
3.5859,15.18,7.875,4.1484,2.4531,9.2344,48.703,4.8594
3.7969,17.305,7.0781,3.3906,2.3672,9.0234,34.383,4.0938
4.25,15.977,7.2969,3.75,2.2578,8.125,44.922,4.0547
5.1563,17.352,8.7188,3.4609,2.2656,8.0156,44.188,5.1172
3.8047,15.305,7.8203,5.0391,2.7422,10.516,43.148,4.9375
4.5156,20.195,7.6328,3.9141,2.6641,7.5547,43.461,3.9922
4.4453,16.531,8.5234,4.125,2.4219,8.7266,41.039,5.2422
4.7344,18.289,6.6406,4.3594,2.9844,9.6172,53.617,5.3359
4.1016,17.766,7.0313,4.5469,2.7891,11.273,44.82,5.0391
4.3047,18.375,7.75,3.7344,2.5547,9.3906,49.672,4.5078
4.5234,21.242,11.367,4.9609,2.4609,7.1016,39.852,3.7031
3.7344,12.438,6,3.6328,2.3203,8.4609,56.07,4.2813
4.1953,14.023,5.8438,3.7266,2.6719,9.7891,41.133,3.9063
4.1016,19.688,7.0859,3.7109,2.3672,8.3594,41.25,4.9141
4.3359,19.414,7.125,4.2031,2.8984,10.391,51.344,4.6094
3.4766,13.484,6.3828,3.5391,2.4453,8.7266,47.883,4.8906
4.5938,18.484,9.0078,3.3516,2.3438,9.9609,57.945,5.8203
5.3672,25.102,8.4688,3.7188,2.5781,10.125,52.109,5.3125
4.9766,19.219,9.1016,4.25,2.3984,10.742,46.133,5.1875
4.7422,19.438,8.0156,3.7031,2.4688,8.6641,44.273,5.3672
4.3281,16.211,8.5625,3.8359,2.2188,8.7188,48.563,4.2891
4.3516,16.828,8.6641,4.5547,2.5625,9.0391,42.766,5.3125
3.5781,13.766,8.3516,3.4609,2.5469,8.0391,38.133,4.3828
3.0469,12.977,7.4844,3.6797,2.3594,9.7109,41.766,4.8828
4.7656,17.047,8.5859,4.0703,2.4922,7.9766,52.289,5.1016
5.1094,17.641,8.3125,3.4375,2.5078,9.3125,45.352,4.7344
4.1641,19.766,7.2578,3.9766,2.2734,9.4453,46.977,4.1797
4.7734,17.461,10.281,3.0625,2.4531,10.469,49.57,5.6875
4.1641,17.328,8.4375,3.3281,2.375,11.18,53.922,6.4922
3.5547,13.516,9.8594,3.7734,2.3906,7.7344,44.75,4.8359
3.9375,16.031,7.9219,3.2813,2.3438,8.7188,54.18,4.5156
3.3984,13.391,7.9453,3.4453,2.25,9.4297,52.195,5.2969
4.5391,18.695,9.6094,3.9844,2.6016,10.172,50.531,5.1094
3.4297,15.883,8.0078,3.0547,2.1172,9.4766,43.195,4.4688
3.5781,13.367,8.0781,3.5313,2.3516,9.1563,40.813,4.5
4.4453,15.188,5.75,3.2344,2.5859,10.805,51.016,6.2891
4.8438,19.156,8.3203,3.2344,2.4063,10.117,61.352,6.3203
4.1563,18.992,6.8203,3,2.1797,8.0078,53.898,4.5391
3.7578,14.18,7.3438,3.6094,2.5625,8.8906,49.102,4.2813
4.4297,21.938,6.2109,3.3828,2.3906,10.023,49.516,5.8594
4.0703,16.727,9.4375,3.2031,2.1328,9.3906,51.008,4.7656
4.0938,18.156,8.6094,2.8828,2.4375,9.3125,53.875,5.9688
4.7578,17.117,6.2266,3.4609,4.0469,25.453,23.102,4.9297
5.4609,14.727,3.5156,2.4922,3.7969,27.828,23.281,4.9609
4.1484,4.7266,2.8203,2.2031,2.6484,25.961,20.258,4.3203
3.8281,4.2969,2.4922,2.1328,3.2656,24.164,17.328,4.4453
3.2266,3.2969,3.4609,1.9531,2.5156,24.906,17.805,3.9063
3.4922,5.7969,3.2891,2.4609,2.8438,23.414,22.93,3.6875
3.3594,4.5547,2.75,1.9844,2.8125,20.633,18.898,4.0938
3.5938,6.8125,2.7266,2.4141,2.9375,23.625,22.602,4.0469
4.0859,12.555,3.4688,2.4453,2.5313,22,16.469,3.4766
3.6484,3.2344,3.0078,2.6328,3.3203,23.891,14.836,4.1797
3.6406,3.7578,2.7344,2.2344,3.2031,28.055,19.344,5.2031
3.5625,2.75,2.8672,2.5703,3.1094,17.516,16.563,3.8281
3.5391,4.8359,2.8359,2.5313,3.0469,23.305,17.742,4.4609
4.8281,4.3203,2.9453,2.9922,4.4375,22.875,20.086,6.9688
3.7734,3.2656,2.7109,2.3672,3.1172,25.797,20.992,4.2266
3.8516,4.1172,2.7813,2.5078,4.6016,21.992,23,4.1172
3.5547,3.1172,2.5391,2.1016,2.4063,21.242,21.539,3.8594
3.5703,3.3594,2.8906,2.2656,2.8672,24.031,19.758,4.5469
5.2734,8.8828,4.2813,2.6406,2.7969,18.375,18.344,4.2422
4.875,7.0156,3.2813,2.4141,2.8125,27.219,24.148,4.9297
4.7109,7.6563,2.8203,2.2422,2.6563,22.586,22.578,4.0078
3.9688,3.8828,3.0859,2.5781,3.4219,21.18,21.617,4.6406
3.5156,4.9531,2.9375,2.6875,3.5469,25.742,21.695,5.2422
5.7188,14.617,3.7109,2.3828,3.8594,20.289,22.281,5.1953
4.8984,10.711,3.3281,2.2578,3.125,23.695,23.773,4.1563
4.3047,8.25,3.2734,2.2188,3.4922,25.859,17.258,4.5078
4.2109,8.7656,2.9531,2.0547,2.6016,23.953,14.93,4.2578
4.9531,11.313,3.6016,2.4297,3.5078,19.18,10.539,5.3125
4.4453,8.5781,3.3203,2.4844,2.8125,19.852,14.039,4.2578
5.3359,9.8438,2.8906,2.5,2.9141,20.039,15.195,5.625
4.2813,8.7656,5.2969,2.6406,2.8984,16.719,14.719,3.7422
4.0234,8.5391,2.6406,2.8672,3.3984,17.305,21.391,3.8594
4.0625,11.172,3.0078,2.4922,3.0938,26.234,11.516,4.0781
3.2969,2.8125,2.9766,2.1406,3.0625,24.375,15.898,4.2734
3.4609,3.0391,2.4688,2.1797,2.3984,26.656,22.07,3.9141
4.1484,4.1953,2.625,2.0703,3.375,25.555,18.039,3.9453
3.8828,2.8828,2.7109,2.1875,2.8984,26.422,17.742,3.9453
3.0703,2.5469,2.6641,2.0781,3.1172,18.039,16.773,3.2813
2.4922,2.1875,2.5938,1.9688,2.4453,19.273,13.484,3
2.9219,2.4141,2.3047,1.7344,2.3125,21.461,10.578,2.7422
3.2266,2.25,2.3828,2.3438,3.7266,21.68,11.047,2.8906
2.4141,1.6563,2.3281,2.2344,2.0234,20.852,12.695,2.4297
2.4609,2.1797,2.1875,1.75,2.2656,23.375,14.078,3.1484
2.7344,2.1563,1.9453,1.7813,2.3203,24.766,11.672,2.4219
2.6563,1.9375,2.1563,1.875,2.5625,18.344,14.492,2.4688
2.6797,1.625,2.2578,1.9766,2.2344,21.414,11.109,2.6563
2.8125,2.0156,2.2266,1.9297,2.125,16.633,14.055,2.2578
2.5781,2.0234,1.9766,1.8203,2.2422,15.266,13.359,2.5313
2.7344,2.2813,2.3281,2,2.2969,17.836,10.359,2.5469
2.4609,2.1094,2.2813,2,2.4141,20.297,15.102,2.6094
2.9688,4.4063,2.4609,1.7656,2.1406,17.609,12.469,2.3359
2.8672,1.8516,2.3281,1.8516,2.2422,21.938,15.742,2.375
2.5703,2.2422,2.4141,2.0391,2.3594,30.406,20.828,2.8359
2.5078,2.1016,2.125,1.9297,2.1953,20.453,15.43,2.9609
2.7031,2.0781,2.25,1.9297,2.4141,23.359,15.391,3.2344
2.7031,2.0547,2.2969,1.9219,2.3125,22.25,16.734,2.4141
2.4297,2.5234,2.1641,2.0859,2.1563,30.648,13.375,2.5547
2.7422,2.0547,2.2031,1.7344,2.0078,26.172,13.531,2.6563
2.6641,1.9844,2.0859,1.9063,2.3906,20.977,11.977,2.3438
2.2578,2.1797,2.5234,2.2422,2.8828,20.078,17.773,2.75
2.8438,2.4141,2.2422,1.9297,2.4688,18.617,18.5,3.3906
2.2109,1.7734,2.1563,1.7969,2.3516,15.18,8.7344,2.0547
2.7266,2.3047,2.4766,2.3047,2.8359,20.914,16.555,3.0859
2.6172,1.9453,2.1953,1.9609,2.5938,22.945,19.242,2.7656
2.7422,2.3672,2.8125,2,2.6406,21.758,15.922,2.5703
2.9141,2.3125,2.2813,1.9219,2.4219,22.18,15.313,3.5313
3.1328,2.4063,2.4531,2.3047,2.6016,18.406,12.758,4.4063
2.8828,2.9141,1.9688,2.0859,2.375,22.539,16.711,3.875
3.3828,2.4375,2.5,2.1875,2.4688,19.57,15.867,3.1719
2.7344,2.4063,2.0703,1.8672,2.4844,24.195,16.906,3.1406
3.2031,2.3516,2.2031,2.0547,2.4297,16.211,19.648,3.4375
2.7578,2.1328,2.2266,2.125,2.4453,23.32,19.5,3.3125
2.5938,1.9844,2.2344,2.0313,2.0234,27.57,14.859,3.1563
2.375,2.7656,2.1328,2.125,2.0625,24.477,21.875,3.2422
3.4922,3.625,3.3906,2.2188,2.8672,30.109,23.563,3.5469
3.2422,3.5,3.0391,2.1094,2.5859,22.094,22.719,3.625
2.4063,2.1875,2.4297,1.8047,2.4375,20.906,17.719,3.3203
3.3516,3.3125,2.4766,2.25,2.7031,21.172,17.445,3.4375
2.9609,2.6328,2.7656,1.9531,2.7422,25.563,17.641,3.6719
3.375,3.4375,2.6953,2.2969,2.9609,22.094,17.57,3.4688
3.8438,3.7891,2.6172,2.0547,2.5859,19.422,15.313,3.8906
2.9531,3.5156,2.6172,1.9688,2.5547,23.406,18.18,3.5938
2.9688,4.3359,2.5469,2.5625,2.6328,21.961,17.969,3.4766
3.4766,3.1406,2.6484,1.8281,2.5156,27.039,13.156,3.7422
2.2031,2,2.2656,2.4063,2.3984,19.789,17.547,2.9141
2.8203,2.375,2.2734,2.1953,3.5938,17.859,14.422,3.1328
3.4609,3.0938,2.3828,1.9297,2.4531,22.961,18.891,2.9297
2.8984,2.4922,2.1016,1.9609,2.6953,20.547,15.25,3.3828
2.6094,2.0234,2.3281,2.1719,2.8438,21.492,15.258,2.7422
2.5859,2.2266,2.2344,2.0625,2.5625,23.883,15.039,3.5781
4.1797,3.8672,3.2578,2.5938,3.2266,23.508,14.695,3.9063
3.3125,3.1328,2.4297,1.9844,2.3516,21.391,16.609,3.5703
3.0234,3.1563,2.1875,1.9766,2.1875,18.75,18.25,3.0703
2.4688,3.0156,2.3672,1.7656,2.0156,16,14.344,2.7813
2.5469,2.6719,2.2656,2,2.0938,21.078,17.758,2.5938
2.7656,3.2266,2.5859,2.1641,2.0156,17.914,8.8906,2.7656
2.6953,2.9219,2.3438,1.8047,2.2734,20.68,16.047,3.5313
3.0938,2.8906,2.5938,2.2734,2.9609,25.555,20.039,3.9375
3.1797,2.5234,2.1641,2.2031,2.8125,17.32,15.266,3.2969
3.4453,2.1719,2.7578,2.5,3.0547,15.68,10.305,3.0703
5.5078,16.453,11.281,5.0156,3.5078,12.633,47.477,7.8281
3.4453,9.7969,7.2188,4.1328,2.4219,7.8359,44.297,4.8828
3.5703,11.945,6.1016,4.7578,2.4609,9.0547,36.094,4.2422
3.7578,10.516,6.4141,3.5625,2.3828,9.0781,38.695,5.1641
3.4922,10.984,7.3594,4.1094,2.2813,7.7969,44,4.875
4.6172,12.836,8.2109,4.0313,2.7734,9.5156,42.336,5.8594
4.125,14.703,6.5234,3.2031,2.2891,7.4922,46.359,5.125
3.7422,13.211,7.4063,4.0234,2.2266,9.7266,48.133,6.2813
3.6172,11.266,8.3594,3.6406,2.5781,10.406,38.703,4.7344
4.9141,16.57,8.0156,3.9219,2.3828,8.4922,41.492,4.4141
3.5078,12.398,8.2344,3.4141,2.2656,9.5938,44.93,5.1953
4.7734,13.531,7.6406,4.1563,2.4766,8.6953,42.117,5.9453
3.6016,11.719,7.8047,4.1953,2.1172,7.4688,41.273,4.5156
3.6328,10.805,8.0547,3.7109,2.7813,8.4922,39.008,5.3125
4.3672,14.305,6.4609,3.4609,2.2344,10.344,42.133,5.8594
3.25,9.7734,6.7031,3.4531,1.8125,6.7031,47.984,4.4375
3.3359,10.945,8.7969,4.2813,2.5938,9.5156,51.656,5.3047
3.7813,12.016,6.625,3.3203,2.5781,10.984,45.258,6.0391
3.5313,9.4453,6.6406,3.6875,2.3281,7.8203,47.945,4.5391
3.3203,11.031,8.4688,3.5469,2.7656,10.102,46.234,5.3125
3.7266,10.734,8.5859,3.3672,2.375,8.6172,47.734,4.1875
3.6797,10.656,8,2.7578,2.2891,9.7344,44.383,5.0859
3.4297,11.367,7.0781,3.6719,2.25,7.6719,43.797,5.2109
3.3359,12.813,8.5625,3.25,2.0313,8.3516,40.523,4.5781
2.8359,8.8516,7.5469,3.9297,2.1172,8.0625,51.797,4.7813
3.375,10.758,7.9375,3.3516,2.1563,7.75,40.195,3.9063
3.6953,13.094,8.7969,3.4688,2.4063,8.6016,43.258,4.375
4.4844,15.555,9.6484,3.8359,2.5234,9.9531,48.867,4.7891
3.0391,9.9844,8.1719,3.7109,2.5781,11.516,42.109,5.2031
3.1094,10,7.8516,3.4453,2.0469,8.5078,43.859,4.1016
3.0547,10.906,7.2422,3.2734,2.3828,7.5859,48.445,4.7891
3.0781,11.078,7.4063,3.1641,2.4297,8.1875,43.688,5.0313
3.5781,10.914,7.5547,3.8906,2.3438,8.5625,45.844,4.3359
2.8828,8.1328,7.8672,3.8047,2.5234,9.2266,41.164,4.9766
2.3203,8.9219,6.8125,3.7891,2.5938,9.3281,37.383,4.7266
2.8281,7.4844,9.3281,3.2344,2.0938,8.5625,47.094,4.9297
2.7656,8.4531,8.2656,3.2578,2.5781,10.969,47.883,6.7109
2.9297,8.9141,6.4297,3.3516,2.4453,9.6641,39.789,5.6641
3.3906,9.6641,7.3672,3.7188,2.9063,11.578,47.453,5.7813
2.4453,7.3672,7.7266,3.5781,2.5547,9.7891,46.508,5.0234
3.0313,9.6953,7.9688,3.625,2.25,7.3125,38.102,5.1719
3.1484,8.7656,6.6641,3.2578,2.8906,10.258,33.25,5.9531
3.2969,7.5938,6.875,3.6563,1.9922,6.6172,37.258,4.6406
2.9063,7.4922,7.8906,3.5547,1.9531,7.3203,39.734,4.0781
3.2031,9.1172,7.8906,3.7422,3.1094,10.711,40.164,6.6328
4.8359,13.734,7.7891,3.1406,2.6094,9.9375,44.445,5.8906
3.9063,15.398,7.4531,3.7578,2.4531,7.25,45.805,5.5078
4.8203,18.438,9.1094,3.4453,2.4297,8.3828,40.789,4.9688
3.6406,12.094,7.9375,3.0313,2.0469,7.6953,45.438,5.1484
3.7891,12.117,9.2578,2.8672,2.4453,9.3906,41.742,5.7969
3.7969,12.75,7.5859,3.5938,2.3672,9.0859,49,5.3984
3.2344,15.164,8.2344,3.1172,2.0156,9.4688,46.484,5.2656
3.2813,9.9688,8.6406,3.3828,2.4609,10.945,44.617,5.5781
4.2656,18.016,6.9922,2.8125,2.1406,7.1875,46.578,5.0625
3.375,11.797,9.4922,2.7813,2.3438,9.3906,43.703,6
3.3125,11.773,8.6641,2.8672,2.0156,7.8047,41.719,4.1016
3.1953,10.695,6.5938,3.375,2.6016,7.6797,43.719,4.9375
3.0703,8.9375,8.0234,2.6094,1.9844,8.5859,42.141,4.125
3.5469,11.195,8.5078,3.4844,2.4688,8.8984,41.539,5.9141
3.2422,12.172,5.6797,2.9688,2.1172,8.0156,43.266,3.3438
4.3984,12.766,11.922,2.7188,3.7891,16.906,49.25,8.875
2.6797,5.1953,8.7266,2.8203,3.5156,20.023,54.492,7.0313
3.4375,10.781,6.75,2.4844,3.3672,19.68,51.406,8.2266
4.4844,15.383,9.9766,3.1641,3.1406,15.031,53.266,7.2891
6,14.633,10.57,3.1875,3.7969,17.5,56.484,10.43
4.8125,13.805,10.32,2.9219,2.9297,13.891,55.813,6.5547
4.5938,11.344,8.9609,3.1328,3.6719,17.125,60.609,7.8516
5.3516,13.508,12.984,4.3047,5.0313,19.305,58.602,9.9766
5.7266,12.805,10.617,4.125,4.125,16.672,62.484,10
4.8516,16.133,8.9453,2.9922,3.2422,13.734,63.492,8
5,13.523,10.477,3.2422,3.6797,19.078,55.555,7.9375
3.6953,10.258,11.898,2.75,3.3594,18.18,50.477,7.3828
4.875,12.164,9.0703,3.1094,3.8438,20.039,51.219,10.008
5.3359,15.977,9.9453,3.3828,3.8672,17.148,59.992,11.188
3.8906,8.9297,11.047,3.2891,3.2969,17.313,57.734,7.3984
4.6563,11.117,12.203,3.6563,4.3438,20.047,59.586,8.5234
4.0781,14.273,11.313,3.0547,4.0781,17.68,65.125,10.773
3.8828,10.727,11.625,2.9844,3.3438,15.547,65.742,8.1563
2.9297,9.7969,10.281,2.4766,2.7734,14.258,49.852,6.7656
4.7969,11.82,12.125,3.3984,3.8906,15.828,58.086,8.0234
4.0469,9.8047,9.2656,2.8125,3.8594,17.477,64.352,9.3125
3.9297,7.5234,10.078,3.0938,3.7266,17.031,63.5,8.6484
3.7891,7.1797,10.789,3.6953,3.1484,16.344,68.109,7.8984
3.3281,6.375,13.672,2.8984,3.4453,15.719,61.617,8.6484
5.25,12.117,10.086,3.6328,4.1484,20.227,71.633,11.148
4.875,13.234,10.961,3.7578,3.4531,18.109,57.141,7.7891
4.5859,10.805,13.461,3.0156,4.0156,15.336,56.586,10.398
6.9063,18.086,10.258,3.8047,4.2188,20.148,61.172,11.031
5.1484,10.773,10.836,3.0156,4.1641,17.227,58.969,9.3516
3.6797,7.9844,8.7344,2.9375,2.8984,16.148,61.031,9.3281
4.7813,11.461,12.43,3.6172,3.9453,16.352,63.477,9.1953
3.5078,6.6406,7.5625,3.0156,4.5781,22.273,66.289,11.273
4.4219,8.4063,9.1797,3.5234,4.3594,20.141,72,11.523
3.8125,7.9531,10.156,3.3438,4.3516,23.141,72.328,12.734
4.9922,11.68,9.0547,3.1016,5.5938,26.383,73.258,14.398
3.8594,10.047,8.1641,3.1016,3.7031,17.57,82.094,9.7734
4.6094,8.8438,11.828,3.7891,4.2969,16.539,68.578,12.031
4.7031,8.7813,10.086,3.5469,4.4063,22.164,70.508,9.7188
4.2422,8.6016,12.242,3.1563,3.2031,17.039,60.578,9.6172
5.0859,9.2578,9.9297,3.2344,4.125,18.836,52.57,10.625
3.7969,9.0703,11.68,3.0547,4.0703,16.945,54.758,8.8516
5.6328,12.633,13.117,4.4375,4.1875,17.109,51.516,9.1797
4.5,8.5703,13.688,3.4375,3.9141,15.383,57.422,11.07
4.6641,9.5234,11.711,3.1719,3.9922,20.156,49.648,8.9141
4.125,9.1484,11.367,3.2109,3.5,19.469,63.188,8.0859
5.5859,14.008,12.844,3.6328,4.4297,18.188,62.961,11.141
6.2344,14.547,10.102,3.3359,4.0391,18.008,60.977,11.141
4.4141,10.742,11.617,3.5156,3.75,14.375,50.125,9.9219
5.7422,16.039,13.156,3.375,3.7734,17.078,62.258,9.5469
5.0156,10.445,13.781,3.3594,4.375,19.477,69.516,10.172
8.6797,42.727,31.406,14.625,4.4844,20.102,68.281,11.641
7.4688,45.336,33.992,14.414,4.6172,19.266,55.367,12.039
7.2891,45.125,37.211,14.805,4.7422,16.352,54.031,8.0469
11.25,58.313,38.023,17.445,4.1875,15.203,38.922,10.438
8.3203,42.023,45.031,17.602,6.1016,29.891,56.25,13.891
8.9844,38.953,50.484,14.047,5.1484,20.055,56.57,10.711
7.7031,40.117,42.086,14.938,4.5781,21.633,42.328,12.625
9.2656,52.188,47.289,14.32,4.8594,22.469,60.383,9.9688
9.3906,40.297,49.117,18.555,5.8594,23.406,44.477,13.742
9.4219,52.719,47.945,20.711,6.1016,26.844,42.234,13.938
9.3047,41.422,51.328,14.602,6.7266,30.852,48.359,16.305
6.8828,36.766,39.367,18.859,5.9219,23.383,50.25,12.258
9.3438,42.555,59.797,21.398,5.8906,27.344,48.5,12.586
7.8359,42.32,46.984,16.977,5.2656,25.078,44.305,13.547
8.8828,35.453,40.078,15.25,4.6563,20.367,50.914,9.5781
9.0234,42.289,45.766,17.656,5.1484,16.523,60.203,11.813
9.8984,39.258,36.75,12.141,4.5938,18.852,55.766,12.953
8.9922,39.109,44.188,17.195,5.7422,21.133,55.969,12.352
10.758,47.281,43.531,16.945,5.6953,23.367,56.461,14.711
9.3359,33.883,44.789,10.586,4.7734,21.008,52.664,13.664
8.8438,45.102,38.063,12.813,4.2031,20.742,58.844,13.953
8.875,34,35.758,16.063,4.0625,16.813,49.68,10.023
9.375,37.125,47.688,17.289,5.0234,21.188,56.039,14.531
6.75,37.813,31.664,11.914,4.6719,20.406,53.82,10.563
8.5781,34.563,32.82,11.016,3.8359,14.406,43.359,11.797
7.5234,34.578,43.141,10.047,4.7891,20.492,52.469,10.953
9.2969,45.898,39.523,11.258,3.9922,13.047,52.766,9.3203
7.4688,38.859,57.336,15.602,4.8594,17.625,60,11.938
8.8203,36.383,43.195,12.602,5.0703,23.297,65.977,14.602
7.4766,41.789,42.281,10.414,4.2969,17.844,49.047,11.672
9.0391,44.516,41.891,14.914,4.8281,19.18,56.055,13.375
7.4766,40.328,37.016,12.172,4.3438,18.531,45.016,8.9063
7.0234,46.883,34.977,14.141,3.6719,14.492,45.914,9.7422
8.2578,42.063,43.047,12.117,4.375,16.234,56.492,9.9844
8.9844,34.594,32.797,11.727,4.2969,18.133,50.563,8.0781
6.7578,32.852,32.25,8.4297,3.5547,12.492,38.266,7.8281
7.3281,31.391,36.188,11.805,4.0859,17.219,48.656,10.195
10.398,41.43,40.398,12.07,4.6797,19.039,55.766,13.688
8.1797,38.852,49.438,20.086,5.0391,19.18,57.836,13.258
11.648,46.641,45.281,18.109,5.5234,19.125,51.438,12.414
7.1406,35.75,35.336,14.969,4.1953,15.625,50.75,9.6328
10.07,36.938,44.047,15.586,4.8984,19.508,64,14.703
7.2813,38.766,42.109,16.617,4.6094,13.211,44.906,8.6875
7.4219,38.25,43.555,16.188,4.375,20.102,55.344,10.93
7.7422,32.508,39.609,12.742,4.2734,14.758,51.766,10.953
8.6953,41.594,44.078,16.836,4.5703,20.055,52.992,9.9141
9.3438,37.969,39.547,12.273,3.9844,19.344,55.789,11.5
8.0156,40.086,39.516,13.641,4.1172,12.672,39.211,9.2031
8.5313,44.234,37.453,13.867,3.9922,12.297,45.797,9.2969
8.9531,42.414,44.383,12.313,5.0156,21.047,53.625,12.563
11.281,46.242,56.563,15.125,4.4844,25.883,69.117,17.32
10.906,33.805,47.234,13.125,4.3828,17.727,51.031,15.555
11.953,41.898,47.133,13.992,3.7891,12.875,42.977,8.8203
9.3359,35.313,41.305,9.7734,3.9531,16.484,44.352,10.227
3.7891,7.25,26.742,8.2891,2.6172,4.5781,46.172,40.414
4.9922,8.625,25.875,9.6328,2.3281,4.4297,43.789,41.5
5.1484,6.8672,23.414,7.8438,2.3438,4.4922,52.078,44.625
3.5625,6.6875,21.148,7.0859,2.6875,4.1719,48.195,38.086
5.3594,9.6484,23.164,7.1953,2.3516,4.3125,52.453,45.641
6.0625,11.125,25.398,8.1094,2.7031,4.2656,52.68,49.133
4.7188,8.6172,24.359,8.0469,2.5078,4.5703,45.547,46.094
5.6016,10.461,27.906,6.8438,2.9844,4.8672,50.563,52.766
4.4063,8.5313,24.813,8.8203,2.6328,4.9531,49.414,40.914
6.0859,8.2656,26.461,7.5078,2.5078,6.0938,59.641,52.43
4.2656,7.5391,26.156,7.0781,2.4297,4.8516,41.828,35.859
4.75,7.3125,23.57,10.5,3.2578,5.8672,45.336,39.266
7.7031,8.0938,27.43,14.516,4.3672,7.0781,45.727,51.086
5.7813,9.2656,28.922,9.7734,2.9609,6.3281,67.266,46.633
5.3906,9.1094,24.133,7.9141,2.9141,10.352,44.547,40.383
6.5313,10.188,27.094,11.555,2.6797,4.9688,52.109,42.727
5.1016,10.602,31.039,9.2656,2.6328,4.3359,46.891,41.063
4.5469,7.1953,22.414,7.7891,2.5547,4.7734,40.164,40.359
5.8594,10.344,28.633,8.3125,2.9063,5.9609,54.328,43.859
5.8438,11.039,27.891,7.8438,2.3594,4.5313,51.688,38.297
6.5391,10.203,24.953,8.3672,2.7734,4.2422,57.25,59.258
6.125,8.0625,21.914,7.9141,2.7813,5.7422,46.195,43.344
6.3359,10.375,25.469,12.68,3.5,5.4375,50.109,37.914
6.0938,8.5859,23.289,8.9688,2.1328,4.2422,44.539,32.836
4.5469,8.3438,24.07,6.5625,2.9297,4.0703,50.68,36.773
5.2969,8.7188,26.742,7.8047,2.9375,7.6797,40.43,36.805
5.0547,10.586,26.313,9.3594,2.8359,4.5,45.867,38.922
9.4453,12.438,24.484,7.1719,3.0703,4.9688,46.719,41.102
7.9766,10.102,21.453,8,2.5156,5.3203,49.594,47.781
6.1719,10.359,37.758,9.7031,2.8516,4.5078,46.008,48.836
6.1953,8.3125,29.961,11.945,3.1016,4.7422,51.68,42.352
5.9141,9.4922,28.805,8.2891,2.5469,3.6953,44.391,42.555
5.8125,8.6406,24.141,11.75,2.875,4.6641,57.258,40.164
5.1328,10.516,29.516,9.0313,3.0078,4.3594,49.648,34.43
4.7734,10.172,26.469,8.0078,2.6016,3.5078,45.266,36.32
6.2578,9.3828,22.359,7.3828,2.9063,4.6172,43.594,37.297
7.2891,7.9141,24.063,7.5156,2.5625,3.9688,50.742,43.914
8.5859,11.453,29.875,7.9844,2.6719,5.7266,63.352,40.922
9.3438,15.539,38.234,11.531,2.7422,4.1406,48.938,58.18
7.5703,12.055,34.531,9.7344,3.2188,6.3125,73.055,57.625
6.5547,13.297,34.539,9.2422,2.9219,5.4141,56.977,42.234
4.5547,7.6875,23.953,7.9609,2.5234,4.5469,60.82,44.625
7.6484,12.078,27.945,8,3.125,4,56.758,49.672
7.2266,12.461,28.664,8.3516,2.7813,5.8438,60.992,41.172
7.4453,10.438,23.125,6.3438,2.9766,4.5156,50.859,45.164
7.8047,14.969,33.539,9.4609,2.9063,4.7734,56.234,50.242
6.6875,11.125,26.117,7.9844,2.8906,4.9609,63.492,46.289
5.7422,11.375,33.094,8.7031,2.6875,5.1172,58.805,41.961
7.5078,12.406,40.539,8.8047,2.5469,4.8203,54.133,42.164
9.8906,19.445,43.477,11.516,4.3828,6.0859,76.945,49.227
8.125,17.469,42.891,14.789,4.2656,5.2188,58.5,51.305
7.2109,9.8594,11.953,5.7969,2.6172,3.1953,33.523,60.602
8.6328,12.547,9.5313,5.9297,2.6875,3.375,36.586,61.75
7.4063,11.195,9.7891,6.2656,2.3594,4.0469,36.563,53.641
9.0781,12.469,12.688,5.6875,2.8672,3.9297,40.82,59.188
7.9219,13.078,11.844,7.5234,2.75,3.8125,43.852,59.711
7.1719,11.656,19.102,7.4375,3.3047,4.0156,43.953,72.43
9.4922,13.398,17.563,11.383,3.1641,3.8438,49.32,75.453
9.6328,15.953,18.336,11.594,3.9453,3.8672,41.828,59.109
9.3438,13.172,17.625,11.945,3.4844,4.2422,45.656,63.695
7.3516,11.57,18.352,9.0313,2.6406,3.2031,33.281,59.563
7.9531,13.297,21.961,13.18,3.2734,3.9453,41.133,64.742
8.4375,10.398,21.797,11.797,3.1563,3.4375,50.281,74.508
8.9375,13.172,19.547,9.2188,2.9531,5.2266,60.344,61.898
10.844,14.148,25.648,12.508,3.3125,4.5703,60.203,77.594
9.0469,13.219,18.828,8.3047,2.9375,3.8047,43.992,62.125
6.9531,10.609,16.234,9.8359,2.8281,3.1563,29.523,55.695
9.7109,12.664,19.805,9.7422,3.5313,4.4531,41.953,69
8.3203,13.148,21.93,12.539,3.25,3.8047,28.547,53.648
8.2344,11.094,26.594,12.289,2.7422,3.5313,52.938,66.18
9.3359,13.352,24.672,13.969,4,5.0078,60.078,66.445
7.8984,10.977,19.094,11.164,2.9688,3.7031,39.344,61.07
6.1563,9.1875,12.57,8.2031,2.6719,3.2422,35.25,52.453
7.8594,10.617,15.656,7.7969,2.7734,3.6953,42.484,60.359
9.125,11.906,14.469,7.7891,2.8672,3.5859,40.766,56.125
8.2891,12.852,11.797,8.7578,2.875,3.7188,45,52.555
7.3984,10.219,21.648,10.383,2.5859,3.8594,47.055,63.578
7.5859,10,12.672,9.8672,2.9922,3.3594,45.641,56.414
8.625,10.516,14.945,8.7266,2.8438,3.7188,40.117,63.641
7.1563,9.875,19.281,8.9141,2.9141,5.4766,63.398,60.328
9.2188,10.492,17.633,9.0859,3.25,4.7656,43.617,65.289
8.6406,12.367,15.453,8.0313,2.5625,3.3438,36.172,62.547
8.3906,11.18,18.023,9.9922,2.4609,3.0938,32.211,54.609
8.5156,10.32,11.109,7.4219,3.2109,3.4219,38.922,59.523
8.6094,11.773,9.7578,5.6875,2.3359,3.7109,40.867,60.578
9.8047,16.484,16.359,9.3594,3.125,3.1328,35.539,67.32
8.1172,11.328,14.094,10.672,3.2891,3.6563,40.43,59.758
7.5625,10.914,15.82,9.9531,3.5,3.5156,38.195,53.078
8.1328,12.75,13.211,9.4297,3.1953,5.9141,47.102,57.406
10.766,13.539,16.797,10.898,3.3438,6.5781,66.133,61.406
9.2109,9.3047,19.742,11.688,2.8203,3.4531,38.828,60.734
8.3594,10.234,20.898,9.9219,3.0547,3.9766,50.844,60.898
9.7656,9.9844,18.75,10.383,3.0781,3.7656,43.258,63.648
9.1797,9.8594,19.547,11.875,3.3984,4.8672,52.797,67.938
9.7578,9.2109,17.234,10.82,2.8984,4.3047,48.445,61.563
11.289,11.352,21.359,10.586,3.0703,3.5234,36.75,56.648
8.7031,9.4688,18.063,12.188,3.7656,4.2969,42.445,54.633
8.1563,9.7656,22.414,10.414,3.5391,3.625,40.695,48.75
8.3281,7.4922,15.789,10.188,2.8438,4.4219,51.852,58.141
9.0469,10.625,21.711,9.7969,2.9141,3.8047,52.328,62.547
7.5859,8.125,23.625,11.266,3.4531,4.4375,50.141,55.18
9.125,9.9844,21.438,11.516,3.5469,4.9609,61.055,64.664
2.7266,13.453,12.609,3.7422,2.8984,4.5547,3.6094,2.7188
2.2266,13.148,10.18,3.6875,2.7578,4.3672,2.6094,2.0703
3.6172,13.68,15.977,4.7969,5.0781,7.7109,7.4219,4.8984
3.7969,13.438,12.461,4.1094,4.0703,6.5078,15.172,6.2734
3.4375,13.641,14.695,4.4063,4.3281,5.75,5.6875,3.2031
4.4531,14.813,17.344,6.3516,4.6641,6.4375,7.5,4.2266
4.4844,14.727,14.008,5.5469,4.9219,8.0781,20.086,8.4844
3.6016,13.891,12.391,4.6563,4.1172,3.9609,2.8438,2.6563
5.2578,13.375,16.211,5.4609,4.5625,8.2891,17.547,8.6641
4.5469,12.734,12.82,5.2266,4.5156,8.3047,21.922,9.7891
8.5859,5.3125,25.742,8.2266,6.2344,14.492,30.797,16.68
7.2422,4.1406,20.18,8.0781,4.4219,7.8281,26.57,13.203
8.0078,4.0938,26.227,9.1953,5.1406,9.9219,39.289,16.898
6.9453,4.8203,15.5,6.6094,3.8359,10.375,38.617,19.984
9.0156,5.3594,25.477,8.4453,4.2266,8.1094,29.391,15.969
5.5781,5.0391,14.148,5.5938,3.3984,7.1563,25.969,11.453
6.7344,4.0859,18.852,5.8984,3.3984,7.4141,24.852,11.797
5.1484,5.875,16.164,5.1953,3,6.25,18.625,9.5
6.7422,5.9297,15.93,5.2344,3.0859,6.9531,26.109,12.375
5.3047,5.4141,13.875,5.3359,2.7578,6.2188,21.023,10.852
3.6016,6.2891,10.484,5.5234,2.7266,7.8047,24.164,7.4063
2.8281,5.0234,7.4063,5.8438,3.2266,5.9844,17.57,5.8906
2.3828,4.7578,7.6719,5.3828,2.3516,5.1094,15.766,5.1953
3.1094,6.3125,10.234,6.0469,2.5703,6.0859,21.203,6.4219
2.7734,6.3906,9.7578,5.0938,2.8828,6.1797,20.727,5.9219
3.125,5.9063,8.8359,5.5625,2.6094,5.0703,17.563,5.7344
2.9766,6.3906,10.203,5.5313,2.4922,7.1797,25.414,7.6797
2.9297,5.3125,9.1172,5.3594,2.5547,6.1797,21.547,6.3594
3.4609,7.3828,10.602,5.8438,2.4844,8.1797,26.617,7.7578
3.1016,4.9375,9.2188,5.9219,2.3516,6.375,21.383,6.6719
4.5234,29.398,18.766,3.4531,3.0703,12.789,34.797,7.5547
3.5313,16.367,7.9453,2.7891,3.0781,9.3203,28.992,4.8984
3.3438,17.945,8.6797,2.6094,2.6641,10.313,34.07,4.4141
3.8281,19.086,6.5469,2.8828,2.5781,8.4766,35.195,4.6719
3.4375,15.273,9.6094,3.3281,2.5234,9.2266,33.367,4.6875
2.8203,15.023,9.5078,3.1172,2.3672,10.383,35.281,5.2344
2.8906,13.813,8.6719,3,2.3438,9.0938,29.094,4.6328
2.8438,14.578,5.2109,2.8672,2.4453,7.5156,34.641,3.8359
3.3828,19.555,5.3672,2.5938,2.9297,8.4375,31.398,4.2578
2.6719,12.719,8.9453,2.7969,2.3984,7.4531,32.242,3.5234
2.8516,15.781,5.6719,2.7109,2.2813,6.5547,27.219,3.2969
2.6953,14.508,5.2109,2.8672,2.4922,7.6875,33.133,4.4766
3.1953,14.055,13.547,3.0391,2.9063,9.2031,36.281,4.2266
3.2734,17.227,14.242,3.2266,2.7031,9.4219,36.484,4.8984
3.0547,13.766,9.1641,2.4063,2.2813,9.3672,31.18,7.1719
3.1797,14.977,9.4531,2.4453,1.8203,7.2109,28.539,3.7969
3.0703,13.234,4.7422,3.3281,2.5547,7.6094,32.477,4.0938
2.8125,16.422,4.9844,2.9219,2.5234,7.2813,35.75,4.2422
3.1875,13.695,5.3906,3.0625,2.0547,7.4531,31.086,3.5391
3.2344,17.352,7.7891,2.875,2.8125,7.875,29.523,4.5938
7.3594,6.2969,12.289,15.109,4.3672,3.7344,12.93,7.3047
7.0156,7.2266,23.758,20.133,4.8047,3.2344,6.7656,5.7109
5.5859,7.6328,20.516,18.508,4.3047,3.5781,11.992,7.1484
5.1641,4.8281,9.3828,13.234,3.2344,3.4766,11.266,7.4375
4.6641,5.1094,12.555,9.7109,3.6406,3.1641,10.906,5.4688
6.9609,6.5313,21.555,18.406,4.2266,4.1094,13.875,10.469
5.3828,4.8516,15.422,12.711,3.3906,3.2266,10.234,6.2969
4.8984,4.5703,11.141,15.563,3.5156,2.3594,9.4063,5.0625
6.1094,4.3984,15.773,16.469,3.2813,3.5156,10.438,7.2031
3.2656,5.0859,9.2266,15.422,7.0156,2.8281,8.9219,10.563
3.7422,4.875,7.7188,17.141,8.3438,2.5156,6.2656,11.75
4.1875,5.8125,13.336,20.75,7.6641,3,7.3672,11.531
3.2031,5.6172,10.281,19.703,7.0469,2.375,7.8594,9.2891
3.5547,5.2813,5.7813,14.43,6.7109,2.4219,6.7422,10.211
3.0547,4.9063,7.0938,16.211,7.2578,2.6641,6.2656,7.8359
3.5234,5.2266,4.5078,12.68,5.9922,2.2813,5.9141,10.438
3.5703,4.3672,6.8828,20.828,7.4063,2.5547,7.1484,10.922
5.0938,5.4531,6.1719,17.93,7.1797,2.9844,6.4922,9.2734
3.2656,5.1484,5.7578,18.367,7.0313,2.4297,6.7344,6.5859
5.0625,14.055,7.4844,9.5156,4.0078,6.8281,10.805,3.6641
4.7891,6.9766,5.4219,7.8906,3.6797,7.1172,11.688,3.5938
5.2266,7.2031,6.1172,8.7969,2.7578,7.5078,11.164,3.8047
3.9531,5.5625,5.7969,9.0469,3.1641,7.0313,12.25,2.7891
4.2344,5.5625,6.2969,8.3828,2.9766,6.7813,11.352,5.125
5.0781,7.25,5.6172,9.2188,4.6563,7.8516,10.281,3.7109
4.2813,6.1094,5.2266,8.0391,3.0859,7.6172,12.313,5.0078
5.1406,9.1563,7.875,8.7422,3.8594,8.2578,13.492,4.7891
5.6094,7.4375,6.5938,9.4609,4.1953,7.2734,13.461,6.1719
5.2031,7.5156,6.1953,8.6484,3.9688,8.0469,14.234,5.7813
5.7813,10.891,26.398,13.969,6.3125,11.023,36.047,15.117
4.6719,6.2266,17.797,10.008,5.7344,7.3203,30.297,13.43
3.9141,13.445,22.031,12.242,5.9297,9.8594,28.781,10.297
5.0156,11.531,31.953,17.164,6.3984,13.398,28.242,12.797
4.0859,6.2266,19.297,13.063,6.125,9.1563,28.094,10.688
4.2891,7.5859,21.859,15.625,5.6641,11.07,26.977,9.5234
3.3828,9.5703,22.305,15.414,5.4688,8.9609,27.594,7.9141
4.5547,9.0391,26.906,18.648,5.4844,8.5234,24.383,8.5781
3.3828,8.2656,24.016,11.641,5.7734,6.5781,23.898,8.0938
4.2969,8.0313,28.477,14.289,5.1719,11.414,32.727,11.453
5.0781,8.3359,22.75,15.531,6.8594,11.125,38.758,13.195
4.8594,9.8281,25.68,16.273,5.5469,9.4766,27.016,10.344
5.5938,9.4453,35.883,18.203,6.6094,9.625,30.047,13.844
4.4844,7.5703,27.82,15.32,5.3594,7.9688,25.664,10.102
5.5234,9.2188,28.422,14.797,6.4297,9.7344,25.156,10.922
4.5781,7.3672,22.797,15.602,5.5859,8.6797,28.883,11.328
5.5859,7,28.469,15.266,6.0781,12.484,27.156,15.195
6.3438,9.5,32.344,14.055,6.2891,9.7969,27.141,13.195
5.2109,7.8359,29.539,16.359,5.9844,7.5469,25.578,11.523
5.0234,5.8438,30.453,15.594,5.8516,6.8828,20.875,11.617
4.7031,20.883,24.398,6.4844,3.7422,15.164,61.984,13.281
4.2578,21.461,25.57,5.5859,3.5391,14.336,60.258,13.32
5.6094,22.82,22.578,6.2188,3.4453,17.039,68.969,12.188
6.4219,34.961,28.039,8.1719,3.7578,15.398,72.477,16.898
5.6641,26.18,22.438,7.1406,4.0938,15.258,80.68,19.422
8.9297,43.516,33.164,8.6172,5.2891,18.531,84.141,22.086
5.6797,22.625,29.695,7.6094,4.2969,15,90.578,18.797
6.4766,37.898,33.75,9.6563,4.9922,15.258,76.234,22.438
5.7266,30.359,24.609,6.1328,4.7188,18.813,90.844,17.703
5.6563,25.773,16.961,5.5938,4.0234,13.5,88.07,19.078
5.125,25.055,21.945,6.4375,3.7813,12.43,75.281,13.828
3.6172,21.68,16.133,4.4297,3.1719,9.5469,71.25,11.641
4.0703,25.578,20.727,4.6328,3.9453,15.477,82.75,15.797
7.7031,23.414,15.852,4.7578,3.8438,10.961,90.586,17.453
5.1953,24.945,23.977,7.3281,3.5547,12.898,90.516,15.539
5.5078,27.594,20.266,6.1016,3.5156,14.242,101.66,20.641
4.5938,22.961,39.75,8.8984,3.6094,14.258,78.93,15.867
4.1172,21.117,14.609,5.375,4.0703,14.578,70.289,12.805
4.3828,21.953,17.117,5.1875,3.2813,14.891,77.367,12.602
4.4063,23.938,16.25,6.0156,3.9063,10.656,82.391,10.898
7.0156,33.633,21.492,6.8984,4.6875,10.914,77.117,15.461
4.7188,5.2578,9.9844,2.9453,2.5938,3.0156,17.57,22.469
5.5547,9.2813,14.172,3.5625,2.6094,2.7891,16.57,22.32
4.5469,5.9531,18.93,3.8594,2.6094,2.4609,18.578,22.43
4.1172,5.8984,12.695,3.0391,2.5938,2.6094,17.594,20.898
4.8359,4.9453,14.438,2.9141,2.2578,2.9609,18.797,24.625
5.8594,6.0234,14.492,3.5703,2.5313,3.2188,20.398,25.93
4.0469,5.0469,14.891,3.4609,2.3438,2.6016,16.578,18.969
5.2813,4.8906,13.086,3.0313,2.5313,2.8828,18.164,28.656
4.875,5.5391,13.758,3.3594,2.4141,2.6719,20.883,29.047
5.2266,6.1172,9.6953,3.0078,2.3516,3.0156,19.664,27.906
6.1641,5.6094,16,3.2031,2.4844,3.1875,20.141,28.617
5.1484,6.7813,15.328,3.2969,2.1875,3.0547,22.992,30.422
5.0859,4.4375,17.445,3.2422,2.5703,2.6563,24.453,29.922
4.2891,5.1719,21.891,3.6484,2.3203,2.5703,22.445,24.641
4.7969,5.8281,16.422,3.75,2.6016,3.0234,21.617,24.742
5.75,18.656,17.922,3.3828,2.7188,2.9688,21.727,24.109
4.3516,6.1016,12.719,3.6563,2.5313,2.4766,15.688,19.109
5.1641,7.1953,18.805,3.3906,2.3203,2.5859,15.992,22
5,6.6328,16.641,3.25,3.0313,2.6719,16.305,20.773
4.8672,5.6875,16.117,3.6719,2.0547,2.8672,21.469,28.422
5.4688,5.6094,18.008,3.6484,2.5703,2.9609,17.773,24.789
4.5156,7.1719,14.641,5.0547,3.2422,3.0781,16.297,23.602
3.8438,5.7188,15.594,5.2422,2.7031,2.8359,15.969,21.617
3.8125,4.625,13.836,4.5156,2.4844,3.2109,13.234,22.422
3.1797,4.7266,11.586,4.4922,2.1563,2.9922,15.188,17.648
3.3281,3.6797,9.5938,4.2188,2.2266,2.5,14.789,17.727
3.2031,3.7188,15.18,4.1875,2.2188,2.6719,13.945,20.398
4.3359,4.8281,11.383,3.6406,2.6094,2.8281,14.219,20.805
4.5156,5.8984,14.242,5.3125,2.2422,2.7188,13.953,25.305
6.4375,9.7344,12.031,5.2109,2.8281,3.2969,16.07,22.5
5.0781,4.7188,13.539,4.5,2.5781,3.4063,16.648,22.648
4.1016,4.7188,15.898,4.2813,2.6953,2.9297,16.844,22.383
4.1563,6.2578,11.234,5.25,2.4531,2.6641,12.008,19.297
4.3281,4.9375,14.461,5.0703,2.5703,2.5938,14.805,18.836
3.6328,4.3516,13.859,4,2.1719,2.7813,14.516,17.055
3.8672,3.9531,12.859,4.2969,2.625,2.7109,13.273,19.055
3.1172,5.7188,14.813,4.6484,2.8438,2.7969,12.031,17.648
3.3438,4.7188,14.664,3.9609,2.9531,4.0703,15.117,19.031
4.5703,6.4688,21.258,4.7656,3.3125,3.1641,16.352,26.609
4.1328,5.1328,15.57,5.3359,3.2578,3.2813,14.797,18.617
3.5234,5.0859,17.039,5.6094,2.8906,2.8828,13.883,26.5
4.3281,5.5,13.469,4.7109,3.0234,3.3906,16.156,21.688
4.5859,6.4766,14.063,5.0547,3.1016,2.9531,11.727,21.008
5.1797,5.2109,10.102,3.7266,3.2266,4.5859,30.453,25.984
5.5391,5.5781,8.3281,2.7031,2.75,4.7813,21.336,29.547
4.4063,4.4609,6.9922,2.2031,2.3594,3.6016,21.844,19.242
7.5234,6.9609,7.1563,3.3828,3.1797,5.9922,31.859,37.023
10.586,9.3828,7.9219,3.2578,3.3359,5.1016,38.656,42.734
6.8516,7.3281,7.75,2.4453,2.8594,6.0781,35.555,31.648
10.234,9.2656,7.2891,3.2734,3.1094,5.125,36.242,41.18
7.2344,7.3828,6.875,2.7813,3.125,6.3281,30.188,27.453
8.4609,8.3047,7.625,3.2266,3.0547,3.9688,27.422,37.352
6.7891,6.8438,7.8125,2.3516,2.7813,4.6484,20.93,28.563
7.3359,7.0859,10.039,3.5625,3.1484,4.4922,30.836,29
7.1406,6.7422,9.5391,4.3359,2.9297,4.5313,32.984,34.578
6.0234,6.4844,8.0469,4.1641,3.0938,3.5313,21.492,22.883
8.9453,9.1875,7.0547,3.6719,3.1563,4.4063,28.383,30.148
8.4453,9.5391,10.086,2.9766,2.9297,5.2344,31.398,34.18
8.0703,8.7422,10.844,3.1563,3.1797,3.9375,28.383,31.07
5.8906,7.0938,10.93,3.8281,2.5938,3.9297,22.883,32.922
5.4766,8.2266,9.9922,3.9063,2.7188,4.1016,23.609,24.141
4.6797,3.8203,7.2109,2.9063,2.8281,4.1172,23.734,31.383
6.1016,5.7109,7.3828,3.1406,3.0859,4.0469,32.391,36.492
3.1406,6.375,13.844,11.016,12.664,4.8984,33.063,17.313
3.2422,3.9297,13.477,8.5078,9.8438,4.2578,24.945,15
2.75,5.2969,13.656,10.125,11.406,4.1563,22.422,12.406
3.2734,4.4922,13.945,9.7656,12.445,4.6641,24.352,14.961
2.7188,4.2188,14.961,9.7188,13.289,4.5703,15.781,13.539
3.0625,4.6953,17.43,10.391,14.43,5.2969,29.469,16.5
2.4063,4.8672,16.828,11.672,14.508,4.0313,21.25,13.313
2.2266,3.0781,11.813,9.4688,12.25,5.3516,25.555,11.531
3.4531,4.1484,12.898,9.6641,11.797,5.9453,27.18,16.453
3.3984,5.8906,16.234,9.9688,11.344,4.2031,26.195,13.68
2.3047,3.2813,13.172,9.5078,12.641,3.6016,18.469,9.9063
2.8516,4.4375,18.016,9.0313,10.492,4.8672,28.008,15.352
2.8828,3.6406,14.641,10.266,12.172,3.8828,18.32,13.43
2.7891,3.9453,14.273,8.9609,13.125,3.8438,24.375,11.211
3.1406,3.8203,14.82,9.8672,14.211,5.0547,21.68,14.781
2.9766,4.6953,18.766,10.086,13.43,3.8828,24.547,13.125
3.0547,3.9766,16.953,11.594,12.398,4.8359,28.805,11.773
2.8281,4.7266,14.594,9.8828,11.922,3.8203,22.594,13.648
2.6641,3.8203,16.883,9.5391,12.438,5.5391,30.164,12.789
3.4453,4.5313,16.844,10.031,13.133,5.4844,35.477,17.602
7.0313,9.0859,17.336,9.3516,3.8438,4.1016,18.375,27.102
7.4688,10.672,16.68,8.1797,4.4141,4.0469,19.875,23.102
9.2109,12.648,18.609,8.9453,3.9609,4.2422,20.445,28.766
8.6953,13.852,20.164,9.3828,4.2656,4.7969,22.5,29.445
9.8906,12.445,20.141,9.8828,4.5078,5.0391,21.117,23.922
9.2813,13.344,17.055,8.5,3.8516,3.9922,21.82,28.953
9.1797,16.141,15.375,7.6328,4,3.3828,15.031,22.398
8.5469,13,15.711,7.8047,3.5938,4.1875,20.602,26.672
9.4844,15.813,20.844,9.6797,4.2969,3.9453,19.063,23.75
10.625,14.313,20.133,9.0547,4.0625,4.6094,20.125,31.539
11,13.617,16.625,8.7813,4.5781,4.3438,21.516,26.898
11.164,14.078,21.336,9.3672,4.875,5.3438,24.984,31.367
9.2969,14.875,19.039,9.9453,4.9063,5.0781,26.211,35.359
9.9609,14.445,19.273,8.1406,4.4063,3.7031,21.727,29.148
10.117,11.086,13.773,7.9375,4.0391,3.8047,17.609,26.234
9.5703,12.188,16.711,8.6797,4.2813,4.875,24.227,25.367
9.125,10.984,14.875,7.5938,3.8672,4,14.813,19.891
10.563,17.227,19.57,8.9219,4.9766,4.7266,22.516,22.758
10.258,14.055,18.883,9.0625,4.5313,4.5313,20.008,26.438
12.867,15.234,18.828,8.9219,4.7266,4.4688,23.945,31.367
5.4844,11.367,17.617,9.1953,5.375,4.8516,30.883,29.32
6.3281,11.219,14.219,8.9063,5,4.2734,24.695,22.969
5.8438,11.383,15.938,7.9844,5.4609,3.6563,19.641,24.758
6.1641,12.828,15.352,8.75,4.9531,4.0625,22.711,18.789
8.3125,14.719,22.039,15.688,8.4297,5.0781,20.336,26.398
7.9063,17.703,17.547,11.281,6.2031,4.5391,24.172,22.508
7.1953,20.5,17.922,8.6406,5.1484,4.8984,24.273,22.789
6.7969,14.703,13.234,6.8516,5.1016,4.4063,22.461,20.547
6.3125,14.648,15.438,9.5078,4.7656,3.375,18.953,18.984
6.5078,12.477,14.75,8.8906,4.9219,4.2344,22.273,19.156
7.25,18.695,19.313,8.9766,5.4453,5.7656,21.594,18.641
5.8203,12.57,13.969,9.1953,5.1875,4.9609,29.125,21.117
6.0781,13.883,11.953,8.0156,4.6797,3.9844,22.492,19.898
4.5625,11.57,11.719,6.5938,3.6172,3.4063,16.156,13.789
6.5156,15.844,16.211,9.875,4.9609,4.3438,19.93,21.648
5.7266,10.68,14.297,7.7891,4.5625,4.5391,24.664,22.305
5.1016,9.3828,11.852,9.3906,4.5859,3.5469,18.141,19.547
5.3594,14.125,13.805,7.875,4.4844,3.375,14.578,15.234
5.5313,14.75,14.195,8.0938,5.2344,4.0703,22.094,17.391
5.1484,11.75,13.641,7.2422,4.375,3.5781,20.352,18.828
4.9219,12.25,13.391,6.8594,4.0859,3.7031,23.375,18.203
5.2344,9.9297,12.563,7.5391,4.1953,3.7188,22.023,17.195
6.0625,11.633,14.969,8.3281,4.8516,4.1953,22.43,20.828
6.25,12.617,16.852,9.6797,5.4609,4.9844,27.25,16.969
9.6016,8.8516,12.18,8.9688,6.8125,5.3828,28.867,43.547
5.3594,7.3906,6.4063,6.7344,5.0938,3.2578,15.375,21.984
5.8281,7.3438,7.5781,8.1328,5.6328,3.1797,16.891,26.281
5.5469,6.0469,7.7266,7.5859,4.3359,3.3281,15.922,28.258
6.9141,8.2109,8.0469,9.3594,5.1016,3.4453,18.563,32.055
5.0469,6.8516,9.1016,8.25,6.0703,3.6016,16.711,22.945
5.3359,7.8359,9.2266,9.6797,5.7266,3.1641,16.922,23.953
6.3359,10.531,12.234,12.023,6.5391,3.5859,19.992,28.539
4.8359,8.7188,10.563,9.9766,5.8984,3.3828,17.32,21.141
4.6484,9.3984,10.359,8.7188,5.3516,3.375,18.547,22.406
6.4375,9.1328,13.781,11.523,6,3.8828,17.273,23.648
4.4531,7.8281,8.9609,9.75,5.2656,2.7969,13.922,15.008
5.6016,9.0703,9.6641,8.3125,5.6875,3.5313,18.125,23.539
5.5938,10.711,11.703,12.117,5.8359,3.0391,14.922,20.094
5.9063,9.1484,11.148,8.9141,5.2188,3.1563,14.758,20.156
5.9531,9.2656,10.539,6.6641,5.0391,3.2109,16.008,21.008
8.1328,14.75,15,9.5703,5.5,3.3906,18.047,23.57
7.4766,10.68,13.5,8.9375,6.1328,4.0234,20.063,30.914
7.3594,10.422,10.531,8.9688,6.7344,4.3828,20.453,28.742
6.7109,11.375,13.422,9.6094,6.4219,3.8203,22.18,25.109
4.7109,8.6797,9.25,8.5234,5.1563,3.1094,15.742,20.203
6.2344,10.344,10.805,9.2969,5.1641,3,15.438,22.805
5.9766,13.75,14.172,10.109,6.625,3.5547,16.063,22.523
6.1797,12.5,12.93,10.758,6.9922,3.8906,18.734,27.453
5.8047,14.617,14.422,10.5,6.4063,7.5781,18.813,13.258
7.3047,17.195,17.938,9.4063,6.7578,6.0234,15.852,16.094
7.1016,18.305,18.305,8.3359,6.2344,6.1016,17.375,18.5
8.3906,18.508,20.891,10.672,8.3906,7.9922,19.438,20.875
6.1719,15.344,15.852,7.8438,6.4063,6.6172,18.758,15.609
6.7422,18.414,18.617,8.8047,6.8672,6.0781,18.875,14.578
6.2734,15.688,16.219,8.7422,5.8672,6.2344,16.609,16.016
6.3984,16.523,17.367,9.6406,7.0391,8.0234,15.898,14.125
5.2578,13.961,16.516,8.0547,5.8125,5.7031,17.094,15.641
6.8281,17.398,14.063,7.7656,6.3828,4.6641,17.977,15.531
6.1875,16.633,16.625,7.5859,5.3594,5.3516,14.859,15.148
6.8203,15.57,15.406,9.3125,6.2813,5.1563,17.578,16.805
5.2266,14,14.508,6.3047,5.8125,6.2266,13.477,13.539
4.6172,12.188,11.117,5.7891,5.3203,4.3359,14.68,11.461
6.1797,17.008,16.758,7.5938,6.2109,5.4219,16.75,14.227
4.9766,13.727,14.82,7.1563,6.1953,5.4922,16.555,14.055
6.0938,15.414,14.797,6.6641,5.875,6.6484,20.164,14.969
5.5313,13.328,18.156,8.9375,6.0938,6.4844,14.289,15.703
5.75,13.563,16.531,8.2266,7.0703,6.0156,15.734,16.258
6.7813,16.898,15.141,9.0156,5.9766,6.0859,20.063,16.805
6.6094,19.25,15.938,3.3438,2.6094,12.836,70.477,22.961
15.922,16.43,13.297,2.7656,2.8906,9.9063,51.5,12.633
15.969,23.891,12.211,3.5859,3.1172,14.016,59.922,22.719
12.172,23.82,19.203,3.9063,3.2344,10.375,51.539,17.539
15.719,32.813,18.359,3.5234,3.5234,20.031,48.422,27.953
16.156,25.25,15.992,3.9453,3.6797,15.93,54.234,26.016
15.594,28.102,14.242,3.4219,3.2578,14.305,56.023,18.188
18.961,29.438,11.211,3.0938,3.3281,10.906,45.18,14.047
18.672,28.656,12.445,3.0625,3.2031,17.258,58.117,23.234
14.242,31.734,17.211,4.1563,3.4609,12.641,45.281,17.5
13.078,27.867,14.695,3.2422,3.3438,13.258,50.727,19.852
15.68,38.875,20.977,3.6406,3.8594,15.563,57.75,25
16.977,30.203,17.813,4.1641,3.6875,17.172,47.109,18.078
13.852,32.609,23.266,3.75,3.7109,16.75,45.078,19.266
10.391,26.758,19.188,3.0859,3.3828,17.453,55.688,21.734
9.4375,28.766,13.883,4.3672,3.2031,13.734,55.352,20.664
17.664,33.109,16.547,4.0625,3.6953,13.391,56.242,20.617
15.844,27.828,15.43,4.0313,3.9531,15.016,45.438,21.766
13.773,28.016,13.648,3.6797,2.9219,14.57,41.117,17.484
13.977,34.07,21.039,3.875,3.4453,13.914,51.867,22.891
14.914,21.664,35.727,4.0469,2.75,16.617,56.508,22.625
14.547,20.664,33.477,5,3.3203,27.813,64.211,27.094
13.297,17.672,27.828,4.1953,3.2578,18.398,55.945,29.859
13.07,19.016,32.719,4.0938,3.25,16.422,55.914,23.266
12.633,24.313,34.648,6.1016,3.8047,20.852,57.156,31.672
13.633,26.133,42.648,4.7344,2.4766,18.656,45.547,28.109
13.711,19.805,25.25,3.4297,2.5859,11.969,46.594,24.445
8.7266,11.477,28.305,4.0078,2.7188,11.023,59.289,24.523
9.9063,19.203,41.461,5.3203,3.6641,20.055,62.953,25.484
14.102,25.188,33.055,5.3125,3.0234,13.625,58.063,30.141
14.977,19.133,32.234,4.3828,2.8125,18.469,60.258,24.781
14.609,26.906,30.984,4.4219,3.25,16.133,57.336,25.773
15.375,22.352,40.391,4.3672,2.9531,15.258,57.781,25.93
12.539,21.578,22.547,4.3047,2.7344,13.984,56.477,26.68
9.1406,17.422,22.969,4.3125,2.5234,12.211,47.32,20.945
14.781,26.469,25.578,3.9922,2.8359,20.211,59.742,33.563
16.273,22.695,28.953,4.6797,3.2422,14.703,58.703,29.203
14.422,21.75,29.633,4.7656,3.3516,14.961,59.695,27.289
15.992,26.313,45.5,6.25,3.9141,20.93,55.922,31.492
15.742,30.133,33.75,5.9453,4.2422,19.711,58.703,27.391
13.82,17.5,11.805,4.0234,4.9844,37.398,74.156,20.07
12.695,17.602,17.055,3.7578,4.7109,36.445,75.063,19.117
14.555,21.711,17.875,3.9609,4.3359,29.742,57.375,13.883
15.867,22.406,19.258,4.5391,6.7422,36.563,53.57,16.07
14.406,19.102,8.5469,3.3047,6.7422,35.109,63.852,18.891
10.625,11.398,12.422,2.5781,4.6406,31.414,61.094,9.8125
12.703,10.711,8.4531,3.0234,5.0078,37.289,63.672,17.297
9.4219,15.758,15.242,3.9609,4.9141,35.602,74.813,15.313
12.336,15.359,11.977,3.4453,5.3359,35.992,66.047,14.555
10.625,15.094,12.789,3.9063,5.1328,38.531,64.781,16.125
10.445,11.82,9.0859,3.0313,4.6641,24.328,67.82,13.891
12.625,13.859,10.492,3.1797,4.4375,34.211,63.805,16.727
16.891,19.992,18.43,3.9219,6.7422,50.836,79.906,21.977
12.289,16.18,15.367,3.4844,4.8438,36.289,70.508,16.063
12.781,17.078,14.398,3.6719,5.8281,41.406,63.555,17.305
13.453,19.813,15.047,3.7188,5.8672,44.359,70.898,21.883
13.805,18.914,17.367,3.7422,5.7969,56,67.492,16.148
15.258,27.109,15.758,5,6.25,43.773,60.57,17.563
13.18,20.82,18.117,3.5938,4.6563,30.719,83.125,17.406
15.141,20.938,20.016,4.1328,4.5313,31.703,62.461,14.727
7.0078,23.234,41.289,6.9609,3.8203,22.32,56.555,23.523
6,20.242,36.258,6.2734,4.4844,23.398,58.164,23.266
5.6953,15.867,28.539,5.7188,3.1328,13.906,66.547,30.203
5.2969,16.453,21.203,4.7031,3.4531,15.313,57.836,17.438
9.0938,25.938,24.688,5.1563,3.2734,15.453,57.609,14.57
7.8047,18.711,26.063,5.4375,3.3906,19.516,59.18,27.047
6.9688,26.813,26.211,5.9063,3.6563,13.188,74.039,25.586
5.1484,24.438,28.711,6.2813,3.3281,21.57,56.516,18.117
6.4531,17.68,23.016,5.6406,2.8438,12.625,58.688,20.055
7.3281,25.555,27.305,6.7969,3.5469,12.93,62.469,23.836
4.3438,18.867,26.219,5.2266,3.1875,12.055,56.375,19.461
5.375,18.367,24.633,6.3984,3.2813,9.2891,61.508,18.914
4.6641,22.969,25.844,6.4609,3.3672,12.07,61.102,17.273
7.1641,32.258,29.531,6.8828,3.6797,17.797,63.273,23.242
6.2578,25.555,26.234,9.5156,4.3594,13.367,59.406,14.18
7.4844,23.766,25.414,6.4063,3.5938,15.539,62.953,30.344
7.1641,22.703,25.734,6.1172,3.6328,13.734,58.797,21.227
6.3984,23.648,28.922,6.8438,3.1563,12.156,57.352,21.977
5.9688,24.039,23.734,6.6563,3.4375,12.156,70.367,20.734
6.2578,21.383,32.688,6.7031,2.7969,10.531,58.242,19.211
